Order_ID,Order_Date,Customer_ID,Category,Region,Sales,Quantity,Discount,Profit,Order_Month,Order_Weekday,Net_Sales,Profit_Margin
ORD-0,2024-02-16 04:41:39.649824,CUST-0215,Office Supplies,North,115.23,10,0.0,84.17,2024-02,Friday,115.23,0.7304521391998612
ORD-1,2024-06-16 19:14:01.020510,CUST-0082,Furniture,West,224.49,7,0.1,1.97,2024-06,Sunday,202.04100000000003,0.009750496186417606
ORD-2,2023-11-11 01:22:07.263631,CUST-0223,Furniture,South,378.47,10,0.0,89.83,2023-11,Saturday,378.47,0.23735038444262424
ORD-4,2024-02-17 15:45:06.753376,CUST-0273,Office Supplies,West,215.62,4,0.1,-2.0,2024-02,Saturday,194.05800000000002,-0.010306197116326046
ORD-5,2024-02-04 20:59:54.597298,CUST-0014,Technology,South,28.73,11,0.0,4.18,2024-02,Sunday,28.73,0.1454925165332405
ORD-6,2024-09-21 13:47:41.630815,CUST-0159,Office Supplies,East,462.75,6,0.0,-28.33,2024-09,Saturday,462.75,-0.06122096164235548
ORD-7,2024-01-17 06:00:54.027013,CUST-0152,Technology,West,272.6,3,0.0,-58.82,2024-01,Wednesday,272.6,-0.21577402787967717
ORD-8,2024-08-21 04:03:28.904452,CUST-0108,Technology,South,351.25,3,0.0,-119.94,2024-08,Wednesday,351.25,-0.34146619217081847
ORD-9,2023-02-14 04:29:24.882441,CUST-0188,Technology,West,35.35,6,0.0,-33.28,2023-02,Tuesday,35.35,-0.9414427157001415
ORD-10,2023-06-20 04:12:07.563781,CUST-0098,Technology,South,623.44125,1,0.2,187.84,2023-06,Tuesday,498.753,0.37661928850553283
ORD-11,2024-03-28 02:18:18.549274,CUST-0131,Technology,East,434.87,14,0.0,58.7,2024-03,Thursday,434.87,0.13498286844344287
ORD-12,2023-05-01 12:14:46.043021,CUST-0293,Office Supplies,East,231.59,1,0.3,141.85,2023-05,Monday,162.113,0.8750069396038566
ORD-13,2024-06-25 04:48:51.865932,CUST-0171,Furniture,South,421.46,5,0.1,10.91,2024-06,Tuesday,379.31399999999996,0.02876245010729897
ORD-14,2023-02-01 18:30:04.502251,CUST-0183,Office Supplies,East,72.96,1,0.3,1.9,2023-02,Wednesday,51.071999999999996,0.03720238095238095
ORD-15,2024-05-24 19:04:39.139569,CUST-0039,Office Supplies,Unknown,148.0,10,0.0,132.99,2024-05,Friday,148.0,0.8985810810810811
ORD-16,2024-02-15 02:24:04.322161,CUST-0015,Furniture,South,153.38,8,0.1,52.55,2024-02,Thursday,138.042,0.38068124194085856
ORD-17,2023-11-15 01:46:36.798399,CUST-0004,Office Supplies,East,49.36,2,0.3,-27.32,2023-11,Wednesday,34.552,-0.7906922898819171
ORD-18,2024-09-08 01:30:45.922961,CUST-0210,Furniture,West,496.08,6,0.0,67.98,2024-09,Sunday,496.08,0.13703434929850025
ORD-19,2023-02-17 11:22:10.865432,CUST-0161,Technology,East,241.66,10,0.0,105.05,2023-02,Friday,241.66,0.4347016469419846
ORD-20,2024-09-07 07:59:02.371185,CUST-0016,Furniture,West,465.86,10,0.3,-55.67,2024-09,Saturday,326.102,-0.17071345775248237
ORD-21,2024-05-01 10:09:25.482741,CUST-0108,Technology,East,225.26,5,0.0,57.88,2024-05,Wednesday,225.26,0.2569475273017846
ORD-22,2023-10-08 19:48:35.657828,CUST-0227,Office Supplies,East,141.85,10,0.0,-51.7,2023-10,Sunday,141.85,-0.36446951004582306
ORD-23,2023-05-06 06:10:59.129564,CUST-0170,Office Supplies,West,208.37,12,0.0,101.81,2023-05,Saturday,208.37,0.48860200604693577
ORD-24,2024-07-07 06:02:20.470235,CUST-0034,Technology,West,113.19,12,0.0,43.84,2024-07,Sunday,113.19,0.3873133669052037
ORD-25,2024-06-08 18:25:01.950975,CUST-0251,Furniture,Unknown,295.11,4,0.0,67.78,2024-06,Saturday,295.11,0.22967706956727998
ORD-26,2023-10-21 23:19:39.589794,CUST-0247,Technology,South,298.45,1,0.0,16.95,2023-10,Saturday,298.45,0.05679343273580164
ORD-27,2023-05-21 14:17:13.716858,CUST-0269,Office Supplies,North,97.32,14,0.1,-76.9,2023-05,Sunday,87.588,-0.87797415171028
ORD-28,2024-03-19 16:43:27.703851,CUST-0141,Office Supplies,West,344.6,14,0.1,3.51,2024-03,Tuesday,310.14000000000004,0.011317469529889724
ORD-29,2023-12-15 17:59:05.972986,CUST-0274,Technology,South,342.83,3,0.0,85.79,2023-12,Friday,342.83,0.2502406440509874
ORD-30,2023-04-11 18:58:10.145072,CUST-0096,Office Supplies,West,137.63,13,0.0,149.62,2023-04,Tuesday,137.63,1.0871176342367217
ORD-31,2024-03-08 09:01:42.651325,CUST-0227,Furniture,North,173.16,12,0.1,46.94,2024-03,Friday,155.844,0.3011986345319679
ORD-32,2023-06-17 14:51:05.132566,CUST-0039,Office Supplies,Unknown,303.63,4,0.3,-11.18,2023-06,Saturday,212.541,-0.052601615688267205
ORD-33,2024-05-03 05:58:44.362181,CUST-0029,Technology,West,64.53,2,0.0,62.14,2024-05,Friday,64.53,0.9629629629629629
ORD-34,2023-01-08 16:03:07.293646,CUST-0245,Furniture,North,393.97,12,0.3,80.39,2023-01,Sunday,275.779,0.2915015283977388
ORD-35,2023-04-03 00:37:27.523761,CUST-0236,Furniture,South,389.83,2,0.2,37.97,2023-04,Monday,311.86400000000003,0.12175178924146421
ORD-36,2023-09-30 18:59:36.588294,CUST-0185,Furniture,South,365.59,2,0.1,34.27,2023-09,Saturday,329.031,0.1041543198057326
ORD-37,2023-11-09 14:18:40.160080,CUST-0272,Furniture,North,132.57,11,0.1,42.82,2023-11,Thursday,119.313,0.35888796694408825
ORD-38,2024-08-01 10:46:53.006503,CUST-0236,Furniture,West,369.76,1,0.0,32.61,2024-08,Thursday,369.76,0.08819234097793163
ORD-39,2023-06-23 02:19:01.770885,CUST-0239,Technology,West,168.58,10,0.1,47.87,2023-06,Friday,151.722,0.31551126402235663
ORD-40,2024-01-31 03:03:41.510755,CUST-0266,Office Supplies,East,428.12,2,0.2,139.65,2024-01,Wednesday,342.49600000000004,0.4077419882275997
ORD-41,2023-07-06 05:50:05.702851,CUST-0065,Technology,North,91.96,6,0.0,-92.0,2023-07,Thursday,91.96,-1.000434971726838
ORD-42,2024-09-14 15:16:17.888944,CUST-0177,Office Supplies,East,237.88,3,0.1,15.69,2024-09,Saturday,214.092,0.0732862507706967
ORD-43,2024-07-01 09:48:32.056028,CUST-0003,Technology,South,60.08,10,0.0,-25.94,2024-07,Monday,60.08,-0.43175765645805597
ORD-44,2023-09-13 06:18:11.345672,CUST-0142,Technology,East,120.06,5,0.2,100.85,2023-09,Wednesday,96.048,1.0499958354156254
ORD-45,2023-12-23 01:16:21.490745,CUST-0158,Office Supplies,East,109.55,1,0.1,21.55,2023-12,Saturday,98.595,0.21857092144632081
ORD-46,2024-10-21 12:28:27.253626,CUST-0146,Furniture,West,117.87,8,0.1,63.58,2024-10,Monday,106.08300000000001,0.5993420246410829
ORD-47,2023-03-11 00:28:05.642821,CUST-0293,Technology,North,96.55,13,0.0,115.64,2023-03,Saturday,96.55,1.1977213878819266
ORD-48,2023-12-16 11:30:49.524762,CUST-0153,Office Supplies,East,136.29,4,0.0,-34.86,2023-12,Saturday,136.29,-0.25577812018489987
ORD-49,2023-09-08 12:21:58.259129,CUST-0193,Furniture,West,93.84,9,0.0,-1.65,2023-09,Friday,93.84,-0.017583120204603578
ORD-50,2023-12-16 11:30:49.524762,CUST-0073,Office Supplies,West,456.97,4,0.1,109.44,2023-12,Saturday,411.273,0.26610061929667156
ORD-51,2023-07-25 05:34:58.049024,CUST-0140,Technology,East,56.44,14,0.1,-37.26,2023-07,Tuesday,50.796,-0.7335223245924876
ORD-52,2024-11-24 11:33:42.411205,CUST-0187,Technology,East,186.29,2,0.2,0.37,2024-11,Sunday,149.032,0.00248268828171131
ORD-53,2024-08-03 15:22:03.661830,CUST-0293,Technology,South,210.52,3,0.0,-66.02,2024-08,Saturday,210.52,-0.31360440813224394
ORD-54,2024-04-07 16:28:20.050025,CUST-0061,Furniture,West,100.35,5,0.2,111.8,2024-04,Sunday,80.28,1.3926258096661683
ORD-55,2023-10-31 11:12:05.762881,CUST-0198,Technology,East,190.61,12,0.0,-4.87,2023-10,Tuesday,190.61,-0.025549551440113318
ORD-56,2024-07-11 23:58:33.556778,CUST-0295,Furniture,South,457.22,10,0.1,51.07,2024-07,Thursday,411.49800000000005,0.12410752907669052
ORD-57,2024-02-26 10:05:49.374687,CUST-0011,Technology,Unknown,465.45,13,0.2,70.56,2024-02,Monday,372.36,0.1894940380277151
ORD-58,2024-07-04 16:41:18.039019,CUST-0062,Office Supplies,North,186.92,13,0.2,-18.19,2024-07,Thursday,149.536,-0.1216429488551252
ORD-59,2024-11-03 15:59:31.185592,CUST-0226,Office Supplies,West,222.04,14,0.2,-84.24,2024-11,Sunday,177.632,-0.4742388758782201
ORD-60,2023-08-24 21:47:27.223611,CUST-0153,Furniture,South,507.3,6,0.3,16.83,2023-08,Thursday,355.11,0.04739376531215679
ORD-61,2023-01-08 07:17:15.517758,CUST-0199,Furniture,South,259.63,7,0.0,15.85,2023-01,Sunday,259.63,0.06104841505218966
ORD-62,2023-11-03 18:04:51.745872,CUST-0052,Furniture,North,393.48,4,0.0,26.37,2023-11,Friday,393.48,0.06701738334858189
ORD-63,2023-03-02 14:53:14.797398,CUST-0260,Furniture,West,56.38,7,0.0,26.7,2023-03,Thursday,56.38,0.473572188719404
ORD-64,2024-04-18 15:24:13.326663,CUST-0059,Office Supplies,North,95.25,10,0.2,0.07,2024-04,Thursday,76.2,0.0009186351706036746
ORD-65,2023-05-22 07:48:57.268634,CUST-0072,Furniture,North,63.17,3,0.1,-2.25,2023-05,Monday,56.853,-0.03957574798163685
ORD-66,2023-08-08 02:37:45.532766,CUST-0148,Office Supplies,East,540.95,7,0.1,47.86,2023-08,Tuesday,486.8550000000001,0.09830442328824802
ORD-67,2023-04-26 00:46:49.404702,CUST-0063,Furniture,West,87.79,4,0.0,-19.43,2023-04,Wednesday,87.79,-0.22132361316778673
ORD-68,2023-01-05 17:56:13.086543,CUST-0243,Office Supplies,South,211.41,13,0.1,24.28,2023-01,Thursday,190.269,0.1276088064792478
ORD-69,2023-03-30 00:12:57.988994,CUST-0107,Furniture,North,249.39,13,0.0,-3.78,2023-03,Thursday,249.39,-0.015156983038614218
ORD-70,2023-10-11 09:09:38.089044,CUST-0226,Furniture,West,160.15,8,0.0,47.74,2023-10,Wednesday,160.15,0.2980955354355292
ORD-71,2024-05-14 22:26:21.190595,CUST-0218,Technology,North,68.25,9,0.0,96.51,2024-05,Tuesday,68.25,1.414065934065934
ORD-72,2023-07-25 23:06:41.600800,CUST-0241,Furniture,East,548.15,7,0.1,98.96,2023-07,Tuesday,493.335,0.20059391691244285
ORD-73,2023-11-24 13:39:02.971485,CUST-0259,Technology,West,265.55,8,0.0,107.36,2023-11,Friday,265.55,0.4042929768405197
ORD-74,2024-05-12 17:51:10.535267,CUST-0262,Technology,South,374.69,8,0.0,9.95,2024-05,Sunday,374.69,0.026555285702847684
ORD-75,2023-02-03 05:33:31.605802,CUST-0005,Office Supplies,East,188.08,2,0.0,15.0,2023-02,Friday,188.08,0.0797532964695874
ORD-76,2024-05-22 14:29:28.484242,CUST-0261,Office Supplies,East,115.73,9,0.0,-46.14,2024-05,Wednesday,115.73,-0.3986865981163052
ORD-77,2023-12-15 17:59:05.972986,CUST-0054,Office Supplies,South,497.39,6,0.3,9.45,2023-12,Friday,348.17299999999994,0.027141679567341526
ORD-78,2024-06-23 17:45:24.762381,CUST-0047,Technology,East,117.78,11,0.0,11.59,2024-06,Sunday,117.78,0.09840380370181695
ORD-79,2024-06-13 21:07:06.813406,CUST-0215,Furniture,East,175.97,4,0.0,-7.03,2024-06,Thursday,175.97,-0.03994999147581974
ORD-80,2023-07-05 12:18:22.151075,CUST-0177,Furniture,South,201.91,5,0.1,-7.31,2023-07,Wednesday,181.719,-0.040226943797841724
ORD-81,2023-10-11 00:23:46.313156,CUST-0009,Furniture,North,113.39,10,0.2,-71.86,2023-10,Wednesday,90.712,-0.7921774406914189
ORD-82,2024-12-18 22:46:31.395697,CUST-0099,Office Supplies,North,341.15,5,0.1,-50.51,2024-12,Wednesday,307.03499999999997,-0.16450893220642598
ORD-83,2023-01-13 09:59:20.380190,CUST-0020,Office Supplies,South,398.23,7,0.2,32.67,2023-01,Friday,318.58400000000006,0.10254752278833838
ORD-84,2023-03-16 20:41:54.057028,CUST-0241,Technology,East,187.54,14,0.0,34.92,2023-03,Thursday,187.54,0.18620027727418154
ORD-85,2024-02-08 03:52:40.580290,CUST-0061,Technology,North,92.32,9,0.1,58.98,2024-02,Thursday,83.088,0.7098497978047371
ORD-86,2024-12-14 22:22:01.860930,CUST-0178,Office Supplies,West,48.4,7,0.0,14.47,2024-12,Saturday,48.4,0.29896694214876035
ORD-87,2024-08-01 19:32:44.782391,CUST-0062,Office Supplies,South,168.17,9,0.0,30.7,2024-08,Thursday,168.17,0.1825533686150919
ORD-88,2024-11-23 00:30:15.307653,CUST-0145,Office Supplies,West,406.0,4,0.1,105.03,2024-11,Saturday,365.40000000000003,0.2874384236453202
ORD-89,2024-05-30 06:32:35.777888,CUST-0216,Furniture,North,160.84,10,0.1,26.83,2024-05,Thursday,144.756,0.18534637597059878
ORD-90,2024-01-10 07:29:30.285142,CUST-0003,Technology,West,425.95,14,0.0,-7.92,2024-01,Wednesday,425.95,-0.01859373165864538
ORD-91,2024-01-08 20:26:03.181590,CUST-0160,Furniture,West,623.44125,10,0.1,-41.46,2024-01,Monday,561.097125,-0.07389095069770675
ORD-92,2024-05-31 00:04:19.329664,CUST-0227,Technology,North,400.57,4,0.2,77.85,2024-05,Friday,320.456,0.24293506752877148
ORD-93,2023-07-26 07:52:33.376688,CUST-0269,Furniture,North,143.95,6,0.3,-72.2,2023-07,Wednesday,100.76499999999999,-0.7165186324616684
ORD-94,2024-02-17 06:59:14.977488,CUST-0120,Furniture,North,73.0,8,0.1,-20.31,2024-02,Saturday,65.7,-0.3091324200913242
ORD-95,2024-10-17 12:03:57.718859,CUST-0089,Technology,West,216.54,14,0.1,55.11,2024-10,Thursday,194.886,0.2827807025645762
ORD-96,2024-11-04 18:17:06.513256,CUST-0068,Furniture,West,623.44125,9,0.1,-84.39,2024-11,Monday,561.097125,-0.15040176867774896
ORD-97,2024-07-01 18:34:23.831915,CUST-0098,Technology,North,154.77,1,0.0,-6.86,2024-07,Monday,154.77,-0.04432383536861149
ORD-98,2023-09-14 08:35:46.673336,CUST-0267,Furniture,South,22.03,1,0.0,37.75,2023-09,Thursday,22.03,1.713572401270994
ORD-99,2023-05-27 10:31:02.131065,CUST-0105,Technology,North,131.44,13,0.0,7.0,2023-05,Saturday,131.44,0.053256238587948874
ORD-100,2023-09-24 05:14:04.622311,CUST-0123,Furniture,South,443.29,8,0.1,-28.96,2023-09,Sunday,398.961,-0.07258854875539213
ORD-101,2024-07-30 14:57:34.127063,CUST-0029,Office Supplies,South,484.48,11,0.1,-5.61,2024-07,Tuesday,436.03200000000004,-0.012866028181417877
ORD-102,2023-02-28 19:03:55.917958,CUST-0137,Technology,North,78.58,7,0.0,79.02,2023-02,Tuesday,78.58,1.0055993891575463
ORD-104,2024-12-24 10:14:28.034017,CUST-0226,Office Supplies,South,334.43,11,0.0,38.37,2024-12,Tuesday,334.43,0.1147325299763777
ORD-105,2023-12-30 08:33:37.008504,CUST-0170,Office Supplies,North,67.01,3,0.0,-89.3,2023-12,Saturday,67.01,-1.3326369198627068
ORD-106,2023-04-09 05:37:07.713856,CUST-0009,Furniture,South,88.42,10,0.0,64.09,2023-04,Sunday,88.42,0.7248360099524994
ORD-107,2024-11-19 17:37:29.324662,CUST-0040,Furniture,North,550.25,12,0.2,6.22,2024-11,Tuesday,440.20000000000005,0.014129940935938208
ORD-108,2023-10-25 14:58:17.348674,CUST-0025,Office Supplies,North,250.03,5,0.2,-35.73,2023-10,Wednesday,200.024,-0.17862856457225132
ORD-109,2024-04-17 13:06:37.998999,CUST-0261,Technology,East,112.24,3,0.0,-18.02,2024-04,Wednesday,112.24,-0.1605488239486814
ORD-110,2023-06-16 03:47:38.029014,CUST-0226,Furniture,West,261.91,5,0.1,-15.47,2023-06,Friday,235.71900000000002,-0.06562899045049402
ORD-111,2024-06-26 07:06:27.193596,CUST-0124,Office Supplies,South,70.42,10,0.3,-54.65,2024-06,Wednesday,49.294,-1.1086541972653874
ORD-112,2024-10-01 01:40:07.803901,CUST-0038,Technology,North,340.2,1,0.1,26.22,2024-10,Tuesday,306.18,0.08563590045071526
ORD-113,2024-04-10 14:35:14.257128,CUST-0251,Furniture,North,95.13,14,0.3,139.69,2024-04,Wednesday,66.591,2.0977309245994205
ORD-114,2024-01-07 00:36:44.302151,CUST-0176,Furniture,South,100.87,11,0.2,-35.95,2024-01,Sunday,80.69600000000001,-0.44549915733121837
ORD-115,2024-09-21 22:33:33.406703,CUST-0090,Office Supplies,North,568.4,4,0.1,137.84,2024-09,Saturday,511.56,0.26945030885917587
ORD-116,2023-04-18 17:29:33.886943,CUST-0037,Furniture,West,341.95,6,0.1,42.49,2023-04,Tuesday,307.755,0.13806436938473787
ORD-117,2024-09-30 08:08:24.252126,CUST-0176,Office Supplies,North,55.95,2,0.2,24.43,2024-09,Monday,44.760000000000005,0.5457998212689901
ORD-118,2023-09-20 13:35:26.863431,CUST-0284,Office Supplies,North,308.26,13,0.1,10.68,2023-09,Wednesday,277.434,0.038495642206795126
ORD-119,2024-10-09 02:29:06.873436,CUST-0081,Office Supplies,East,43.27,7,0.0,-18.37,2024-10,Wednesday,43.27,-0.4245435636699792
ORD-120,2023-05-04 01:35:48.474237,CUST-0114,Furniture,West,405.84,8,0.0,47.51,2023-05,Thursday,405.84,0.11706583875418884
ORD-121,2023-11-17 15:07:39.229614,CUST-0040,Technology,West,325.01,1,0.1,61.32,2023-11,Friday,292.509,0.2096345753463996
ORD-122,2024-01-28 22:28:30.855427,CUST-0224,Office Supplies,West,464.66,13,0.1,-115.51,2024-01,Sunday,418.194,-0.27621151905574926
ORD-123,2023-10-16 20:37:34.727363,CUST-0115,Office Supplies,West,170.59,4,0.0,182.58,2023-10,Monday,170.59,1.0702854798053814
ORD-124,2024-12-11 06:43:24.102051,CUST-0186,Furniture,West,159.81,11,0.0,-78.66,2024-12,Wednesday,159.81,-0.49220949877980097
ORD-125,2023-03-20 21:06:23.591795,CUST-0056,Office Supplies,East,33.43,4,0.0,-1.34,2023-03,Monday,33.43,-0.04008375710439725
ORD-126,2023-10-06 15:13:25.002501,CUST-0040,Furniture,West,18.56,13,0.1,-123.5,2023-10,Friday,16.704,-7.3934386973180075
ORD-127,2023-03-10 06:56:22.091045,CUST-0040,Furniture,East,458.61,5,0.0,13.93,2023-03,Friday,458.61,0.030374392185081003
ORD-128,2023-05-19 09:42:03.061530,CUST-0237,Furniture,North,131.83,14,0.0,2.31,2023-05,Friday,131.83,0.01752256694227414
ORD-129,2023-06-29 16:04:33.736868,CUST-0289,Technology,South,34.68,12,0.0,-0.7,2023-06,Thursday,34.68,-0.020184544405997693
ORD-130,2024-01-24 13:18:09.544772,CUST-0262,Technology,North,73.72,12,0.0,48.26,2024-01,Wednesday,73.72,0.654639175257732
ORD-131,2024-03-06 21:58:15.547773,CUST-0216,Office Supplies,West,41.04,4,0.3,15.37,2024-03,Wednesday,28.727999999999998,0.5350181008075745
ORD-132,2023-01-06 02:42:04.862431,CUST-0147,Furniture,East,153.98,9,0.0,62.31,2023-01,Friday,153.98,0.4046629432393818
ORD-133,2024-11-01 11:24:20.530265,CUST-0168,Office Supplies,East,202.25,7,0.2,-44.24,2024-11,Friday,161.8,-0.2734239802224969
ORD-134,2023-01-24 08:55:13.656828,CUST-0092,Office Supplies,North,317.32,13,0.1,34.64,2023-01,Tuesday,285.588,0.12129361177640516
ORD-135,2024-11-17 13:02:18.669334,CUST-0059,Furniture,East,122.13,2,0.0,-7.9,2024-11,Sunday,122.13,-0.06468517153852453
ORD-136,2024-11-10 23:16:46.703351,CUST-0059,Office Supplies,North,231.66,1,0.0,7.78,2024-11,Sunday,231.66,0.033583700250366916
ORD-137,2023-07-09 21:28:43.461730,CUST-0169,Technology,East,404.25,9,0.0,46.22,2023-07,Sunday,404.25,0.1143351886209029
ORD-138,2024-05-14 04:54:37.638819,CUST-0269,Office Supplies,South,82.04,1,0.0,-0.26,2024-05,Tuesday,82.04,-0.003169185763042418
ORD-139,2024-02-25 16:34:05.822911,CUST-0045,Office Supplies,West,12.84,6,0.0,23.69,2024-02,Sunday,12.84,1.8450155763239877
ORD-140,2023-08-25 06:33:18.999499,CUST-0181,Office Supplies,East,322.96,2,0.2,-39.25,2023-08,Friday,258.368,-0.15191509784493437
ORD-141,2024-06-29 22:45:04.952476,CUST-0170,Office Supplies,South,623.44125,4,0.0,95.73,2024-06,Saturday,623.44125,0.1535509560844747
ORD-142,2024-02-01 14:07:08.614307,CUST-0191,Furniture,West,198.86,6,0.0,73.71,2024-02,Thursday,198.86,0.37066277783365176
ORD-143,2024-02-29 08:12:43.581790,CUST-0155,Office Supplies,East,232.94,5,0.3,36.0,2024-02,Thursday,163.058,0.22078033583142195
ORD-144,2024-07-09 19:23:22.901450,CUST-0188,Technology,North,188.19,11,0.1,15.44,2024-07,Tuesday,169.371,0.09116082446227512
ORD-145,2023-08-05 04:30:51.325662,CUST-0007,Furniture,North,172.47,6,0.0,23.74,2023-08,Saturday,172.47,0.13764712703658608
ORD-146,2023-05-23 18:52:24.372186,CUST-0133,Furniture,North,59.69,3,0.0,94.44,2023-05,Tuesday,59.69,1.5821745686044564
ORD-147,2024-09-12 01:55:15.457728,CUST-0235,Furniture,East,370.19,5,0.0,69.46,2024-09,Thursday,370.19,0.18763337745482048
ORD-148,2023-06-02 15:30:42.321160,CUST-0045,Office Supplies,West,121.64,2,0.0,95.45,2023-06,Friday,121.64,0.7846925353502138
ORD-149,2023-04-16 04:08:31.455727,CUST-0249,Furniture,West,83.75,7,0.3,9.49,2023-04,Sunday,58.62499999999999,0.16187633262260132
ORD-150,2023-05-19 00:56:11.285642,CUST-0031,Furniture,East,286.75,3,0.3,59.0,2023-05,Friday,200.725,0.2939344874828746
ORD-151,2024-10-17 20:49:49.494747,CUST-0023,Furniture,South,204.61,1,0.0,101.32,2024-10,Thursday,204.61,0.49518596354039385
ORD-152,2024-07-06 12:30:36.918459,CUST-0160,Office Supplies,North,252.8,14,0.1,-25.57,2024-07,Saturday,227.52,-0.11238572433192685
ORD-153,2023-03-25 23:48:28.454227,CUST-0158,Technology,West,114.25,8,0.0,-29.34,2023-03,Saturday,114.25,-0.2568052516411379
ORD-154,2024-01-07 09:22:36.078039,CUST-0039,Technology,North,73.05,8,0.1,46.51,2024-01,Sunday,65.745,0.7074302228306334
ORD-155,2023-01-15 14:34:31.035517,CUST-0082,Office Supplies,East,65.33,3,0.2,-44.1,2023-01,Sunday,52.264,-0.8437930506658503
ORD-156,2024-01-19 19:21:56.458229,CUST-0258,Technology,South,244.82,13,0.3,-78.95,2024-01,Friday,171.374,-0.46068831911491825
ORD-157,2023-02-18 22:25:37.968984,CUST-0206,Technology,East,146.37,7,0.1,100.48,2023-02,Saturday,131.733,0.7627549664852391
ORD-158,2023-03-15 00:52:35.177588,CUST-0077,Furniture,East,101.35,9,0.1,110.93,2023-03,Wednesday,91.215,1.2161376966507702
ORD-159,2024-11-11 08:02:38.479239,CUST-0012,Furniture,West,225.46,8,0.0,-40.8,2024-11,Monday,225.46,-0.18096336378958572
ORD-160,2023-10-12 11:27:13.416708,CUST-0295,Office Supplies,North,59.03,3,0.0,-55.92,2023-10,Thursday,59.03,-0.9473149246146028
ORD-161,2023-12-06 06:06:39.799899,CUST-0224,Office Supplies,North,187.25,13,0.3,-9.19,2023-12,Wednesday,131.075,-0.0701125309937059
ORD-162,2024-01-21 15:11:15.337668,CUST-0013,Furniture,East,477.33,2,0.0,105.17,2024-01,Sunday,477.33,0.22032975090608176
ORD-163,2024-01-27 02:39:11.975987,CUST-0046,Office Supplies,West,623.44125,13,0.1,5.36,2024-01,Saturday,561.097125,0.00955271335599875
ORD-164,2023-07-03 07:43:11.495747,CUST-0155,Technology,West,323.09,10,0.0,35.68,2023-07,Monday,323.09,0.1104336253056424
ORD-165,2023-05-29 06:20:21.010505,CUST-0113,Office Supplies,East,443.84,7,0.1,49.5,2023-05,Monday,399.45599999999996,0.12391852919971162
ORD-166,2024-08-06 04:43:06.093046,CUST-0233,Furniture,South,220.93,7,0.1,40.43,2024-08,Tuesday,198.83700000000002,0.2033323777767719
ORD-167,2024-10-01 10:25:59.579789,CUST-0017,Technology,East,134.71,9,0.0,119.64,2024-10,Tuesday,134.71,0.8881300571598247
ORD-168,2023-10-21 14:33:47.813906,CUST-0223,Office Supplies,West,98.11,5,0.3,-13.19,2023-10,Saturday,68.67699999999999,-0.19205847663701095
ORD-169,2023-02-05 18:54:34.037018,CUST-0188,Furniture,North,201.7,4,0.2,23.87,2023-02,Sunday,161.36,0.1479300941993059
ORD-170,2023-09-07 10:04:22.931465,CUST-0163,Office Supplies,East,100.16,8,0.2,43.95,2023-09,Thursday,80.128,0.5484974041533547
ORD-171,2024-11-23 00:30:15.307653,CUST-0074,Office Supplies,North,86.22,14,0.0,27.06,2024-11,Saturday,86.22,0.313848295059151
ORD-172,2023-09-22 18:10:37.518759,CUST-0233,Technology,South,22.27,4,0.3,-43.15,2023-09,Friday,15.588999999999999,-2.767977419975624
ORD-173,2024-07-27 08:04:48.144072,CUST-0224,Furniture,East,214.98,4,0.0,-58.35,2024-07,Saturday,214.98,-0.27142059726486184
ORD-174,2023-12-17 13:48:24.852426,CUST-0060,Office Supplies,South,165.49,12,0.0,-59.61,2023-12,Sunday,165.49,-0.36020303341591636
ORD-175,2024-10-05 10:50:29.114557,CUST-0222,Office Supplies,North,220.93,14,0.0,73.58,2024-10,Saturday,220.93,0.3330466663649119
ORD-176,2023-08-12 11:48:06.843421,CUST-0037,Office Supplies,West,623.44125,12,0.1,-19.22,2023-08,Saturday,561.097125,-0.03425431916087611
ORD-177,2024-12-18 22:46:31.395697,CUST-0278,Technology,West,70.69,2,0.3,58.16,2024-12,Wednesday,49.483,1.1753531515874138
ORD-178,2024-06-26 07:06:27.193596,CUST-0196,Office Supplies,West,98.31,13,0.0,35.2,2024-06,Wednesday,98.31,0.35805106296409317
ORD-179,2023-08-23 10:44:00.120060,CUST-0242,Office Supplies,North,382.29,1,0.0,-28.49,2023-08,Wednesday,382.29,-0.07452457558398073
ORD-180,2024-10-16 09:46:22.391195,CUST-0219,Technology,South,421.89,4,0.3,-26.99,2024-10,Wednesday,295.323,-0.0913914595205927
ORD-181,2024-01-11 09:47:05.612806,CUST-0192,Technology,South,126.71,7,0.1,38.04,2024-01,Thursday,114.039,0.3335700944413753
ORD-182,2024-03-29 04:35:53.876938,CUST-0017,Furniture,Unknown,216.55,12,0.2,34.66,2024-03,Friday,173.24,0.2000692680674209
ORD-183,2023-07-03 07:43:11.495747,CUST-0012,Office Supplies,South,252.85,9,0.0,59.52,2023-07,Monday,252.85,0.23539648012655726
ORD-184,2023-10-07 17:31:00.330165,CUST-0193,Technology,North,143.7,9,0.2,2.55,2023-10,Saturday,114.96,0.022181628392484342
ORD-185,2023-05-25 23:27:35.027513,CUST-0022,Technology,West,100.2,12,0.0,-20.8,2023-05,Thursday,100.2,-0.20758483033932135
ORD-186,2023-11-14 17:00:45.022511,CUST-0120,Furniture,North,58.28,10,0.0,36.59,2023-11,Tuesday,58.28,0.627831159917639
ORD-187,2023-10-17 22:55:10.055027,CUST-0210,Technology,East,182.67,1,0.1,115.2,2023-10,Tuesday,164.403,0.7007171401981717
ORD-188,2023-05-24 03:38:16.148074,CUST-0270,Office Supplies,North,350.51,5,0.2,-82.6,2023-05,Wednesday,280.408,-0.2945707683090354
ORD-189,2023-03-17 05:27:45.832916,CUST-0192,Furniture,West,623.44125,7,0.0,-17.94,2023-03,Friday,623.44125,-0.028775766762305192
ORD-190,2024-01-15 01:25:43.371685,CUST-0175,Furniture,East,94.48,13,0.0,65.43,2024-01,Monday,94.48,0.6925275190516512
ORD-191,2024-11-17 21:48:10.445222,CUST-0285,Furniture,East,106.17,7,0.0,42.99,2024-11,Sunday,106.17,0.4049166431195253
ORD-192,2024-07-29 21:25:50.575287,CUST-0204,Furniture,West,348.09,10,0.0,66.3,2024-07,Monday,348.09,0.1904679824183401
ORD-193,2023-11-22 09:03:52.316158,CUST-0164,Furniture,North,491.73,6,0.0,4.22,2023-11,Wednesday,491.73,0.008581945376527768
ORD-194,2024-06-25 22:20:35.417708,CUST-0251,Furniture,West,164.43,11,0.2,-66.71,2024-06,Tuesday,131.544,-0.507130693912303
ORD-195,2024-09-17 22:09:03.871935,CUST-0227,Furniture,North,286.25,10,0.0,130.29,2024-09,Tuesday,286.25,0.4551615720524017
ORD-196,2024-08-06 13:28:57.868934,CUST-0007,Office Supplies,West,137.3,4,0.2,95.03,2024-08,Tuesday,109.84000000000002,0.8651675163874726
ORD-197,2023-11-12 03:39:42.591295,CUST-0029,Furniture,North,531.37,3,0.0,28.55,2023-11,Sunday,531.37,0.053729040028605304
ORD-198,2023-09-28 23:10:17.708854,CUST-0033,Furniture,East,267.26,12,0.0,-20.5,2023-09,Thursday,267.26,-0.07670433285938787
ORD-199,2024-04-06 14:10:44.722361,CUST-0134,Furniture,East,286.76,13,0.2,0.57,2024-04,Saturday,229.40800000000002,0.002484656158460036
ORD-200,2023-07-25 14:20:49.824912,CUST-0079,Furniture,North,276.65,9,0.2,43.75,2023-07,Tuesday,221.32,0.1976775709380083
ORD-201,2024-01-08 11:40:11.405702,CUST-0058,Technology,West,207.12,12,0.1,14.9,2024-01,Monday,186.40800000000002,0.07993219175142698
ORD-202,2023-02-04 16:36:58.709354,CUST-0026,Furniture,East,223.52,13,0.0,29.13,2023-02,Saturday,223.52,0.13032390837508948
ORD-204,2024-10-03 15:01:10.235117,CUST-0285,Technology,East,103.74,4,0.1,85.42,2024-10,Thursday,93.366,0.9148940727888096
ORD-205,2023-06-26 17:57:39.529764,CUST-0004,Technology,West,217.5,8,0.0,-40.25,2023-06,Monday,217.5,-0.1850574712643678
ORD-206,2024-06-06 05:03:59.519759,CUST-0099,Office Supplies,West,158.57,13,0.1,34.62,2024-06,Thursday,142.713,0.24258476803094323
ORD-207,2023-03-25 23:48:28.454227,CUST-0039,Office Supplies,North,361.73,1,0.1,-1.22,2023-03,Saturday,325.557,-0.0037474236462432075
ORD-208,2023-10-01 03:45:28.364182,CUST-0271,Office Supplies,South,288.26,7,0.0,47.88,2023-10,Sunday,288.26,0.16610004856726568
ORD-209,2024-09-04 18:37:59.939969,CUST-0285,Office Supplies,West,113.81,12,0.0,26.2,2024-09,Wednesday,113.81,0.23020824180651964
ORD-210,2024-03-12 00:40:20.410205,CUST-0157,Office Supplies,South,210.1,6,0.2,208.06,2024-03,Tuesday,168.08,1.237862922417896
ORD-211,2023-07-17 04:45:58.979489,CUST-0075,Office Supplies,West,156.16,13,0.0,55.76,2023-07,Monday,156.16,0.35706967213114754
ORD-212,2024-01-22 17:28:50.665332,CUST-0288,Technology,North,195.28,12,0.1,21.95,2024-01,Monday,175.752,0.12489189312212662
ORD-213,2023-07-11 08:32:10.565282,CUST-0130,Furniture,North,111.47,1,0.0,140.58,2023-07,Tuesday,111.47,1.2611464968152868
ORD-214,2024-03-08 00:15:50.875437,CUST-0175,Technology,North,117.17,4,0.3,42.33,2024-03,Friday,82.01899999999999,0.5160999280654482
ORD-215,2024-11-10 23:16:46.703351,CUST-0084,Furniture,West,56.61,12,0.1,-61.12,2024-11,Sunday,50.949,-1.1996310035525721
ORD-216,2024-09-20 20:15:58.079039,CUST-0022,Technology,West,114.19,14,0.0,22.53,2024-09,Friday,114.19,0.19730274104562573
ORD-217,2024-04-07 07:42:28.274137,CUST-0027,Technology,East,418.85,5,0.0,66.82,2024-04,Sunday,418.85,0.15953205204727228
ORD-218,2024-02-09 23:41:59.459729,CUST-0195,Furniture,East,440.78,11,0.0,59.07,2024-02,Friday,440.78,0.13401243250601208
ORD-219,2024-10-26 06:24:40.340170,CUST-0236,Furniture,West,97.42,8,0.1,90.31,2024-10,Saturday,87.678,1.0300189329136158
ORD-220,2023-07-30 17:02:54.687343,CUST-0092,Office Supplies,West,26.31,4,0.2,39.22,2023-07,Sunday,21.048000000000002,1.863359939186621
ORD-221,2023-09-06 16:32:39.379689,CUST-0021,Office Supplies,West,99.06,3,0.0,34.99,2023-09,Wednesday,99.06,0.3532202705431052
ORD-222,2023-07-23 00:59:47.393696,CUST-0084,Technology,East,142.9,2,0.0,-54.15,2023-07,Sunday,142.9,-0.37893631910426867
ORD-223,2024-08-06 04:43:06.093046,CUST-0262,Office Supplies,North,223.36,4,0.0,121.71,2024-08,Tuesday,223.36,0.5449050859598853
ORD-224,2024-12-22 14:25:09.154577,CUST-0147,Office Supplies,South,477.48,11,0.0,11.66,2024-12,Sunday,477.48,0.024419870989360812
ORD-225,2024-01-05 13:33:17.198599,CUST-0257,Office Supplies,South,217.58,10,0.0,-28.77,2024-01,Friday,217.58,-0.13222722676716608
ORD-226,2023-08-24 13:01:35.447723,CUST-0058,Office Supplies,West,211.99,14,0.1,187.67,2023-08,Thursday,190.79100000000003,0.9836417860381252
ORD-227,2023-10-18 07:41:01.830915,CUST-0015,Office Supplies,North,312.8,13,0.2,130.81,2023-10,Wednesday,250.24,0.5227381713554987
ORD-228,2024-01-19 19:21:56.458229,CUST-0162,Furniture,South,107.76,4,0.0,3.14,2024-01,Friday,107.76,0.029138827023014104
ORD-229,2024-08-22 23:52:47.783891,CUST-0163,Technology,West,212.41,13,0.0,-82.84,2024-08,Thursday,212.41,-0.39000047078762773
ORD-230,2024-07-30 14:57:34.127063,CUST-0281,Technology,West,248.78,10,0.1,-13.11,2024-07,Tuesday,223.90200000000002,-0.05855240239033148
ORD-231,2024-05-12 17:51:10.535267,CUST-0280,Technology,South,195.52,5,0.2,124.75,2024-05,Sunday,156.41600000000003,0.797552680032733
ORD-232,2024-10-26 23:56:23.891945,CUST-0012,Furniture,West,290.71,13,0.0,40.6,2024-10,Saturday,290.71,0.13965807849747172
ORD-233,2024-12-24 10:14:28.034017,CUST-0274,Furniture,West,446.62,7,0.0,-50.97,2024-12,Tuesday,446.62,-0.1141238636872509
ORD-234,2024-05-09 10:58:24.552276,CUST-0271,Furniture,East,128.27,9,0.0,77.04,2024-05,Thursday,128.27,0.6006080923052936
ORD-235,2024-08-30 07:10:03.301650,CUST-0208,Technology,East,234.62,2,0.0,17.41,2024-08,Friday,234.62,0.07420509760463728
ORD-236,2024-07-12 08:44:25.332666,CUST-0027,Technology,South,9.13,5,0.1,-8.92,2024-07,Friday,8.217,-1.0855543385663866
ORD-237,2024-05-15 15:58:04.742371,CUST-0072,Office Supplies,North,131.0,11,0.2,-4.37,2024-05,Wednesday,104.80000000000001,-0.04169847328244274
ORD-238,2024-06-30 07:30:56.728364,CUST-0060,Furniture,West,104.25,10,0.0,108.38,2024-06,Sunday,104.25,1.0396163069544364
ORD-239,2024-04-02 22:32:06.963481,CUST-0145,Office Supplies,East,366.69,9,0.1,62.8,2024-04,Tuesday,330.021,0.1902909208807924
ORD-240,2023-03-11 00:28:05.642821,CUST-0093,Furniture,North,212.35,12,0.1,-59.16,2023-03,Saturday,191.115,-0.3095518405148732
ORD-241,2024-03-31 17:56:56.308154,CUST-0008,Office Supplies,North,258.46,14,0.0,52.03,2024-03,Sunday,258.46,0.20130774587943978
ORD-242,2024-05-29 04:15:00.450225,CUST-0079,Technology,East,148.88,13,0.0,36.46,2024-05,Wednesday,148.88,0.24489521762493285
ORD-243,2024-05-26 06:08:06.243121,CUST-0027,Furniture,South,287.67,3,0.0,4.78,2024-05,Sunday,287.67,0.016616261688740572
ORD-244,2024-04-21 22:16:59.309654,CUST-0174,Technology,East,302.93,1,0.0,7.94,2024-04,Sunday,302.93,0.026210675733667844
ORD-245,2024-12-24 10:14:28.034017,CUST-0050,Technology,West,127.94,2,0.3,-21.9,2024-12,Tuesday,89.55799999999999,-0.24453426829540634
ORD-246,2023-08-19 19:05:22.361180,CUST-0199,Furniture,North,153.07,14,0.3,-9.75,2023-08,Saturday,107.14899999999999,-0.09099478296577664
ORD-247,2023-08-17 23:16:03.481740,CUST-0181,Furniture,West,168.29,6,0.3,47.38,2023-08,Thursday,117.80299999999998,0.40219688802492304
ORD-248,2023-12-21 22:58:46.163081,CUST-0024,Furniture,South,204.59,5,0.2,13.35,2023-12,Thursday,163.67200000000003,0.08156557016471967
ORD-249,2024-10-07 15:25:39.769884,CUST-0046,Furniture,North,68.88,1,0.2,62.74,2024-10,Monday,55.104,1.1385743321718933
ORD-250,2024-04-13 03:56:16.688344,CUST-0015,Office Supplies,South,79.09,1,0.2,-17.1,2024-04,Saturday,63.272000000000006,-0.27026172714628904
ORD-251,2024-05-19 16:22:34.277138,CUST-0153,Furniture,East,169.44,11,0.2,72.45,2024-05,Sunday,135.552,0.5344812322946176
ORD-252,2023-09-16 21:56:49.104552,CUST-0222,Office Supplies,East,422.48,4,0.2,108.87,2023-09,Saturday,337.98400000000004,0.32211583980306757
ORD-253,2024-06-24 02:31:16.538269,CUST-0206,Technology,West,327.92,12,0.1,29.59,2024-06,Monday,295.12800000000004,0.10026158141552138
ORD-254,2024-06-07 16:07:26.623311,CUST-0273,Office Supplies,West,85.02,4,0.0,61.24,2024-06,Friday,85.02,0.7203011056222066
ORD-255,2023-08-25 15:19:10.775387,CUST-0236,Furniture,North,293.93,6,0.2,63.58,2023-08,Friday,235.144,0.27038750722961247
ORD-256,2023-04-26 18:18:32.956478,CUST-0228,Technology,South,102.18,6,0.0,-0.13,2023-04,Wednesday,102.18,-0.0012722646310432569
ORD-257,2024-09-12 19:26:59.009504,CUST-0009,Furniture,North,90.8,10,0.1,63.8,2024-09,Thursday,81.72,0.7807146353401859
ORD-258,2024-03-31 17:56:56.308154,CUST-0166,Office Supplies,South,312.85,14,0.1,-106.11,2024-03,Sunday,281.56500000000005,-0.3768579191305737
ORD-259,2024-11-03 15:59:31.185592,CUST-0214,Furniture,North,97.85,6,0.0,-129.99,2024-11,Sunday,97.85,-1.328461931527849
ORD-260,2024-04-04 00:49:42.291145,CUST-0117,Office Supplies,West,84.0,1,0.0,10.23,2024-04,Thursday,84.0,0.12178571428571429
ORD-261,2023-09-07 10:04:22.931465,CUST-0072,Technology,East,205.66,10,0.0,68.01,2023-09,Thursday,205.66,0.33069143246134397
ORD-262,2023-08-31 02:47:07.413706,CUST-0064,Furniture,North,114.65,9,0.0,24.9,2023-08,Thursday,114.65,0.21718273004797206
ORD-264,2024-11-06 14:06:25.392696,CUST-0209,Office Supplies,East,140.88,7,0.3,-42.1,2024-11,Wednesday,98.61599999999999,-0.42690841242800365
ORD-265,2024-05-25 03:50:30.915457,CUST-0072,Technology,West,77.74,7,0.1,82.97,2024-05,Saturday,69.966,1.185861704256353
ORD-266,2024-09-10 23:37:40.130065,CUST-0277,Technology,South,203.12,11,0.1,127.73,2024-09,Tuesday,182.80800000000002,0.6987112161393374
ORD-267,2024-08-18 14:42:26.473236,CUST-0274,Technology,East,623.44125,7,0.3,-11.78,2024-08,Sunday,436.40887499999997,-0.026993034914791776
ORD-268,2024-06-29 22:45:04.952476,CUST-0095,Furniture,South,202.91,2,0.0,76.26,2024-06,Saturday,202.91,0.37583164949977826
ORD-269,2024-04-03 16:03:50.515257,CUST-0166,Technology,South,461.69,2,0.0,31.37,2024-04,Wednesday,461.69,0.06794602438865906
ORD-270,2024-09-18 06:54:55.647823,CUST-0032,Technology,West,196.51,6,0.0,56.51,2024-09,Wednesday,196.51,0.2875680626940105
ORD-271,2024-02-19 20:20:17.408704,CUST-0011,Technology,East,189.16,7,0.2,127.61,2024-02,Monday,151.328,0.8432676041446394
ORD-272,2024-11-07 16:24:00.720360,CUST-0217,Technology,East,259.41,3,0.1,49.64,2024-11,Thursday,233.46900000000002,0.2126192342452317
ORD-273,2024-07-09 01:51:39.349674,CUST-0289,Office Supplies,North,62.51,13,0.0,75.87,2024-07,Tuesday,62.51,1.2137258038713807
ORD-274,2023-06-11 01:05:33.166583,CUST-0102,Technology,North,161.99,4,0.0,-45.78,2023-06,Sunday,161.99,-0.28261003765664544
ORD-275,2023-07-25 14:20:49.824912,CUST-0267,Technology,South,236.26,14,0.0,74.02,2023-07,Tuesday,236.26,0.3132989079827309
ORD-276,2024-04-16 10:49:02.671335,CUST-0214,Furniture,North,381.53,12,0.1,126.6,2024-04,Tuesday,343.377,0.36869097231323006
ORD-277,2024-07-13 19:47:52.436218,CUST-0179,Office Supplies,East,47.97,3,0.0,-25.41,2024-07,Saturday,47.97,-0.5297060662914321
ORD-278,2024-10-30 06:49:09.874937,CUST-0088,Technology,East,623.44125,7,0.0,10.62,2024-10,Wednesday,623.44125,0.017034484003103742
ORD-279,2024-05-29 13:00:52.226113,CUST-0041,Furniture,North,222.18,7,0.0,71.17,2024-05,Wednesday,222.18,0.3203258619137636
ORD-280,2024-05-29 21:46:44.002001,CUST-0076,Office Supplies,East,127.92,4,0.2,56.87,2024-05,Wednesday,102.33600000000001,0.5557184177611006
ORD-281,2024-02-19 20:20:17.408704,CUST-0046,Technology,West,169.33,13,0.2,-51.58,2024-02,Monday,135.46400000000003,-0.3807653693970353
ORD-282,2024-08-20 10:31:45.352676,CUST-0160,Office Supplies,West,240.82,7,0.1,39.89,2024-08,Tuesday,216.738,0.18404709833993116
ORD-283,2024-08-24 19:42:06.663331,CUST-0080,Furniture,East,15.81,5,0.2,10.04,2024-08,Saturday,12.648000000000001,0.7938013915243515
ORD-284,2023-12-14 06:55:38.869434,CUST-0086,Office Supplies,East,203.67,1,0.1,-28.12,2023-12,Thursday,183.303,-0.15340720010038025
ORD-285,2024-02-08 03:52:40.580290,CUST-0092,Furniture,West,340.48,10,0.0,111.4,2024-02,Thursday,340.48,0.32718515037593987
ORD-286,2023-09-12 21:32:19.569784,CUST-0148,Office Supplies,West,80.61,4,0.0,30.33,2023-09,Tuesday,80.61,0.3762560476367696
ORD-287,2023-02-10 21:36:38.899449,CUST-0161,Furniture,East,623.44125,7,0.1,88.98,2023-02,Friday,561.097125,0.15858217060014343
ORD-288,2023-01-01 08:45:51.775887,CUST-0202,Technology,North,228.89,13,0.1,-40.4,2023-01,Sunday,206.001,-0.19611555283712215
ORD-289,2023-08-23 01:58:08.344172,CUST-0242,Office Supplies,South,69.24,2,0.0,65.34,2023-08,Wednesday,69.24,0.94367417677643
ORD-290,2023-03-21 23:23:58.919459,CUST-0002,Technology,East,83.74,2,0.2,93.7,2023-03,Tuesday,66.992,1.3986744685932648
ORD-291,2024-08-03 06:36:11.885942,CUST-0225,Technology,South,328.7,1,0.0,15.47,2024-08,Saturday,328.7,0.04706419227258899
ORD-292,2023-11-08 20:46:56.608304,CUST-0289,Office Supplies,West,265.03,2,0.0,0.17,2023-11,Wednesday,265.03,0.0006414368184733804
ORD-293,2024-10-04 08:32:53.786893,CUST-0233,Technology,West,259.79,10,0.0,-48.26,2024-10,Friday,259.79,-0.18576542592093612
ORD-294,2024-03-31 17:56:56.308154,CUST-0077,Furniture,South,202.91,14,0.0,-22.08,2024-03,Sunday,202.91,-0.1088167167709822
ORD-295,2023-05-21 05:31:21.940970,CUST-0116,Office Supplies,North,225.85,8,0.1,2.84,2023-05,Sunday,203.265,0.013971908592231816
ORD-296,2024-06-04 18:00:32.416208,CUST-0154,Furniture,South,281.9,11,0.1,-28.55,2024-06,Tuesday,253.70999999999998,-0.1125300539986599
ORD-297,2024-08-29 13:38:19.749874,CUST-0103,Technology,East,311.57,8,0.2,-16.08,2024-08,Thursday,249.256,-0.06451198767532175
ORD-298,2024-02-26 01:19:57.598799,CUST-0194,Furniture,East,219.27,8,0.2,39.49,2024-02,Monday,175.41600000000003,0.2251219957130478
ORD-299,2024-01-28 22:28:30.855427,CUST-0166,Office Supplies,South,185.84,1,0.0,46.67,2024-01,Sunday,185.84,0.25113000430477833
ORD-300,2024-09-15 08:48:01.440720,CUST-0090,Technology,West,89.32,1,0.1,95.45,2024-09,Sunday,80.38799999999999,1.1873662735731703
ORD-301,2023-09-24 05:14:04.622311,CUST-0174,Office Supplies,West,199.04,12,0.3,-15.71,2023-09,Sunday,139.32799999999997,-0.11275551217271478
ORD-302,2024-09-10 23:37:40.130065,CUST-0122,Furniture,North,188.35,10,0.0,31.39,2024-09,Tuesday,188.35,0.16665781789222195
ORD-303,2024-09-24 20:40:27.613806,CUST-0143,Office Supplies,South,232.07,4,0.1,4.94,2024-09,Tuesday,208.863,0.023651867492088117
ORD-304,2024-06-09 11:56:45.502751,CUST-0106,Technology,South,137.17,6,0.2,0.7,2024-06,Sunday,109.73599999999999,0.006378945833637093
ORD-305,2023-03-31 20:02:16.868434,CUST-0123,Technology,West,217.59,8,0.1,11.03,2023-03,Friday,195.83100000000002,0.056324075350685024
ORD-306,2023-11-01 22:15:32.866433,CUST-0009,Office Supplies,South,214.76,13,0.0,18.23,2023-11,Wednesday,214.76,0.08488545352952133
ORD-307,2024-06-17 21:31:36.348174,CUST-0262,Office Supplies,East,216.3,2,0.0,45.02,2024-06,Monday,216.3,0.20813684697179843
ORD-308,2023-03-15 18:24:18.729364,CUST-0073,Office Supplies,East,83.04,13,0.1,10.18,2023-03,Wednesday,74.736,0.13621280239777347
ORD-309,2024-03-16 18:36:33.496748,CUST-0223,Technology,North,61.96,3,0.0,103.64,2024-03,Saturday,61.96,1.672692059393157
ORD-310,2023-02-14 13:15:16.658329,CUST-0041,Office Supplies,East,594.43,6,0.0,-72.26,2023-02,Tuesday,594.43,-0.12156183234358968
ORD-311,2023-05-27 01:45:10.355177,CUST-0204,Office Supplies,West,330.11,10,0.0,93.24,2023-05,Saturday,330.11,0.2824513041107509
ORD-313,2023-04-17 23:57:50.335167,CUST-0178,Furniture,West,203.07,12,0.0,18.67,2023-04,Monday,203.07,0.09193874033584479
ORD-314,2023-04-12 21:15:45.472736,CUST-0084,Furniture,East,145.14,2,0.1,29.42,2023-04,Wednesday,130.626,0.22522315618636413
ORD-315,2024-11-10 05:45:03.151575,CUST-0111,Furniture,West,234.55,7,0.1,72.34,2024-11,Sunday,211.09500000000003,0.34268931050001183
ORD-316,2023-11-19 10:56:58.109054,CUST-0251,Office Supplies,West,228.43,4,0.0,-22.82,2023-11,Sunday,228.43,-0.09989931269973296
ORD-317,2024-08-19 08:14:10.025012,CUST-0007,Technology,West,234.61,8,0.0,-9.41,2024-08,Monday,234.61,-0.04010911725842888
ORD-318,2023-03-13 22:34:59.849924,CUST-0084,Furniture,South,91.02,8,0.3,60.03,2023-03,Monday,63.71399999999999,0.9421791129108203
ORD-319,2023-12-25 05:51:32.146073,CUST-0208,Technology,North,292.71,7,0.0,-71.89,2023-12,Monday,292.71,-0.2456014485326774
ORD-320,2024-12-05 19:15:27.463731,CUST-0022,Furniture,West,213.88,10,0.0,27.95,2024-12,Thursday,213.88,0.1306807555638676
ORD-321,2024-07-14 04:33:44.212106,CUST-0003,Technology,South,227.76,9,0.0,-17.86,2024-07,Sunday,227.76,-0.07841587636108184
ORD-322,2023-10-02 06:03:03.691845,CUST-0127,Technology,East,7.64,4,0.2,-30.49,2023-10,Monday,6.112,-4.988547120418848
ORD-323,2023-02-22 05:18:23.951975,CUST-0297,Office Supplies,East,203.67,7,0.1,-68.31,2023-02,Wednesday,183.303,-0.3726616585653263
ORD-324,2023-08-11 00:44:39.739869,CUST-0188,Furniture,South,325.72,10,0.0,76.34,2023-08,Friday,325.72,0.23437308117401448
ORD-325,2024-03-22 23:36:13.686843,CUST-0014,Technology,West,225.63,10,0.0,39.53,2024-03,Friday,225.63,0.17519833355493508
ORD-326,2024-02-23 20:44:46.943471,CUST-0012,Office Supplies,Unknown,396.24,12,0.0,-10.34,2024-02,Friday,396.24,-0.026095295780335148
ORD-327,2023-03-09 22:10:30.315157,CUST-0087,Technology,West,300.92,1,0.1,20.13,2023-03,Thursday,270.82800000000003,0.07432761752846824
ORD-328,2024-05-07 15:09:05.672836,CUST-0012,Office Supplies,South,198.84,4,0.1,-35.57,2024-05,Tuesday,178.95600000000002,-0.19876394197456357
ORD-329,2023-06-19 01:54:32.236118,CUST-0025,Technology,West,308.95,2,0.1,-2.17,2023-06,Monday,278.055,-0.007804211397025767
ORD-330,2024-05-16 00:43:56.518259,CUST-0243,Furniture,West,22.99,9,0.0,18.1,2024-05,Thursday,22.99,0.7872988255763377
ORD-331,2024-10-17 03:18:05.942971,CUST-0122,Technology,West,445.45,5,0.2,33.84,2024-10,Thursday,356.36,0.09496015265461893
ORD-332,2023-08-29 15:43:40.310155,CUST-0147,Technology,North,86.89,3,0.0,53.52,2023-08,Tuesday,86.89,0.6159512026700427
ORD-333,2023-10-06 15:13:25.002501,CUST-0055,Technology,North,85.3,4,0.1,-78.35,2023-10,Friday,76.77,-1.0205809561026442
ORD-334,2023-12-15 09:13:14.197098,CUST-0238,Furniture,South,385.45,6,0.1,53.71,2023-12,Friday,346.905,0.15482624926132516
ORD-335,2024-12-14 22:22:01.860930,CUST-0173,Technology,East,105.58,10,0.0,-73.53,2024-12,Saturday,105.58,-0.6964387194544421
ORD-336,2023-05-27 19:16:53.906953,CUST-0221,Office Supplies,East,48.33,1,0.3,55.89,2023-05,Saturday,33.830999999999996,1.6520351157222668
ORD-337,2024-05-14 22:26:21.190595,CUST-0119,Technology,West,128.13,7,0.0,17.2,2024-05,Tuesday,128.13,0.1342386638570202
ORD-338,2024-12-26 06:03:46.913456,CUST-0183,Office Supplies,North,1.82,8,0.2,95.49,2024-12,Thursday,1.4560000000000002,65.5837912087912
ORD-339,2024-07-14 04:33:44.212106,CUST-0288,Furniture,South,265.52,7,0.1,-10.47,2024-07,Sunday,238.968,-0.04381339760972181
ORD-340,2023-02-23 07:35:59.279639,CUST-0300,Furniture,West,264.64,7,0.0,76.85,2023-02,Thursday,264.64,0.2903944981862152
ORD-341,2024-03-03 15:05:29.564782,CUST-0082,Furniture,North,139.89,9,0.0,-40.04,2024-03,Sunday,139.89,-0.2862248909857746
ORD-342,2023-11-12 03:39:42.591295,CUST-0211,Furniture,West,516.4,13,0.1,36.35,2023-11,Sunday,464.76,0.07821241070660126
ORD-343,2024-09-25 05:26:19.389694,CUST-0150,Furniture,North,41.75,4,0.1,-92.28,2024-09,Wednesday,37.575,-2.4558882235528943
ORD-344,2024-11-04 00:45:22.961480,CUST-0037,Office Supplies,South,164.11,14,0.1,82.98,2024-11,Monday,147.699,0.5618182926086162
ORD-345,2023-06-28 05:01:06.633316,CUST-0059,Office Supplies,East,227.47,7,0.3,133.61,2023-06,Wednesday,159.22899999999998,0.839105941756841
ORD-346,2023-12-05 21:20:48.024012,CUST-0131,Technology,West,88.47,9,0.2,-11.89,2023-12,Tuesday,70.776,-0.16799480049734375
ORD-347,2024-12-16 09:25:28.964482,CUST-0202,Furniture,Unknown,36.91,5,0.0,37.36,2024-12,Monday,36.91,1.012191817935519
ORD-348,2024-08-30 07:10:03.301650,CUST-0243,Office Supplies,South,234.19,2,0.0,56.63,2024-08,Friday,234.19,0.24181220376617277
ORD-349,2023-07-20 20:24:36.738369,CUST-0035,Technology,North,270.24,5,0.0,-63.02,2023-07,Thursday,270.24,-0.2332001184132623
ORD-350,2023-05-04 01:35:48.474237,CUST-0093,Technology,West,47.06,4,0.1,-14.95,2023-05,Thursday,42.354000000000006,-0.35297728667894407
ORD-351,2023-11-15 01:46:36.798399,CUST-0207,Furniture,West,49.16,8,0.0,-18.66,2023-11,Wednesday,49.16,-0.37957689178193654
ORD-352,2023-08-22 17:12:16.568284,CUST-0213,Technology,West,195.52,5,0.0,174.42,2023-08,Tuesday,195.52,0.8920826513911619
ORD-353,2024-10-20 01:25:00.150075,CUST-0159,Furniture,South,398.49,9,0.2,92.75,2024-10,Sunday,318.79200000000003,0.2909420562623905
ORD-354,2024-12-22 14:25:09.154577,CUST-0024,Furniture,North,134.98,9,0.3,16.98,2024-12,Sunday,94.48599999999999,0.17970916326228226
ORD-355,2023-06-22 08:47:18.219109,CUST-0293,Technology,West,526.23,3,0.0,76.74,2023-06,Thursday,526.23,0.14582977025255114
ORD-356,2024-12-20 01:04:06.723361,CUST-0004,Furniture,East,367.8,13,0.0,42.67,2024-12,Friday,367.8,0.11601413811854269
ORD-357,2023-02-24 18:39:26.383191,CUST-0220,Office Supplies,East,623.44125,10,0.2,65.58,2023-02,Friday,498.753,0.13148793089966376
ORD-358,2024-06-09 03:10:53.726863,CUST-0020,Furniture,East,623.44125,6,0.0,-33.21,2024-06,Sunday,623.44125,-0.053268852518180344
ORD-359,2024-04-27 09:44:55.947973,CUST-0152,Furniture,East,385.21,6,0.3,112.4,2024-04,Saturday,269.647,0.41684127767043583
ORD-360,2024-08-19 17:00:01.800900,CUST-0050,Technology,West,444.9,4,0.0,-16.06,2024-08,Monday,444.9,-0.03609799955046078
ORD-361,2023-04-06 16:16:05.282641,CUST-0177,Office Supplies,East,57.92,11,0.2,-12.96,2023-04,Thursday,46.336000000000006,-0.2796961325966851
ORD-362,2024-10-14 13:57:03.511755,CUST-0096,Office Supplies,East,126.09,13,0.1,65.41,2024-10,Monday,113.48100000000001,0.5763960486777522
ORD-363,2023-02-22 05:18:23.951975,CUST-0105,Furniture,North,320.91,10,0.3,50.75,2023-02,Wednesday,224.637,0.22592003988657255
ORD-364,2023-05-06 23:42:42.681340,CUST-0250,Office Supplies,East,187.44,3,0.1,31.39,2023-05,Saturday,168.696,0.1860743586095699
ORD-365,2023-08-16 12:12:36.378189,CUST-0117,Office Supplies,East,135.05,1,0.0,80.38,2023-08,Wednesday,135.05,0.5951869677897075
ORD-366,2024-01-07 00:36:44.302151,CUST-0228,Office Supplies,West,442.45,12,0.1,-39.66,2024-01,Sunday,398.205,-0.09959694127396693
ORD-367,2024-08-05 11:11:22.541270,CUST-0066,Office Supplies,East,90.07,7,0.0,140.66,2024-08,Monday,90.07,1.561674253358499
ORD-368,2023-11-18 08:39:22.781390,CUST-0262,Furniture,West,126.84,5,0.0,-0.04,2023-11,Saturday,126.84,-0.000315357931251971
ORD-369,2023-01-01 08:45:51.775887,CUST-0295,Office Supplies,East,275.38,14,0.1,24.7,2023-01,Sunday,247.842,0.0996602674284423
ORD-370,2023-11-24 04:53:11.195597,CUST-0243,Office Supplies,North,203.67,10,0.1,141.59,2023-11,Friday,183.303,0.7724368941042973
ORD-371,2024-04-29 14:20:06.603301,CUST-0186,Office Supplies,South,41.41,7,0.0,-12.57,2024-04,Monday,41.41,-0.3035498671818402
ORD-372,2023-04-03 09:23:19.299649,CUST-0246,Technology,North,349.99,1,0.1,91.38,2023-04,Monday,314.99100000000004,0.2901035267674314
ORD-373,2024-09-03 16:20:24.612306,CUST-0125,Office Supplies,West,124.79,8,0.0,17.14,2024-09,Tuesday,124.79,0.1373507492587547
ORD-375,2024-01-23 02:14:42.441220,CUST-0131,Office Supplies,North,302.57,7,0.1,6.98,2024-01,Tuesday,272.313,0.025632268749563925
ORD-376,2024-03-08 00:15:50.875437,CUST-0237,Technology,East,195.52,12,0.3,63.98,2024-03,Friday,136.864,0.4674713584288052
ORD-377,2024-01-06 07:05:00.750375,CUST-0018,Office Supplies,West,482.51,3,0.2,90.86,2024-01,Saturday,386.00800000000004,0.2353837226171478
ORD-379,2024-04-03 16:03:50.515257,CUST-0021,Office Supplies,West,88.14,3,0.0,-65.88,2024-04,Wednesday,88.14,-0.7474472430224642
ORD-380,2024-02-14 17:38:12.546273,CUST-0225,Furniture,East,167.21,10,0.0,68.13,2024-02,Wednesday,167.21,0.40745170743376585
ORD-381,2024-09-06 05:41:27.043521,CUST-0282,Technology,North,400.34,9,0.0,21.47,2024-09,Friday,400.34,0.053629414997252337
ORD-382,2023-10-25 14:58:17.348674,CUST-0008,Office Supplies,South,211.25,13,0.2,-36.15,2023-10,Wednesday,169.0,-0.213905325443787
ORD-383,2023-03-17 14:13:37.608804,CUST-0100,Furniture,East,226.22,2,0.0,50.78,2023-03,Friday,226.22,0.22447175316064008
ORD-384,2024-02-26 10:05:49.374687,CUST-0240,Technology,West,76.85,14,0.0,98.03,2024-02,Monday,76.85,1.2756018217306442
ORD-385,2023-05-28 04:02:45.682841,CUST-0087,Furniture,East,179.94,4,0.1,30.4,2023-05,Sunday,161.946,0.18771689328541613
ORD-386,2023-02-25 03:25:18.159079,CUST-0298,Furniture,North,141.52,6,0.1,85.4,2023-02,Saturday,127.36800000000001,0.6704980842911877
ORD-387,2023-01-20 08:30:44.122061,CUST-0014,Technology,West,94.1,14,0.2,57.74,2023-01,Friday,75.28,0.7670031880977684
ORD-388,2024-02-22 09:41:19.839919,CUST-0002,Office Supplies,West,253.32,3,0.1,58.52,2024-02,Thursday,227.988,0.2566801761496219
ORD-389,2024-09-11 08:23:31.905952,CUST-0293,Furniture,South,227.21,12,0.1,11.67,2024-09,Wednesday,204.489,0.057069084400627905
ORD-390,2024-12-10 13:11:40.550275,CUST-0041,Technology,West,385.75,10,0.1,79.12,2024-12,Tuesday,347.175,0.22789659393677542
ORD-391,2023-08-17 23:16:03.481740,CUST-0111,Furniture,North,185.61,14,0.3,84.85,2023-08,Thursday,129.927,0.6530590254527542
ORD-392,2023-08-02 23:55:40.670335,CUST-0014,Office Supplies,West,188.5,10,0.0,77.56,2023-08,Wednesday,188.5,0.4114588859416446
ORD-393,2024-08-24 19:42:06.663331,CUST-0231,Office Supplies,West,280.75,7,0.0,11.17,2024-08,Saturday,280.75,0.03978628673196794
ORD-394,2024-12-28 01:53:05.792896,CUST-0084,Furniture,North,332.95,7,0.0,89.1,2024-12,Saturday,332.95,0.26760774891124794
ORD-395,2024-06-10 23:00:12.606303,CUST-0130,Technology,East,431.96,5,0.0,53.18,2024-06,Monday,431.96,0.12311325122696547
ORD-396,2024-06-11 16:31:56.158079,CUST-0231,Office Supplies,West,64.72,3,0.3,-28.34,2024-06,Tuesday,45.303999999999995,-0.6255518276531874
ORD-397,2023-02-07 14:43:52.916458,CUST-0145,Office Supplies,East,157.44,2,0.0,7.11,2023-02,Tuesday,157.44,0.04516006097560976
ORD-398,2024-11-15 17:12:59.789894,CUST-0028,Technology,North,442.85,4,0.0,-1.82,2024-11,Friday,442.85,-0.004109743705543637
ORD-399,2023-04-03 09:23:19.299649,CUST-0066,Office Supplies,South,201.33,14,0.0,-89.27,2023-04,Monday,201.33,-0.44340138081756314
ORD-400,2024-04-01 11:28:39.859929,CUST-0163,Furniture,Unknown,255.76,13,0.3,90.2,2024-04,Monday,179.03199999999998,0.503820546047634
ORD-401,2024-02-19 11:34:25.632816,CUST-0229,Office Supplies,West,79.82,4,0.2,216.07,2024-02,Monday,63.855999999999995,3.383707090954648
ORD-402,2023-07-05 21:04:13.926963,CUST-0261,Office Supplies,East,89.25,11,0.1,102.5,2023-07,Wednesday,80.325,1.2760659819483349
ORD-403,2024-06-30 07:30:56.728364,CUST-0164,Office Supplies,West,523.49,8,0.2,39.77,2024-06,Sunday,418.79200000000003,0.09496360962005004
ORD-404,2023-02-05 18:54:34.037018,CUST-0287,Furniture,South,623.44125,8,0.0,-0.95,2023-02,Sunday,623.44125,-0.0015238003580930841
ORD-405,2023-02-25 12:11:09.934967,CUST-0010,Furniture,East,102.68,13,0.1,-25.51,2023-02,Saturday,92.412,-0.27604640090031596
ORD-406,2024-11-19 00:05:45.772886,CUST-0195,Office Supplies,South,128.43,5,0.0,39.04,2024-11,Tuesday,128.43,0.3039788211477069
ORD-407,2023-11-30 09:52:51.385692,CUST-0118,Technology,West,566.36,13,0.1,88.1,2023-11,Thursday,509.72400000000005,0.17283863424127566
ORD-408,2024-12-01 18:50:57.928964,CUST-0270,Furniture,Unknown,281.72,6,0.2,-10.47,2024-12,Sunday,225.37600000000003,-0.04645570069572625
ORD-409,2023-11-17 06:21:47.453726,CUST-0080,Office Supplies,South,80.57,8,0.0,183.86,2023-11,Friday,80.57,2.2819908154399906
ORD-410,2023-05-04 01:35:48.474237,CUST-0093,Technology,South,236.67,1,0.3,-53.04,2023-05,Thursday,165.66899999999998,-0.32015645654890174
ORD-411,2024-09-23 09:37:00.510255,CUST-0266,Furniture,West,158.83,5,0.0,43.47,2024-09,Monday,158.83,0.27368884971353014
ORD-412,2023-10-27 19:33:28.004002,CUST-0257,Office Supplies,East,284.71,4,0.1,34.22,2023-10,Friday,256.239,0.1335471961723235
ORD-413,2024-03-09 02:33:26.203101,CUST-0133,Technology,West,210.0,4,0.0,30.4,2024-03,Saturday,210.0,0.14476190476190476
ORD-414,2024-09-28 12:19:05.372686,CUST-0276,Technology,West,133.24,11,0.2,-4.13,2024-09,Saturday,106.59200000000001,-0.03874587211047733
ORD-415,2023-12-16 02:44:57.748874,CUST-0264,Technology,East,150.06,2,0.1,34.95,2023-12,Saturday,135.054,0.2587853747389933
ORD-417,2023-02-28 10:18:04.142071,CUST-0001,Furniture,West,35.41,1,0.0,107.27,2023-02,Tuesday,35.41,3.029370234397063
ORD-418,2024-08-08 09:18:16.748374,CUST-0064,Office Supplies,North,134.02,14,0.0,127.25,2024-08,Thursday,134.02,0.9494851514699297
ORD-419,2023-10-20 03:30:20.710355,CUST-0284,Furniture,North,276.34,6,0.1,6.69,2023-10,Friday,248.706,0.026899230416636513
ORD-420,2023-05-25 23:27:35.027513,CUST-0121,Furniture,East,99.69,7,0.1,-68.7,2023-05,Thursday,89.721,-0.7657070251111779
ORD-421,2024-04-19 17:41:48.654327,CUST-0107,Technology,Unknown,181.21,5,0.0,49.06,2024-04,Friday,181.21,0.2707356106175156
ORD-422,2023-10-25 14:58:17.348674,CUST-0175,Office Supplies,East,120.44,8,0.0,46.9,2023-10,Wednesday,120.44,0.38940551311856525
ORD-423,2024-12-09 02:08:13.446723,CUST-0204,Office Supplies,West,339.3,9,0.0,36.31,2024-12,Monday,339.3,0.10701444149720012
ORD-424,2024-07-11 15:12:41.780890,CUST-0165,Office Supplies,West,218.64,11,0.1,61.98,2024-07,Thursday,196.77599999999998,0.3149774362727162
ORD-425,2024-12-01 18:50:57.928964,CUST-0120,Technology,South,153.26,11,0.3,112.89,2024-12,Sunday,107.28199999999998,1.0522734475494493
ORD-426,2024-05-31 17:36:02.881440,CUST-0044,Furniture,East,623.44125,2,0.2,79.98,2024-05,Friday,498.753,0.16035993768458537
ORD-427,2024-02-27 21:09:16.478239,CUST-0156,Furniture,West,183.05,11,0.1,61.89,2024-02,Tuesday,164.745,0.37567149230629154
ORD-428,2024-03-20 19:01:03.031515,CUST-0207,Furniture,North,278.29,13,0.0,75.23,2024-03,Wednesday,278.29,0.2703295123791728
ORD-429,2023-05-27 01:45:10.355177,CUST-0108,Furniture,East,331.34,4,0.0,45.09,2023-05,Saturday,331.34,0.13608378101044247
ORD-430,2023-08-22 08:26:24.792396,CUST-0251,Furniture,North,623.44125,11,0.0,-26.73,2023-08,Tuesday,623.44125,-0.042874930075608574
ORD-431,2024-01-21 15:11:15.337668,CUST-0130,Technology,South,284.16,9,0.1,117.03,2024-01,Sunday,255.74400000000003,0.4576060435435435
ORD-432,2023-09-08 21:07:50.035017,CUST-0293,Technology,Unknown,87.58,5,0.0,36.16,2023-09,Friday,87.58,0.41287965288878736
ORD-433,2023-06-17 14:51:05.132566,CUST-0020,Office Supplies,East,121.15,3,0.1,-26.76,2023-06,Saturday,109.03500000000001,-0.2454257807126152
ORD-434,2023-12-15 09:13:14.197098,CUST-0282,Office Supplies,East,188.96,6,0.0,-37.68,2023-12,Friday,188.96,-0.1994072819644369
ORD-435,2024-11-27 00:54:44.842421,CUST-0285,Furniture,West,176.97,3,0.2,-25.07,2024-11,Wednesday,141.576,-0.17707803582528114
ORD-436,2023-06-21 06:29:42.891445,CUST-0001,Office Supplies,West,76.64,14,0.2,-43.96,2023-06,Wednesday,61.312000000000005,-0.7169885177453027
ORD-437,2024-05-25 12:36:22.691345,CUST-0119,Technology,East,623.44125,5,0.2,70.13,2024-05,Saturday,498.753,0.14061068304351051
ORD-438,2024-01-17 14:46:45.802901,CUST-0035,Furniture,East,353.08,3,0.0,19.49,2024-01,Wednesday,353.08,0.055199954684490765
ORD-439,2023-10-01 12:31:20.140070,CUST-0198,Furniture,South,450.08,6,0.0,76.56,2023-10,Sunday,450.08,0.17010309278350516
ORD-440,2024-09-10 06:05:56.578289,CUST-0245,Office Supplies,South,623.44125,12,0.3,100.17,2024-09,Tuesday,436.40887499999997,0.2295324539401267
ORD-441,2023-01-14 12:16:55.707853,CUST-0059,Office Supplies,East,326.01,10,0.2,84.65,2023-01,Saturday,260.808,0.3245682647771541
ORD-442,2023-03-25 15:02:36.678339,CUST-0161,Technology,West,219.37,5,0.1,68.04,2023-03,Saturday,197.43300000000002,0.34462323927610883
ORD-443,2024-05-21 20:57:44.932466,CUST-0179,Furniture,West,525.88,14,0.0,47.25,2024-05,Tuesday,525.88,0.08984939529930783
ORD-444,2023-07-25 05:34:58.049024,CUST-0206,Office Supplies,East,222.87,9,0.1,18.58,2023-07,Tuesday,200.583,0.09262998359781237
ORD-445,2023-06-09 14:02:06.063031,CUST-0012,Office Supplies,North,145.9,3,0.0,22.58,2023-06,Friday,145.9,0.15476353666895132
ORD-446,2024-10-18 23:07:24.822411,CUST-0276,Office Supplies,North,19.98,6,0.0,65.06,2024-10,Friday,19.98,3.2562562562562563
ORD-447,2024-04-21 22:16:59.309654,CUST-0181,Furniture,South,329.78,8,0.0,-27.68,2024-04,Sunday,329.78,-0.08393474437503791
ORD-448,2023-01-10 11:52:26.173086,CUST-0242,Office Supplies,North,488.45,7,0.1,26.77,2023-01,Tuesday,439.605,0.06089557671091093
ORD-449,2023-03-24 03:59:09.574787,CUST-0216,Office Supplies,North,230.06,6,0.0,-14.57,2023-03,Friday,230.06,-0.06333130487698861
ORD-450,2024-04-19 17:41:48.654327,CUST-0251,Office Supplies,North,309.01,14,0.0,100.38,2024-04,Friday,309.01,0.32484385618588396
ORD-451,2023-10-19 01:12:45.382691,CUST-0299,Technology,West,81.22,2,0.2,73.02,2023-10,Thursday,64.976,1.1237995567594188
ORD-452,2024-08-18 23:28:18.249124,CUST-0126,Office Supplies,North,78.43,7,0.1,158.25,2024-08,Sunday,70.587,2.2419142334990863
ORD-453,2023-04-14 08:19:12.576288,CUST-0217,Office Supplies,West,623.44125,8,0.1,-15.46,2023-04,Friday,561.097125,-0.027553162030548636
ORD-455,2023-12-17 05:02:33.076538,CUST-0185,Technology,East,218.74,9,0.0,33.45,2023-12,Sunday,218.74,0.15292127640120692
ORD-456,2024-07-03 05:37:50.935467,CUST-0039,Furniture,West,202.91,4,0.0,-13.53,2024-07,Wednesday,202.91,-0.06667980878221871
ORD-457,2023-06-15 01:30:02.701350,CUST-0223,Office Supplies,South,82.94,8,0.0,62.26,2023-06,Thursday,82.94,0.7506631299734748
ORD-458,2024-01-08 02:54:19.629814,CUST-0184,Technology,East,301.63,10,0.1,26.94,2024-01,Monday,271.467,0.09923858148504239
ORD-459,2024-11-07 07:38:08.944472,CUST-0178,Office Supplies,West,203.67,7,0.0,0.69,2024-11,Thursday,203.67,0.0033878332596847843
ORD-460,2023-10-25 14:58:17.348674,CUST-0294,Office Supplies,West,128.31,14,0.1,95.26,2023-10,Wednesday,115.479,0.824911888741676
ORD-461,2023-08-29 06:57:48.534267,CUST-0151,Office Supplies,North,454.96,13,0.1,-80.98,2023-08,Tuesday,409.464,-0.19777074419240764
ORD-462,2024-07-16 00:23:03.091545,CUST-0126,Office Supplies,East,203.57,10,0.0,62.53,2024-07,Tuesday,203.57,0.30716706783907255
ORD-463,2023-07-19 09:21:09.634817,CUST-0234,Technology,South,145.56,7,0.3,-3.07,2023-07,Wednesday,101.892,-0.03012994150669336
ORD-464,2024-03-19 16:43:27.703851,CUST-0008,Furniture,South,623.44125,2,0.0,79.01,2024-03,Tuesday,623.44125,0.1267320697820364
ORD-465,2024-01-27 11:25:03.751875,CUST-0129,Furniture,North,202.91,1,0.0,93.38,2024-01,Saturday,202.91,0.46020403134394555
ORD-466,2024-07-14 13:19:35.987994,CUST-0264,Technology,North,462.59,4,0.3,-106.58,2024-07,Sunday,323.813,-0.3291405842260811
ORD-467,2023-01-06 20:13:48.414207,CUST-0157,Office Supplies,East,280.63,12,0.0,17.3,2023-01,Friday,280.63,0.06164700851655205
ORD-468,2024-03-12 09:26:12.186093,CUST-0005,Furniture,West,221.46,2,0.1,33.49,2024-03,Tuesday,199.31400000000002,0.16802633031297348
ORD-469,2024-03-29 22:07:37.428714,CUST-0086,Furniture,South,432.53,8,0.2,-111.47,2024-03,Friday,346.024,-0.32214528472013504
ORD-470,2023-02-27 08:00:28.814407,CUST-0175,Office Supplies,East,229.47,10,0.0,43.67,2023-02,Monday,229.47,0.19030810127685538
ORD-471,2023-06-23 19:50:45.322661,CUST-0290,Furniture,West,21.47,7,0.1,-1.68,2023-06,Friday,19.323,-0.08694302126998912
ORD-472,2024-01-26 09:07:28.424212,CUST-0193,Furniture,North,66.31,8,0.0,-42.34,2024-01,Friday,66.31,-0.6385160609259539
ORD-473,2024-05-24 19:04:39.139569,CUST-0119,Office Supplies,East,623.44125,11,0.0,-9.03,2024-05,Friday,623.44125,-0.014484123403768999
ORD-474,2023-07-08 19:11:08.134067,CUST-0218,Office Supplies,South,261.56,6,0.0,-19.4,2023-07,Saturday,261.56,-0.07417036244074017
ORD-475,2023-02-05 18:54:34.037018,CUST-0114,Technology,East,184.05,1,0.0,-4.25,2023-02,Sunday,184.05,-0.02309155120891062
ORD-476,2024-11-30 07:47:30.825412,CUST-0145,Office Supplies,South,459.78,14,0.0,41.11,2024-11,Saturday,459.78,0.08941232763495585
ORD-477,2024-10-07 15:25:39.769884,CUST-0026,Technology,West,116.62,13,0.1,88.87,2024-10,Monday,104.95800000000001,0.8467196402370472
ORD-478,2024-01-23 02:14:42.441220,CUST-0136,Office Supplies,North,268.22,13,0.3,25.33,2024-01,Tuesday,187.75400000000002,0.13491057447511104
ORD-479,2023-04-12 21:15:45.472736,CUST-0232,Technology,West,285.39,12,0.0,96.17,2023-04,Wednesday,285.39,0.3369774694278006
ORD-480,2024-05-16 00:43:56.518259,CUST-0076,Furniture,West,149.11,9,0.0,-32.76,2024-05,Thursday,149.11,-0.21970357454228417
ORD-481,2023-07-01 03:08:00.840420,CUST-0289,Technology,South,253.92,6,0.3,39.17,2023-07,Saturday,177.74399999999997,0.2203731208929697
ORD-482,2023-04-20 22:04:44.542271,CUST-0001,Office Supplies,West,96.07,12,0.0,156.4,2023-04,Thursday,96.07,1.627979598209639
ORD-483,2023-03-07 17:35:19.659829,CUST-0147,Technology,West,71.71,13,0.0,-65.43,2023-03,Tuesday,71.71,-0.9124250453214338
ORD-484,2023-08-10 07:12:56.188094,CUST-0287,Furniture,West,205.92,10,0.2,-67.73,2023-08,Thursday,164.736,-0.4111426767676768
ORD-485,2024-02-14 17:38:12.546273,CUST-0142,Office Supplies,North,350.64,1,0.1,106.8,2024-02,Wednesday,315.576,0.33842877785382913
ORD-486,2023-09-13 06:18:11.345672,CUST-0053,Office Supplies,West,256.88,1,0.3,43.23,2023-09,Wednesday,179.81599999999997,0.24041242158651066
ORD-487,2023-12-29 06:16:01.680840,CUST-0069,Office Supplies,South,206.35,8,0.0,-6.09,2023-12,Friday,206.35,-0.029512963411679187
ORD-488,2024-02-20 22:37:52.736368,CUST-0090,Furniture,West,161.95,6,0.0,-37.78,2024-02,Tuesday,161.95,-0.2332818771225687
ORD-489,2023-03-11 09:13:57.418709,CUST-0220,Technology,West,159.27,8,0.0,27.84,2023-03,Saturday,159.27,0.17479751365605575
ORD-490,2023-04-03 00:37:27.523761,CUST-0192,Technology,North,59.79,8,0.0,38.01,2023-04,Monday,59.79,0.635725037631711
ORD-491,2023-12-24 21:05:40.370185,CUST-0063,Office Supplies,North,496.56,11,0.0,38.31,2023-12,Sunday,496.56,0.07715079748670856
ORD-492,2023-12-05 12:34:56.248124,CUST-0073,Technology,South,286.81,14,0.0,-38.37,2023-12,Tuesday,286.81,-0.13378194623618422
ORD-493,2024-03-08 09:01:42.651325,CUST-0161,Office Supplies,Unknown,390.49,8,0.1,9.78,2024-03,Friday,351.44100000000003,0.027828284121659108
ORD-494,2024-04-12 01:38:41.360680,CUST-0169,Technology,West,248.19,10,0.1,-4.08,2024-04,Friday,223.371,-0.018265576104328673
ORD-495,2024-05-06 12:51:30.345172,CUST-0089,Office Supplies,East,127.47,7,0.1,68.79,2024-05,Monday,114.723,0.5996182108208468
ORD-496,2023-02-16 09:04:35.537768,CUST-0176,Furniture,East,56.16,7,0.2,-34.83,2023-02,Thursday,44.928,-0.7752403846153846
ORD-497,2023-01-07 04:59:40.190095,CUST-0269,Technology,North,204.4,10,0.3,34.56,2023-01,Saturday,143.07999999999998,0.2415431926195136
ORD-498,2024-10-25 04:07:05.012506,CUST-0073,Technology,South,89.53,4,0.0,188.05,2024-10,Friday,89.53,2.1004132692952084
ORD-499,2024-10-03 23:47:02.011005,CUST-0245,Technology,East,107.29,9,0.0,-38.92,2024-10,Thursday,107.29,-0.3627551495945568
ORD-501,2023-07-27 18:56:00.480240,CUST-0159,Technology,East,461.41,2,0.3,24.37,2023-07,Thursday,322.987,0.07545195317458597
ORD-502,2024-05-06 12:51:30.345172,CUST-0098,Technology,South,245.21,11,0.1,-146.54,2024-05,Monday,220.68900000000002,-0.6640113462836842
ORD-503,2024-11-23 00:30:15.307653,CUST-0102,Furniture,West,202.91,9,0.0,-55.61,2024-11,Saturday,202.91,-0.27406239219358336
ORD-504,2023-09-08 03:36:06.483241,CUST-0132,Technology,West,46.93,10,0.2,48.64,2023-09,Friday,37.544000000000004,1.2955465587044532
ORD-505,2024-10-24 19:21:13.236618,CUST-0102,Office Supplies,West,31.99,3,0.0,19.46,2024-10,Thursday,31.99,0.6083150984682714
ORD-506,2023-08-17 05:44:19.929964,CUST-0019,Furniture,South,329.24,14,0.3,93.28,2023-08,Thursday,230.468,0.40474165610844026
ORD-507,2024-04-23 18:06:18.189094,CUST-0082,Furniture,North,342.67,13,0.1,15.71,2024-04,Tuesday,308.403,0.05093984170063196
ORD-508,2024-12-18 22:46:31.395697,CUST-0279,Technology,North,72.12,2,0.0,10.43,2024-12,Wednesday,72.12,0.14462007764836382
ORD-509,2023-11-08 12:01:04.832416,CUST-0129,Furniture,East,79.65,13,0.0,-12.17,2023-11,Wednesday,79.65,-0.1527934714375392
ORD-510,2024-09-07 16:44:54.147073,CUST-0089,Technology,West,303.95,4,0.2,9.43,2024-09,Saturday,243.16,0.03878104951472282
ORD-511,2023-12-17 22:34:16.628314,CUST-0213,Technology,North,410.17,5,0.0,-42.7,2023-12,Sunday,410.17,-0.10410317673159909
ORD-512,2024-08-29 22:24:11.525762,CUST-0143,Technology,Unknown,389.99,2,0.0,21.15,2024-08,Thursday,389.99,0.0542321597989692
ORD-513,2023-02-26 05:42:53.486743,CUST-0065,Office Supplies,East,561.82,13,0.0,-28.28,2023-02,Sunday,561.82,-0.05033640667829554
ORD-514,2023-06-28 13:46:58.409204,CUST-0076,Furniture,East,623.44125,1,0.1,-42.65,2023-06,Wednesday,561.097125,-0.07601179564054975
ORD-516,2023-10-14 07:16:32.296148,CUST-0143,Furniture,West,69.95,11,0.2,57.07,2023-10,Saturday,55.96000000000001,1.0198355968548962
ORD-517,2024-02-16 13:27:31.425712,CUST-0093,Office Supplies,South,70.85,5,0.1,38.54,2024-02,Friday,63.76499999999999,0.6044068062416686
ORD-518,2024-12-13 20:04:26.533266,CUST-0224,Office Supplies,East,102.94,9,0.1,70.06,2024-12,Friday,92.646,0.7562118170239406
ORD-519,2024-06-01 02:21:54.657328,CUST-0291,Office Supplies,West,240.26,12,0.0,-25.39,2024-06,Saturday,240.26,-0.105677183051694
ORD-520,2024-10-31 17:52:36.978489,CUST-0102,Furniture,West,190.45,12,0.1,29.21,2024-10,Thursday,171.405,0.1704150987427438
ORD-521,2023-03-31 11:16:25.092546,CUST-0267,Office Supplies,East,128.86,5,0.0,132.11,2023-03,Friday,128.86,1.0252211702623002
ORD-522,2024-03-13 20:29:39.289644,CUST-0110,Office Supplies,West,213.31,12,0.3,113.85,2024-03,Wednesday,149.31699999999998,0.7624717882089783
ORD-523,2024-01-23 19:46:25.992996,CUST-0265,Furniture,East,120.64,11,0.0,-46.48,2024-01,Tuesday,120.64,-0.38527851458885937
ORD-524,2024-07-01 18:34:23.831915,CUST-0003,Office Supplies,West,313.77,10,0.2,-30.5,2024-07,Monday,251.016,-0.12150619880804411
ORD-525,2024-09-14 15:16:17.888944,CUST-0085,Technology,North,426.39,9,0.0,131.85,2024-09,Saturday,426.39,0.3092239499050165
ORD-526,2023-10-04 19:24:06.123061,CUST-0282,Furniture,West,202.91,14,0.1,57.09,2023-10,Wednesday,182.619,0.31261807369441297
ORD-527,2023-07-16 02:28:23.651825,CUST-0117,Office Supplies,East,131.87,13,0.0,18.56,2023-07,Sunday,131.87,0.1407446727838022
ORD-528,2024-11-21 04:40:56.428214,CUST-0221,Furniture,South,283.82,12,0.0,11.86,2024-11,Thursday,283.82,0.04178704812909591
ORD-529,2024-11-03 07:13:39.409704,CUST-0154,Furniture,North,317.29,10,0.0,43.65,2024-11,Sunday,317.29,0.13757130700620882
ORD-530,2023-12-02 23:13:53.816908,CUST-0153,Office Supplies,North,224.8,6,0.2,44.4,2023-12,Saturday,179.84000000000003,0.24688612099644122
ORD-531,2023-05-29 15:06:12.786393,CUST-0012,Furniture,East,76.29,3,0.0,-1.99,2023-05,Monday,76.29,-0.026084676890811374
ORD-532,2023-07-11 08:32:10.565282,CUST-0133,Technology,East,195.52,4,0.2,20.21,2023-07,Tuesday,156.41600000000003,0.12920673076923075
ORD-533,2023-10-30 00:08:38.659329,CUST-0293,Furniture,East,280.79,4,0.1,-4.09,2023-10,Monday,252.711,-0.016184495332613142
ORD-534,2024-07-12 08:44:25.332666,CUST-0300,Office Supplies,East,455.76,1,0.1,40.12,2024-07,Friday,410.184,0.09780976342324418
ORD-535,2023-11-26 09:28:21.850925,CUST-0228,Technology,West,173.88,3,0.1,-14.25,2023-11,Sunday,156.492,-0.09105896787056209
ORD-536,2024-11-05 20:34:41.840920,CUST-0271,Office Supplies,South,24.34,3,0.0,-46.06,2024-11,Tuesday,24.34,-1.8923582580115037
ORD-537,2023-01-13 18:45:12.156078,CUST-0043,Office Supplies,West,400.52,13,0.0,118.52,2023-01,Friday,400.52,0.29591531009687405
ORD-538,2023-09-07 18:50:14.707353,CUST-0021,Technology,West,60.19,14,0.0,25.83,2023-09,Thursday,60.19,0.4291410533311181
ORD-539,2023-01-07 22:31:23.741870,CUST-0107,Furniture,North,232.85,1,0.0,131.82,2023-01,Saturday,232.85,0.5661155250161047
ORD-540,2023-04-27 20:36:08.284142,CUST-0117,Technology,East,343.82,13,0.0,-85.94,2023-04,Thursday,343.82,-0.24995637252050493
ORD-541,2024-10-18 23:07:24.822411,CUST-0124,Furniture,North,53.44,9,0.3,-56.97,2024-10,Friday,37.407999999999994,-1.5229362703165101
ORD-542,2023-07-06 14:35:57.478739,CUST-0281,Office Supplies,North,335.82,11,0.0,58.01,2023-07,Thursday,335.82,0.17274134953248765
ORD-543,2023-05-26 16:59:18.579289,CUST-0292,Furniture,South,90.83,1,0.2,25.88,2023-05,Friday,72.664,0.35615985907739733
ORD-544,2023-08-27 11:08:29.654827,CUST-0203,Technology,Unknown,416.68,9,0.0,-39.46,2023-08,Sunday,416.68,-0.0947009695689738
ORD-545,2023-12-21 14:12:54.387193,CUST-0051,Technology,East,169.42,1,0.0,98.19,2023-12,Thursday,169.42,0.5795655766733562
ORD-546,2024-11-27 00:54:44.842421,CUST-0271,Technology,West,93.22,2,0.1,-22.19,2024-11,Wednesday,83.898,-0.26448783046079766
ORD-547,2023-06-21 15:15:34.667333,CUST-0277,Office Supplies,South,245.27,2,0.0,101.91,2023-06,Wednesday,245.27,0.41550128429893585
ORD-548,2024-03-01 19:16:10.685342,CUST-0141,Office Supplies,South,116.49,14,0.0,25.77,2024-03,Friday,116.49,0.2212207056399691
ORD-549,2024-02-12 04:17:10.115057,CUST-0275,Furniture,West,153.43,6,0.0,-34.2,2024-02,Monday,153.43,-0.22290295248647593
ORD-550,2024-05-17 20:33:15.397698,CUST-0290,Office Supplies,South,426.05,7,0.2,-10.12,2024-05,Friday,340.84000000000003,-0.029691350780424827
ORD-551,2023-11-01 04:43:49.314657,CUST-0052,Technology,East,385.13,11,0.0,112.33,2023-11,Wednesday,385.13,0.2916677485524368
ORD-552,2024-10-27 17:28:07.443721,CUST-0027,Office Supplies,South,118.29,1,0.0,12.14,2024-10,Sunday,118.29,0.10262913179474173
ORD-553,2023-09-23 02:56:29.294647,CUST-0157,Furniture,East,114.19,3,0.1,88.34,2023-09,Saturday,102.771,0.8595810102071596
ORD-554,2024-12-24 19:00:19.809904,CUST-0239,Furniture,North,102.34,2,0.1,114.03,2024-12,Tuesday,92.10600000000001,1.2380300957592338
ORD-555,2023-11-08 12:01:04.832416,CUST-0156,Office Supplies,South,576.88,8,0.0,25.17,2023-11,Wednesday,576.88,0.04363125780058245
ORD-556,2023-01-19 06:13:08.794397,CUST-0291,Technology,East,156.38,9,0.0,16.61,2023-01,Thursday,156.38,0.10621562859700728
ORD-557,2024-09-08 10:16:37.698849,CUST-0136,Furniture,West,311.19,13,0.2,5.7,2024-09,Sunday,248.952,0.022895979947941774
ORD-558,2024-09-20 11:30:06.303151,CUST-0144,Furniture,West,293.6,2,0.0,51.13,2024-09,Friday,293.6,0.17414850136239782
ORD-559,2023-07-29 14:45:19.359679,CUST-0106,Furniture,South,460.81,2,0.0,120.36,2023-07,Saturday,460.81,0.2611922484321087
ORD-560,2024-03-18 23:11:44.152076,CUST-0158,Office Supplies,South,130.37,10,0.2,-43.62,2024-03,Monday,104.296,-0.4182327222520518
ORD-561,2024-02-24 05:30:38.719359,CUST-0146,Office Supplies,North,106.76,9,0.0,43.15,2024-02,Saturday,106.76,0.40417759460472086
ORD-562,2023-02-24 09:53:34.607303,CUST-0002,Office Supplies,North,369.12,14,0.0,40.55,2023-02,Friday,369.12,0.10985587342869527
ORD-563,2023-04-25 07:15:05.852926,CUST-0077,Office Supplies,South,190.45,4,0.1,-78.25,2023-04,Tuesday,171.405,-0.4565211049852688
ORD-564,2023-07-27 18:56:00.480240,CUST-0132,Office Supplies,West,115.16,5,0.0,-23.25,2023-07,Thursday,115.16,-0.20189301840916984
ORD-565,2024-05-13 11:22:54.087043,CUST-0090,Technology,West,245.65,13,0.1,-10.95,2024-05,Monday,221.085,-0.049528461903792655
ORD-566,2023-04-22 00:22:19.869934,CUST-0263,Technology,North,138.36,11,0.3,75.84,2023-04,Saturday,96.852,0.7830504274563251
ORD-567,2024-09-18 06:54:55.647823,CUST-0108,Furniture,West,623.44125,9,0.0,86.34,2024-09,Wednesday,623.44125,0.13848939254500725
ORD-568,2023-09-06 16:32:39.379689,CUST-0074,Furniture,East,164.2,6,0.0,-82.52,2023-09,Wednesday,164.2,-0.502557856272838
ORD-569,2023-11-02 15:47:16.418209,CUST-0039,Technology,East,290.82,10,0.0,68.35,2023-11,Thursday,290.82,0.23502510143731517
ORD-570,2024-10-21 12:28:27.253626,CUST-0159,Office Supplies,East,242.6,12,0.0,60.6,2024-10,Monday,242.6,0.2497938994229184
ORD-571,2024-01-29 07:14:22.631315,CUST-0071,Technology,South,73.14,9,0.0,64.7,2024-01,Monday,73.14,0.884604867377632
ORD-572,2024-01-01 21:54:39.439719,CUST-0241,Office Supplies,West,132.9,9,0.2,39.16,2024-01,Monday,106.32000000000001,0.3683220466516177
ORD-574,2023-08-12 11:48:06.843421,CUST-0036,Furniture,West,130.73,14,0.0,100.29,2023-08,Saturday,130.73,0.7671536755144192
ORD-575,2023-12-29 06:16:01.680840,CUST-0084,Office Supplies,East,300.7,12,0.0,-68.03,2023-12,Friday,300.7,-0.2262387761888926
ORD-576,2023-04-07 01:01:57.058529,CUST-0263,Technology,West,151.1,10,0.3,27.08,2023-04,Friday,105.77,0.25602722889288076
ORD-577,2024-01-28 22:28:30.855427,CUST-0172,Office Supplies,South,227.98,9,0.3,14.73,2024-01,Sunday,159.58599999999998,0.09230132969057438
ORD-578,2024-08-05 11:11:22.541270,CUST-0173,Technology,North,589.78,5,0.0,-4.36,2024-08,Monday,589.78,-0.0073925870663637296
ORD-579,2024-01-02 06:40:31.215607,CUST-0047,Furniture,South,269.04,5,0.3,2.73,2024-01,Tuesday,188.328,0.014495985727029438
ORD-580,2024-08-22 23:52:47.783891,CUST-0141,Office Supplies,North,179.05,12,0.0,41.21,2024-08,Thursday,179.05,0.23015917341524714
ORD-581,2023-01-02 11:03:27.103551,CUST-0118,Technology,North,279.51,8,0.0,-47.8,2023-01,Monday,279.51,-0.1710135594433115
ORD-582,2024-02-16 04:41:39.649824,CUST-0277,Office Supplies,North,181.03,10,0.2,70.24,2024-02,Friday,144.824,0.48500248577583815
ORD-583,2024-03-21 03:46:54.807403,CUST-0214,Office Supplies,South,387.52,4,0.1,7.85,2024-03,Thursday,348.768,0.02250779888063125
ORD-584,2023-10-10 06:52:02.761380,CUST-0220,Technology,South,140.89,9,0.0,82.48,2023-10,Tuesday,140.89,0.585421250621052
ORD-585,2023-11-16 21:35:55.677838,CUST-0026,Office Supplies,East,298.56,7,0.0,-7.2,2023-11,Thursday,298.56,-0.024115755627009648
ORD-587,2023-11-19 10:56:58.109054,CUST-0271,Furniture,North,45.91,13,0.3,-26.73,2023-11,Sunday,32.13699999999999,-0.8317515636182595
ORD-588,2024-05-16 09:29:48.294147,CUST-0010,Office Supplies,North,174.09,3,0.3,-6.86,2024-05,Thursday,121.863,-0.05629272215520708
ORD-589,2023-01-17 19:09:41.690845,CUST-0121,Furniture,East,350.67,4,0.0,-18.09,2023-01,Tuesday,350.67,-0.05158696210112071
ORD-590,2023-11-13 05:57:17.918959,CUST-0125,Furniture,South,337.8,7,0.2,56.08,2023-11,Monday,270.24,0.20751924215512135
ORD-591,2023-10-28 04:19:19.779889,CUST-0170,Technology,South,119.9,11,0.0,92.83,2023-10,Saturday,119.9,0.7742285237698081
ORD-592,2023-12-08 10:41:50.455227,CUST-0072,Technology,East,187.95,11,0.0,53.27,2023-12,Friday,187.95,0.28342644320297955
ORD-593,2024-11-04 00:45:22.961480,CUST-0152,Office Supplies,South,289.7,14,0.0,25.35,2024-11,Monday,289.7,0.08750431480842251
ORD-594,2023-08-28 04:40:13.206603,CUST-0208,Office Supplies,East,103.77,5,0.0,59.21,2023-08,Monday,103.77,0.5705888021586201
ORD-595,2023-04-08 20:51:15.937968,CUST-0049,Furniture,East,263.97,12,0.1,27.81,2023-04,Saturday,237.57300000000004,0.11705875667689508
ORD-596,2023-05-15 18:03:25.302651,CUST-0154,Office Supplies,East,20.27,3,0.3,31.71,2023-05,Monday,14.188999999999998,2.2348297977306366
ORD-597,2023-08-20 21:22:57.688844,CUST-0293,Office Supplies,East,169.02,1,0.2,11.6,2023-08,Sunday,135.216,0.08578866406342443
ORD-598,2024-02-17 06:59:14.977488,CUST-0068,Technology,South,258.55,7,0.0,80.2,2024-02,Saturday,258.55,0.3101914523303036
ORD-599,2024-09-10 06:05:56.578289,CUST-0050,Office Supplies,East,447.13,6,0.1,-123.96,2024-09,Tuesday,402.41700000000003,-0.3080386762984665
ORD-600,2024-09-06 05:41:27.043521,CUST-0152,Office Supplies,West,203.67,10,0.3,-97.97,2024-09,Friday,142.569,-0.6871760340607005
ORD-601,2023-08-28 13:26:04.982491,CUST-0019,Office Supplies,East,182.87,7,0.0,91.63,2023-08,Monday,182.87,0.5010663312735822
ORD-602,2023-02-13 10:57:41.330665,CUST-0100,Technology,West,623.44125,14,0.3,18.21,2023-02,Monday,436.40887499999997,0.041726924091541454
ORD-603,2023-10-31 02:26:13.986993,CUST-0060,Technology,East,352.92,2,0.0,85.03,2023-10,Tuesday,352.92,0.24093278930069137
ORD-604,2024-10-22 23:31:54.357178,CUST-0167,Furniture,North,143.59,13,0.0,-6.48,2024-10,Tuesday,143.59,-0.04512849084198064
ORD-605,2024-08-17 03:38:59.369684,CUST-0202,Office Supplies,East,253.99,12,0.0,130.45,2024-08,Saturday,253.99,0.51360289775188
ORD-606,2024-01-30 18:17:49.734867,CUST-0146,Furniture,South,97.26,4,0.0,21.81,2024-01,Tuesday,97.26,0.22424429364589757
ORD-607,2024-12-21 20:53:25.602801,CUST-0164,Office Supplies,South,579.4,2,0.0,56.96,2024-12,Saturday,579.4,0.09830859509837764
ORD-608,2024-05-14 22:26:21.190595,CUST-0242,Office Supplies,East,137.65,8,0.1,3.17,2024-05,Tuesday,123.885,0.025588247164709206
ORD-609,2023-09-28 05:38:34.157078,CUST-0069,Technology,South,185.63,7,0.2,-23.83,2023-09,Thursday,148.504,-0.16046705812638043
ORD-610,2024-06-30 16:16:48.504252,CUST-0175,Furniture,East,151.19,1,0.1,-74.46,2024-06,Sunday,136.071,-0.5472143219348722
ORD-611,2023-02-12 08:40:06.003001,CUST-0049,Furniture,East,202.91,2,0.0,77.14,2023-02,Sunday,202.91,0.38016854763195507
ORD-612,2024-11-07 16:24:00.720360,CUST-0108,Technology,East,343.57,2,0.2,53.73,2024-11,Thursday,274.856,0.1954841808074046
ORD-613,2023-10-16 11:51:42.951475,CUST-0226,Furniture,West,69.61,4,0.2,35.62,2023-10,Monday,55.688,0.6396351098980031
ORD-614,2024-02-24 23:02:22.271135,CUST-0161,Office Supplies,West,253.07,3,0.0,-38.32,2024-02,Saturday,253.07,-0.1514205555775082
ORD-615,2024-06-01 02:21:54.657328,CUST-0119,Technology,South,120.31,1,0.0,114.93,2024-06,Saturday,120.31,0.955282187681822
ORD-616,2024-12-06 04:01:19.239619,CUST-0149,Technology,West,263.61,12,0.2,36.35,2024-12,Friday,210.88800000000003,0.1723663745684913
ORD-617,2024-01-05 13:33:17.198599,CUST-0150,Technology,North,101.4,14,0.0,72.17,2024-01,Friday,101.4,0.7117357001972386
ORD-618,2024-08-30 15:55:55.077538,CUST-0293,Technology,East,623.44125,2,0.1,29.82,2024-08,Friday,561.097125,0.05314587915594827
ORD-619,2024-01-30 18:17:49.734867,CUST-0143,Furniture,North,189.4,11,0.0,-35.37,2024-01,Tuesday,189.4,-0.18674762407602954
ORD-620,2023-08-20 03:51:14.137068,CUST-0160,Furniture,East,543.9,9,0.0,89.55,2023-08,Sunday,543.9,0.1646442360728075
ORD-621,2023-07-06 23:21:49.254627,CUST-0011,Office Supplies,East,452.85,13,0.3,57.05,2023-07,Thursday,316.995,0.17997129292260128
ORD-622,2024-10-09 20:00:50.425212,CUST-0138,Office Supplies,East,322.51,1,0.0,19.12,2024-10,Wednesday,322.51,0.05928498341136709
ORD-623,2023-10-20 12:16:12.486243,CUST-0078,Office Supplies,East,243.05,9,0.0,56.02,2023-10,Friday,243.05,0.23048755400123433
ORD-624,2024-02-13 15:20:37.218609,CUST-0077,Furniture,West,143.96,7,0.3,79.05,2024-02,Tuesday,100.772,0.7844440916127495
ORD-625,2024-08-29 13:38:19.749874,CUST-0254,Furniture,South,333.83,2,0.0,69.61,2024-08,Thursday,333.83,0.2085193062337118
ORD-626,2024-02-21 16:09:36.288144,CUST-0258,Technology,East,49.43,2,0.1,-72.68,2024-02,Wednesday,44.487,-1.633735698069099
ORD-627,2023-07-24 03:17:22.721360,CUST-0291,Furniture,North,218.35,5,0.0,-59.41,2023-07,Monday,218.35,-0.2720861002976872
ORD-628,2024-08-16 01:21:24.042021,CUST-0263,Technology,North,109.27,13,0.0,73.97,2024-08,Friday,109.27,0.6769470119886519
ORD-629,2023-06-27 20:15:14.857428,CUST-0085,Office Supplies,South,261.72,5,0.2,-11.77,2023-06,Tuesday,209.37600000000003,-0.056214656885220836
ORD-630,2024-04-05 03:07:17.618809,CUST-0146,Furniture,East,283.42,4,0.2,-32.92,2024-04,Friday,226.73600000000002,-0.14519088278879402
ORD-631,2024-11-27 18:26:28.394197,CUST-0042,Office Supplies,West,531.84,12,0.0,52.33,2024-11,Wednesday,531.84,0.09839425391095065
ORD-632,2023-11-24 04:53:11.195597,CUST-0125,Technology,South,507.37,10,0.3,-34.74,2023-11,Friday,355.159,-0.09781534467660964
ORD-633,2024-04-17 21:52:29.774887,CUST-0167,Office Supplies,North,203.67,10,0.0,1.25,2024-04,Wednesday,203.67,0.006137379093631856
ORD-634,2024-03-18 14:25:52.376188,CUST-0241,Technology,West,413.79,13,0.1,81.14,2024-03,Monday,372.411,0.21787756000762598
ORD-635,2023-09-14 17:21:38.449224,CUST-0280,Furniture,East,186.11,12,0.1,-60.85,2023-09,Thursday,167.49900000000002,-0.36328575095970717
ORD-636,2024-06-20 19:38:30.555277,CUST-0188,Technology,East,101.01,3,0.0,-52.1,2024-06,Thursday,101.01,-0.5157905157905158
ORD-637,2023-07-31 19:20:30.015007,CUST-0019,Furniture,North,497.14,4,0.0,-66.66,2023-07,Monday,497.14,-0.134086977511365
ORD-638,2023-10-16 03:05:51.175587,CUST-0068,Technology,North,132.26,10,0.2,-21.67,2023-10,Monday,105.80799999999999,-0.2048049296839559
ORD-639,2023-11-11 01:22:07.263631,CUST-0218,Technology,East,113.13,4,0.1,34.96,2023-11,Saturday,101.817,0.34336112829881066
ORD-640,2023-03-31 20:02:16.868434,CUST-0102,Furniture,North,263.53,2,0.1,-7.13,2023-03,Friday,237.177,-0.030061936865716322
ORD-641,2024-12-26 06:03:46.913456,CUST-0042,Technology,North,210.09,5,0.0,120.2,2024-12,Thursday,210.09,0.5721357513446618
ORD-642,2024-02-06 08:03:21.700850,CUST-0288,Technology,West,22.24,5,0.0,57.32,2024-02,Tuesday,22.24,2.577338129496403
ORD-643,2023-02-25 20:57:01.710855,CUST-0167,Furniture,North,251.27,5,0.2,28.87,2023-02,Saturday,201.01600000000002,0.1436204083257054
ORD-644,2024-09-05 03:23:51.715857,CUST-0109,Technology,South,261.94,11,0.0,106.04,2024-09,Thursday,261.94,0.4048255325647095
ORD-645,2024-06-16 10:28:09.244622,CUST-0036,Furniture,West,202.91,11,0.3,-49.85,2024-06,Sunday,142.03699999999998,-0.350964889430219
ORD-646,2023-12-30 17:19:28.784392,CUST-0232,Office Supplies,South,462.08,10,0.0,81.99,2023-12,Saturday,462.08,0.17743680747922438
ORD-647,2024-02-09 23:41:59.459729,CUST-0229,Office Supplies,East,366.87,1,0.1,15.82,2024-02,Friday,330.183,0.047912824100574535
ORD-648,2023-09-12 04:00:36.018009,CUST-0164,Office Supplies,East,503.74,6,0.0,2.68,2023-09,Tuesday,503.74,0.005320204867590424
ORD-649,2024-04-22 15:48:42.861430,CUST-0073,Office Supplies,East,203.67,11,0.0,66.66,2024-04,Monday,203.67,0.3272941523051996
ORD-650,2024-12-30 06:28:16.448224,CUST-0136,Technology,East,308.6,2,0.1,5.25,2024-12,Monday,277.74,0.01890257074962195
ORD-651,2024-03-29 22:07:37.428714,CUST-0070,Furniture,East,303.63,7,0.1,40.91,2024-03,Friday,273.267,0.1497070630555464
ORD-652,2024-02-03 18:42:19.269634,CUST-0196,Furniture,East,146.66,4,0.0,24.01,2024-02,Saturday,146.66,0.16371198690849587
ORD-653,2024-01-26 17:53:20.200100,CUST-0269,Office Supplies,South,98.27,5,0.1,48.39,2024-01,Friday,88.443,0.5471320511515891
ORD-654,2024-01-04 02:29:50.095047,CUST-0049,Furniture,East,381.75,5,0.2,-0.42,2024-01,Thursday,305.40000000000003,-0.0013752455795677798
ORD-655,2023-02-03 23:05:15.157578,CUST-0130,Furniture,North,191.51,5,0.0,85.61,2023-02,Friday,191.51,0.44702626494700015
ORD-656,2024-10-09 11:14:58.649324,CUST-0005,Office Supplies,East,578.99,2,0.2,-92.65,2024-10,Wednesday,463.192,-0.20002504361042506
ORD-657,2023-12-16 11:30:49.524762,CUST-0027,Furniture,South,539.65,5,0.0,68.45,2023-12,Saturday,539.65,0.1268414713240063
ORD-658,2024-01-05 04:47:25.422711,CUST-0160,Furniture,North,72.17,3,0.1,-83.47,2024-01,Friday,64.953,-1.2850830600588117
ORD-659,2023-06-15 01:30:02.701350,CUST-0149,Technology,East,197.53,4,0.3,-15.21,2023-06,Thursday,138.271,-0.11000137411315462
ORD-660,2024-03-24 01:53:49.014507,CUST-0264,Technology,North,252.19,13,0.1,61.34,2024-03,Sunday,226.971,0.27025479025954857
ORD-661,2023-11-29 16:21:07.833916,CUST-0230,Office Supplies,West,79.4,2,0.0,-90.82,2023-11,Wednesday,79.4,-1.1438287153652391
ORD-662,2023-03-21 05:52:15.367683,CUST-0200,Furniture,South,295.67,4,0.0,39.99,2023-03,Tuesday,295.67,0.13525213920925355
ORD-663,2023-06-22 17:33:09.994997,CUST-0050,Office Supplies,West,300.63,13,0.1,-52.28,2023-06,Thursday,270.567,-0.19322385952462792
ORD-664,2023-06-07 09:26:55.407703,CUST-0067,Furniture,North,328.07,9,0.1,-28.14,2023-06,Wednesday,295.263,-0.09530486379939242
ORD-665,2023-05-05 03:53:23.801900,CUST-0300,Technology,South,250.36,8,0.2,-30.9,2023-05,Friday,200.288,-0.15427783991052882
ORD-666,2023-07-20 20:24:36.738369,CUST-0058,Office Supplies,West,179.06,13,0.3,-50.6,2023-07,Thursday,125.342,-0.4036954891417083
ORD-667,2024-08-20 01:45:53.576788,CUST-0259,Office Supplies,East,215.58,14,0.2,-73.78,2024-08,Tuesday,172.46400000000003,-0.427799424807496
ORD-668,2024-04-24 02:52:09.964982,CUST-0130,Office Supplies,South,83.71,11,0.2,154.27,2024-04,Wednesday,66.968,2.30363755823677
ORD-669,2024-04-11 08:06:57.808904,CUST-0215,Furniture,West,321.12,12,0.0,19.05,2024-04,Thursday,321.12,0.05932361733931241
ORD-670,2024-10-03 15:01:10.235117,CUST-0172,Technology,West,39.65,3,0.0,-44.25,2024-10,Thursday,39.65,-1.116015132408575
ORD-671,2023-05-11 00:07:12.216108,CUST-0258,Technology,East,213.49,1,0.1,-3.73,2023-05,Thursday,192.14100000000002,-0.01941282703847695
ORD-672,2023-01-09 00:48:59.069534,CUST-0102,Technology,West,338.9,1,0.1,32.2,2023-01,Monday,305.01,0.10557030917019115
ORD-673,2024-10-13 20:25:19.959979,CUST-0209,Furniture,Unknown,319.56,6,0.0,7.28,2024-10,Sunday,319.56,0.022781324320941296
ORD-674,2023-07-10 06:14:35.237618,CUST-0291,Office Supplies,West,385.27,3,0.0,-46.01,2023-07,Monday,385.27,-0.11942274249227815
ORD-675,2024-10-12 09:21:52.856428,CUST-0286,Office Supplies,West,262.51,4,0.0,-23.95,2024-10,Saturday,262.51,-0.09123461963353777
ORD-676,2024-11-10 05:45:03.151575,CUST-0116,Furniture,North,109.74,1,0.1,101.14,2024-11,Sunday,98.76599999999999,1.0240366117894824
ORD-677,2024-02-15 02:24:04.322161,CUST-0264,Office Supplies,South,170.92,8,0.3,-54.16,2024-02,Thursday,119.64399999999998,-0.4526762729430645
ORD-678,2023-10-20 12:16:12.486243,CUST-0150,Office Supplies,West,299.26,1,0.0,-89.82,2023-10,Friday,299.26,-0.3001403461872619
ORD-679,2024-03-15 07:33:06.393196,CUST-0300,Technology,West,21.47,5,0.0,6.72,2024-03,Friday,21.47,0.3129948765719609
ORD-680,2024-03-31 00:25:12.756378,CUST-0036,Technology,South,451.82,6,0.0,-85.9,2024-03,Sunday,451.82,-0.19011995927581782
ORD-681,2024-12-05 10:29:35.687843,CUST-0287,Office Supplies,North,403.55,2,0.1,-24.59,2024-12,Thursday,363.195,-0.06770467655116398
ORD-682,2023-10-05 21:41:41.450725,CUST-0208,Office Supplies,East,79.2,7,0.0,-45.12,2023-10,Thursday,79.2,-0.5696969696969696
ORD-683,2024-09-06 05:41:27.043521,CUST-0106,Office Supplies,East,171.06,7,0.0,-44.59,2024-09,Friday,171.06,-0.26066877119139487
ORD-684,2023-06-11 01:05:33.166583,CUST-0158,Furniture,West,98.24,1,0.1,34.17,2023-06,Sunday,88.416,0.38646851248642783
ORD-685,2024-08-18 14:42:26.473236,CUST-0121,Office Supplies,East,128.23,4,0.0,45.42,2024-08,Sunday,128.23,0.3542072837869454
ORD-686,2023-10-08 11:02:43.881940,CUST-0055,Technology,East,66.53,12,0.0,-18.35,2023-10,Sunday,66.53,-0.27581542161430933
ORD-687,2024-01-06 15:50:52.526263,CUST-0012,Office Supplies,South,244.45,13,0.0,24.34,2024-01,Saturday,244.45,0.09957046430762938
ORD-688,2024-05-07 06:23:13.896948,CUST-0145,Technology,East,291.93,4,0.3,-21.34,2024-05,Tuesday,204.351,-0.10442816526466717
ORD-689,2023-07-08 01:39:24.582291,CUST-0136,Furniture,North,189.1,5,0.0,54.05,2023-07,Saturday,189.1,0.2858276044420941
ORD-690,2024-01-15 10:11:35.147573,CUST-0003,Office Supplies,West,315.66,1,0.0,-58.66,2024-01,Monday,315.66,-0.18583285813850342
ORD-691,2023-10-16 20:37:34.727363,CUST-0144,Furniture,North,288.12,1,0.0,39.91,2023-10,Monday,288.12,0.13851867277523253
ORD-692,2023-05-03 08:04:04.922461,CUST-0030,Furniture,North,521.55,7,0.0,44.46,2023-05,Wednesday,521.55,0.08524590163934427
ORD-693,2024-10-12 18:07:44.632316,CUST-0237,Technology,East,374.83,9,0.2,170.16,2024-10,Saturday,299.864,0.5674572472854361
ORD-694,2023-04-04 20:26:46.403201,CUST-0279,Technology,West,176.86,1,0.0,-75.27,2023-04,Tuesday,176.86,-0.4255908628293565
ORD-695,2023-07-01 03:08:00.840420,CUST-0115,Furniture,East,424.27,2,0.1,189.35,2023-07,Saturday,381.843,0.495884434178445
ORD-696,2023-11-23 20:07:19.419709,CUST-0104,Technology,South,374.8,6,0.0,75.4,2023-11,Thursday,374.8,0.20117395944503735
ORD-697,2023-02-28 01:32:12.366183,CUST-0118,Technology,South,559.67,6,0.0,139.64,2023-02,Tuesday,559.67,0.2495041721014169
ORD-698,2024-07-01 01:02:40.280140,CUST-0005,Furniture,West,78.55,2,0.1,84.32,2024-07,Monday,70.695,1.1927293302213735
ORD-699,2023-11-07 18:29:21.280640,CUST-0248,Office Supplies,West,85.07,9,0.0,-26.61,2023-11,Tuesday,85.07,-0.31280122252262843
ORD-700,2024-09-08 01:30:45.922961,CUST-0121,Technology,West,60.04,4,0.1,69.47,2024-09,Sunday,54.036,1.2856243985491154
ORD-701,2024-12-06 04:01:19.239619,CUST-0286,Furniture,North,68.88,13,0.0,-9.94,2024-12,Friday,68.88,-0.1443089430894309
ORD-702,2023-09-09 14:39:33.586793,CUST-0149,Office Supplies,West,238.63,7,0.2,24.71,2023-09,Saturday,190.904,0.12943678498093283
ORD-703,2024-09-12 01:55:15.457728,CUST-0084,Furniture,East,460.49,6,0.0,-40.48,2024-09,Thursday,460.49,-0.0879063606158657
ORD-704,2023-05-19 09:42:03.061530,CUST-0231,Furniture,West,162.15,11,0.0,-10.72,2023-05,Friday,162.15,-0.06611162503854456
ORD-705,2024-07-26 14:33:04.592296,CUST-0288,Office Supplies,East,28.88,13,0.0,83.82,2024-07,Friday,28.88,2.9023545706371188
ORD-706,2024-12-13 20:04:26.533266,CUST-0161,Office Supplies,North,27.94,11,0.3,56.28,2024-12,Friday,19.558,2.8775948460987832
ORD-707,2023-12-16 02:44:57.748874,CUST-0272,Technology,East,402.73,3,0.1,91.45,2023-12,Saturday,362.45700000000005,0.25230579075586895
ORD-708,2023-09-09 23:25:25.362681,CUST-0038,Furniture,North,49.54,8,0.0,-53.87,2023-09,Saturday,49.54,-1.0874041178845377
ORD-709,2024-06-13 12:21:15.037518,CUST-0226,Technology,East,77.68,7,0.1,-82.23,2024-06,Thursday,69.912,-1.1761929282526604
ORD-710,2024-08-20 10:31:45.352676,CUST-0142,Furniture,East,408.88,9,0.0,96.1,2024-08,Tuesday,408.88,0.23503228331050674
ORD-711,2024-04-16 10:49:02.671335,CUST-0292,Furniture,North,202.91,3,0.0,91.66,2024-04,Tuesday,202.91,0.4517273668128727
ORD-712,2024-11-09 12:13:19.599799,CUST-0151,Office Supplies,Unknown,253.32,1,0.0,42.69,2024-11,Saturday,253.32,0.16852202747513026
ORD-713,2024-08-07 07:00:41.420710,CUST-0114,Office Supplies,South,152.56,2,0.2,55.15,2024-08,Wednesday,122.048,0.4518713948610383
ORD-714,2024-06-09 20:42:37.278639,CUST-0237,Technology,East,331.99,12,0.2,81.9,2024-06,Sunday,265.59200000000004,0.30836772191933487
ORD-715,2024-03-10 22:22:45.082541,CUST-0066,Technology,East,131.25,11,0.0,40.89,2024-03,Sunday,131.25,0.3115428571428571
ORD-716,2024-11-12 01:34:22.031015,CUST-0258,Technology,South,504.31,12,0.0,62.2,2024-11,Tuesday,504.31,0.12333683646963178
ORD-717,2024-01-25 06:49:53.096548,CUST-0249,Technology,West,144.29,1,0.3,78.89,2024-01,Thursday,101.00299999999999,0.7810659089333981
ORD-718,2024-07-30 14:57:34.127063,CUST-0180,Furniture,East,5.49,11,0.0,24.39,2024-07,Tuesday,5.49,4.442622950819672
ORD-719,2023-04-14 17:05:04.352176,CUST-0190,Office Supplies,South,185.71,5,0.0,9.26,2023-04,Friday,185.71,0.04986268913898013
ORD-720,2023-05-25 14:41:43.251625,CUST-0154,Furniture,South,373.89,10,0.0,52.92,2023-05,Thursday,373.89,0.14153895530771082
ORD-721,2023-01-05 00:24:29.534767,CUST-0196,Technology,Unknown,451.65,14,0.1,165.88,2023-01,Thursday,406.485,0.4080839391367455
ORD-722,2024-08-18 05:56:34.697348,CUST-0262,Furniture,South,209.87,2,0.0,-20.86,2024-08,Sunday,209.87,-0.09939486348692048
ORD-723,2024-04-28 20:48:23.051525,CUST-0143,Technology,South,114.94,3,0.0,4.16,2024-04,Sunday,114.94,0.03619279624151731
ORD-724,2024-12-02 12:22:41.480740,CUST-0101,Furniture,East,75.57,8,0.3,-75.38,2024-12,Monday,52.898999999999994,-1.4249796782547874
ORD-725,2024-04-10 23:21:06.033016,CUST-0244,Office Supplies,East,100.76,10,0.1,56.09,2024-04,Wednesday,90.68400000000001,0.6185214591328128
ORD-726,2023-07-01 20:39:44.392196,CUST-0012,Technology,North,493.44,14,0.0,-1.8,2023-07,Saturday,493.44,-0.0036478599221789884
ORD-727,2023-10-02 23:34:47.243621,CUST-0239,Furniture,West,352.05,5,0.2,-54.02,2023-10,Monday,281.64000000000004,-0.19180514131515408
ORD-728,2023-01-13 09:59:20.380190,CUST-0049,Furniture,West,99.8,4,0.0,26.18,2023-01,Friday,99.8,0.2623246492985972
ORD-729,2023-09-23 02:56:29.294647,CUST-0042,Technology,West,315.06,5,0.1,119.68,2023-09,Saturday,283.55400000000003,0.42207128095530305
ORD-730,2023-11-06 16:11:45.952976,CUST-0166,Technology,West,363.1,10,0.1,8.88,2023-11,Monday,326.79,0.027173414119159092
ORD-731,2023-02-02 12:01:48.054027,CUST-0082,Furniture,North,427.16,6,0.0,14.37,2023-02,Thursday,427.16,0.033640790336173794
ORD-732,2023-10-11 00:23:46.313156,CUST-0291,Technology,East,276.45,12,0.0,117.34,2023-10,Wednesday,276.45,0.42445288478929283
ORD-733,2023-08-09 13:41:12.636318,CUST-0158,Office Supplies,East,221.66,7,0.2,29.7,2023-08,Wednesday,177.328,0.1674862401876748
ORD-734,2024-12-11 06:43:24.102051,CUST-0216,Office Supplies,West,272.36,14,0.0,-42.46,2024-12,Wednesday,272.36,-0.15589660743134087
ORD-735,2023-12-20 20:41:10.835417,CUST-0158,Technology,North,216.02,13,0.1,71.34,2023-12,Wednesday,194.418,0.36694133259266115
ORD-736,2024-08-16 10:07:15.817908,CUST-0134,Technology,East,243.19,9,0.0,97.48,2024-08,Friday,243.19,0.40083885028167276
ORD-737,2024-01-08 20:26:03.181590,CUST-0067,Office Supplies,North,284.1,1,0.0,17.98,2024-01,Monday,284.1,0.06328757479760647
ORD-738,2023-06-02 06:44:50.545272,CUST-0007,Furniture,North,128.85,4,0.0,37.83,2023-06,Friday,128.85,0.29359720605355066
ORD-739,2023-02-11 15:08:22.451225,CUST-0014,Furniture,West,274.72,12,0.0,-48.67,2023-02,Saturday,274.72,-0.17716220151426906
ORD-740,2023-08-13 22:51:33.946973,CUST-0073,Furniture,East,171.5,12,0.1,-22.24,2023-08,Sunday,154.35,-0.1440881114350502
ORD-741,2024-12-04 08:12:00.360180,CUST-0163,Furniture,West,87.17,9,0.1,10.02,2024-12,Wednesday,78.453,0.1277197812703147
ORD-742,2024-03-21 03:46:54.807403,CUST-0066,Furniture,West,265.84,5,0.0,34.62,2024-03,Thursday,265.84,0.13022870899789346
ORD-743,2023-10-29 06:36:55.107553,CUST-0130,Technology,South,128.6,8,0.0,-7.18,2023-10,Sunday,128.6,-0.05583203732503888
ORD-744,2024-07-10 12:55:06.453226,CUST-0206,Technology,East,143.58,12,0.1,7.75,2024-07,Wednesday,129.222,0.0599743077804089
ORD-745,2024-08-25 04:27:58.439219,CUST-0276,Technology,North,329.37,1,0.0,22.57,2024-08,Sunday,329.37,0.06852475938913684
ORD-746,2024-07-07 14:48:12.246123,CUST-0256,Technology,East,225.33,4,0.0,-29.88,2024-07,Sunday,225.33,-0.13260551191585673
ORD-747,2024-02-05 23:17:29.924962,CUST-0266,Technology,West,415.99,12,0.1,13.87,2024-02,Monday,374.391,0.03704683071975554
ORD-748,2023-05-31 10:55:31.665832,CUST-0025,Furniture,North,463.05,14,0.3,99.36,2023-05,Wednesday,324.135,0.30653894210745525
ORD-749,2024-05-25 21:22:14.467233,CUST-0281,Office Supplies,West,418.82,12,0.3,-5.76,2024-05,Saturday,293.174,-0.019647035548854948
ORD-750,2024-06-10 23:00:12.606303,CUST-0253,Office Supplies,West,248.46,9,0.3,-24.06,2024-06,Monday,173.922,-0.13833787559940663
ORD-751,2023-09-23 20:28:12.846423,CUST-0289,Office Supplies,East,186.86,13,0.0,155.11,2023-09,Saturday,186.86,0.8300866959220807
ORD-752,2024-04-19 17:41:48.654327,CUST-0164,Technology,West,432.2,1,0.0,43.54,2024-04,Friday,432.2,0.1007403979639056
ORD-753,2024-01-08 11:40:11.405702,CUST-0095,Furniture,North,177.34,1,0.0,-16.37,2024-01,Monday,177.34,-0.09230855982857787
ORD-754,2023-10-05 12:55:49.674837,CUST-0270,Office Supplies,West,132.08,4,0.0,68.61,2023-10,Thursday,132.08,0.5194579043004239
ORD-755,2023-09-04 11:57:28.724362,CUST-0110,Office Supplies,South,7.24,14,0.1,45.37,2023-09,Monday,6.516,6.962860650705954
ORD-756,2024-06-01 11:07:46.433216,CUST-0238,Technology,North,193.81,3,0.0,-4.21,2024-06,Saturday,193.81,-0.021722305350601104
ORD-757,2024-11-21 22:12:39.979990,CUST-0025,Office Supplies,West,61.87,7,0.0,27.06,2024-11,Thursday,61.87,0.4373686762566672
ORD-758,2023-06-16 12:33:29.804902,CUST-0141,Furniture,East,195.21,11,0.0,12.51,2023-06,Friday,195.21,0.06408483171968649
ORD-759,2023-12-02 14:28:02.041020,CUST-0117,Office Supplies,West,83.01,3,0.0,89.4,2023-12,Saturday,83.01,1.0769786772677992
ORD-760,2023-03-11 17:59:49.194597,CUST-0025,Furniture,North,558.97,1,0.2,70.88,2023-03,Saturday,447.17600000000004,0.15850582321054796
ORD-761,2023-09-27 12:06:50.605302,CUST-0079,Technology,East,623.44125,12,0.0,-98.58,2023-09,Wednesday,623.44125,-0.15812235715875395
ORD-762,2024-09-17 04:37:20.320160,CUST-0068,Furniture,South,49.39,11,0.1,144.17,2024-09,Tuesday,44.451,3.2433466063755594
ORD-763,2024-02-14 17:38:12.546273,CUST-0173,Office Supplies,East,35.35,10,0.0,12.7,2024-02,Wednesday,35.35,0.35926449787835923
ORD-764,2024-07-27 16:50:39.919959,CUST-0012,Office Supplies,South,125.56,2,0.1,133.34,2024-07,Saturday,113.004,1.179958231567024
ORD-765,2023-12-23 18:48:05.042521,CUST-0288,Technology,East,96.18,10,0.1,72.96,2023-12,Saturday,86.56200000000001,0.8428640743051221
ORD-766,2024-01-04 02:29:50.095047,CUST-0128,Furniture,South,408.03,13,0.0,44.89,2024-01,Thursday,408.03,0.11001642036124795
ORD-767,2023-02-04 16:36:58.709354,CUST-0096,Furniture,West,293.87,4,0.0,24.35,2023-02,Saturday,293.87,0.08285976792459251
ORD-768,2024-09-08 01:30:45.922961,CUST-0092,Furniture,West,35.09,1,0.1,195.53,2024-09,Sunday,31.581000000000003,6.191380893575251
ORD-769,2023-08-30 18:01:15.637818,CUST-0141,Furniture,East,393.9,1,0.3,13.7,2023-08,Wednesday,275.72999999999996,0.04968628731004969
ORD-770,2024-03-18 23:11:44.152076,CUST-0031,Furniture,West,124.0,12,0.0,-10.28,2024-03,Monday,124.0,-0.08290322580645161
ORD-771,2024-10-04 08:32:53.786893,CUST-0020,Technology,Unknown,172.36,14,0.1,-4.88,2024-10,Friday,155.12400000000002,-0.0314587040045383
ORD-772,2023-01-14 03:31:03.931965,CUST-0146,Furniture,East,23.62,8,0.0,30.06,2023-01,Saturday,23.62,1.2726502963590176
ORD-773,2024-10-20 10:10:51.925962,CUST-0160,Furniture,East,366.62,7,0.0,29.96,2024-10,Sunday,366.62,0.08171949157165458
ORD-774,2024-05-23 08:01:12.036018,CUST-0043,Furniture,North,91.92,14,0.0,90.24,2024-05,Thursday,91.92,0.9817232375979111
ORD-775,2024-09-19 09:12:30.975487,CUST-0254,Office Supplies,West,623.44125,8,0.0,75.49,2024-09,Thursday,623.44125,0.12108598845520728
ORD-776,2024-07-19 07:15:49.074537,CUST-0130,Office Supplies,West,113.26,13,0.0,75.57,2024-07,Friday,113.26,0.6672258520218964
ORD-777,2023-04-12 12:29:53.696848,CUST-0060,Office Supplies,North,384.37,4,0.1,16.31,2023-04,Wednesday,345.933,0.04714785811125275
ORD-778,2023-03-20 21:06:23.591795,CUST-0151,Technology,East,80.75,6,0.2,70.59,2023-03,Monday,64.60000000000001,1.0927244582043343
ORD-779,2023-11-13 05:57:17.918959,CUST-0287,Furniture,South,117.54,13,0.3,76.88,2023-11,Monday,82.278,0.9343931549138286
ORD-780,2023-11-15 10:32:28.574287,CUST-0005,Furniture,West,135.55,3,0.2,25.24,2023-11,Wednesday,108.44000000000001,0.23275544079675392
ORD-781,2024-10-26 23:56:23.891945,CUST-0266,Technology,East,195.52,11,0.0,46.75,2024-10,Saturday,195.52,0.2391059738134206
ORD-782,2024-04-18 06:38:21.550775,CUST-0130,Furniture,North,92.19,13,0.1,76.8,2024-04,Thursday,82.971,0.9256246158296272
ORD-783,2024-11-26 07:23:01.290645,CUST-0267,Technology,North,66.19,8,0.2,42.67,2024-11,Tuesday,52.952,0.8058241426197311
ORD-784,2023-01-23 06:37:38.329164,CUST-0178,Office Supplies,West,128.75,4,0.1,48.39,2023-01,Monday,115.875,0.41760517799352753
ORD-785,2023-08-06 06:48:26.653326,CUST-0253,Furniture,North,139.25,3,0.0,114.43,2023-08,Sunday,139.25,0.8217594254937164
ORD-786,2024-11-25 22:37:09.514757,CUST-0056,Furniture,East,263.17,4,0.3,43.14,2024-11,Monday,184.219,0.23417779924980595
ORD-787,2023-09-23 20:28:12.846423,CUST-0083,Technology,West,133.66,6,0.1,-6.46,2023-09,Saturday,120.294,-0.05370176401150515
ORD-788,2024-05-13 11:22:54.087043,CUST-0099,Technology,South,98.0,11,0.0,-50.74,2024-05,Monday,98.0,-0.5177551020408163
ORD-789,2023-05-25 14:41:43.251625,CUST-0149,Furniture,East,139.35,7,0.2,36.79,2023-05,Thursday,111.48,0.3300143523501973
ORD-790,2023-09-12 21:32:19.569784,CUST-0156,Office Supplies,West,62.67,7,0.0,10.11,2023-09,Tuesday,62.67,0.1613212063188128
ORD-791,2024-01-16 12:29:10.475237,CUST-0190,Technology,South,35.28,14,0.0,78.5,2024-01,Tuesday,35.28,2.2250566893424035
ORD-792,2023-03-06 06:31:52.556278,CUST-0263,Office Supplies,South,329.26,12,0.3,124.66,2023-03,Monday,230.48199999999997,0.5408665318766759
ORD-793,2024-08-20 01:45:53.576788,CUST-0080,Office Supplies,West,297.39,4,0.0,-31.78,2024-08,Tuesday,297.39,-0.10686304179696696
ORD-794,2023-05-25 05:55:51.475737,CUST-0252,Furniture,West,111.96,8,0.1,-23.15,2023-05,Thursday,100.764,-0.22974475010916598
ORD-795,2023-06-12 03:23:08.494247,CUST-0097,Furniture,North,234.6,7,0.1,28.55,2023-06,Monday,211.14,0.13521833854314674
ORD-796,2024-04-03 16:03:50.515257,CUST-0260,Furniture,South,48.3,2,0.2,-18.0,2024-04,Wednesday,38.64,-0.4658385093167702
ORD-797,2024-12-08 17:22:21.670835,CUST-0260,Office Supplies,South,72.16,13,0.3,16.68,2024-12,Sunday,50.51199999999999,0.33021856192587906
ORD-798,2023-01-28 09:19:43.191595,CUST-0103,Technology,East,168.28,8,0.0,-2.17,2023-01,Saturday,168.28,-0.012895174708818635
ORD-799,2023-04-07 09:47:48.834417,CUST-0040,Office Supplies,West,357.47,9,0.0,-30.47,2023-04,Friday,357.47,-0.08523792206338993
ORD-800,2023-06-15 19:01:46.253126,CUST-0273,Technology,West,623.44125,5,0.2,79.55,2023-06,Thursday,498.753,0.15949778748198007
ORD-801,2024-10-26 06:24:40.340170,CUST-0101,Office Supplies,South,228.71,4,0.0,34.52,2024-10,Saturday,228.71,0.15093349656770583
ORD-802,2023-09-19 20:03:43.311655,CUST-0221,Office Supplies,North,238.52,4,0.1,139.82,2023-09,Tuesday,214.668,0.6513313581903217
ORD-803,2023-09-26 01:03:23.501750,CUST-0124,Furniture,North,206.21,13,0.0,51.54,2023-09,Tuesday,206.21,0.24993938218321127
ORD-804,2024-05-28 19:29:08.674337,CUST-0231,Office Supplies,Unknown,123.48,4,0.0,107.31,2024-05,Tuesday,123.48,0.8690476190476191
ORD-805,2024-08-02 13:04:28.334167,CUST-0178,Office Supplies,East,427.37,6,0.2,-13.73,2024-08,Friday,341.896,-0.04015841074478789
ORD-806,2023-11-07 09:43:29.504752,CUST-0063,Technology,East,40.68,11,0.2,-14.47,2023-11,Tuesday,32.544000000000004,-0.4446288102261553
ORD-807,2024-07-12 08:44:25.332666,CUST-0116,Technology,West,170.44,4,0.0,163.25,2024-07,Friday,170.44,0.9578150668857076
ORD-808,2024-05-22 14:29:28.484242,CUST-0191,Furniture,West,316.61,7,0.0,-6.53,2024-05,Wednesday,316.61,-0.020624743375130285
ORD-809,2023-02-22 05:18:23.951975,CUST-0062,Furniture,East,212.63,7,0.0,-26.95,2023-02,Wednesday,212.63,-0.12674599068804968
ORD-810,2023-11-19 19:42:49.884942,CUST-0256,Furniture,East,59.29,5,0.1,-40.27,2023-11,Sunday,53.361,-0.7546710144112743
ORD-811,2024-02-03 18:42:19.269634,CUST-0007,Office Supplies,North,45.51,13,0.0,144.95,2024-02,Saturday,45.51,3.185014282575258
ORD-812,2024-02-14 17:38:12.546273,CUST-0155,Technology,South,170.49,5,0.1,13.52,2024-02,Wednesday,153.441,0.08811204306541276
ORD-813,2023-05-25 05:55:51.475737,CUST-0092,Technology,West,36.09,10,0.2,54.2,2023-05,Thursday,28.872000000000003,1.8772513161540592
ORD-814,2024-01-18 17:04:21.130565,CUST-0014,Furniture,West,569.76,8,0.2,39.08,2024-01,Thursday,455.808,0.08573785453524291
ORD-816,2023-11-22 00:18:00.540270,CUST-0086,Office Supplies,North,302.35,14,0.2,12.22,2023-11,Wednesday,241.88000000000002,0.05052091946419712
ORD-817,2024-06-28 20:27:29.624812,CUST-0133,Technology,North,387.75,7,0.0,80.74,2024-06,Friday,387.75,0.20822695035460992
ORD-818,2024-07-04 07:55:26.263131,CUST-0183,Office Supplies,North,192.25,6,0.0,-43.55,2024-07,Thursday,192.25,-0.22652795838751624
ORD-819,2024-08-02 21:50:20.110055,CUST-0062,Technology,East,280.41,7,0.0,70.45,2024-08,Friday,280.41,0.2512392568025391
ORD-820,2024-03-04 17:23:04.892446,CUST-0219,Technology,East,197.76,7,0.1,116.04,2024-03,Monday,177.984,0.6519687162891047
ORD-821,2024-03-02 04:02:02.461230,CUST-0246,Furniture,East,186.0,10,0.0,47.54,2024-03,Saturday,186.0,0.2555913978494624
ORD-822,2023-07-27 10:10:08.704352,CUST-0230,Technology,North,204.68,14,0.2,110.0,2023-07,Thursday,163.74400000000003,0.6717803400429938
ORD-823,2024-01-23 19:46:25.992996,CUST-0079,Furniture,South,623.44125,2,0.3,-52.28,2024-01,Tuesday,436.40887499999997,-0.11979591386632549
ORD-824,2023-02-09 10:33:11.795897,CUST-0149,Technology,South,351.84,14,0.1,-79.8,2023-02,Thursday,316.656,-0.252008488706988
ORD-825,2024-09-18 15:40:47.423711,CUST-0138,Office Supplies,West,623.44125,10,0.2,44.56,2024-09,Wednesday,498.753,0.08934282099556294
ORD-826,2024-01-24 22:04:01.320660,CUST-0065,Office Supplies,South,198.75,2,0.2,-5.18,2024-01,Wednesday,159.0,-0.03257861635220126
ORD-827,2024-03-17 12:08:17.048524,CUST-0013,Technology,South,565.37,14,0.0,82.73,2024-03,Sunday,565.37,0.1463289527212268
ORD-828,2023-12-08 01:55:58.679339,CUST-0213,Furniture,West,89.99,10,0.0,11.37,2023-12,Friday,89.99,0.12634737193021447
ORD-829,2023-05-25 23:27:35.027513,CUST-0242,Furniture,West,371.21,7,0.3,38.83,2023-05,Thursday,259.847,0.14943409006068956
ORD-830,2024-03-31 00:25:12.756378,CUST-0213,Office Supplies,South,40.91,14,0.0,34.86,2024-03,Sunday,40.91,0.8521143974578343
ORD-831,2023-08-20 03:51:14.137068,CUST-0181,Technology,West,120.98,10,0.2,36.77,2023-08,Sunday,96.784,0.3799181682922797
ORD-832,2024-02-27 03:37:32.926463,CUST-0173,Office Supplies,South,174.9,7,0.0,-2.56,2024-02,Tuesday,174.9,-0.014636935391652372
ORD-833,2024-03-09 02:33:26.203101,CUST-0160,Furniture,Unknown,19.62,7,0.0,-51.88,2024-03,Saturday,19.62,-2.6442405708460752
ORD-834,2024-03-28 02:18:18.549274,CUST-0164,Office Supplies,North,124.85,5,0.0,16.85,2024-03,Thursday,124.85,0.13496195434521427
ORD-835,2023-09-25 07:31:39.949974,CUST-0188,Technology,South,468.67,1,0.0,117.0,2023-09,Monday,468.67,0.2496426056713679
ORD-836,2023-03-27 10:51:55.557778,CUST-0191,Technology,North,342.09,14,0.0,-6.53,2023-03,Monday,342.09,-0.019088543950422407
ORD-837,2024-11-12 10:20:13.806903,CUST-0256,Technology,North,74.72,2,0.3,-6.86,2024-11,Tuesday,52.303999999999995,-0.13115631691648824
ORD-838,2023-08-28 22:11:56.758379,CUST-0183,Office Supplies,West,320.85,13,0.0,39.46,2023-08,Monday,320.85,0.12298581891849773
ORD-839,2023-10-01 21:17:11.915957,CUST-0117,Furniture,East,351.79,9,0.3,-40.63,2023-10,Sunday,246.253,-0.16499291379191322
ORD-840,2023-08-03 08:41:32.446223,CUST-0282,Furniture,West,202.91,8,0.1,90.21,2023-08,Thursday,182.619,0.4939792683127166
ORD-841,2024-01-12 20:50:32.716358,CUST-0196,Furniture,North,276.55,8,0.0,-34.9,2024-01,Friday,276.55,-0.12619779425058758
ORD-842,2024-02-05 14:31:38.149074,CUST-0034,Furniture,East,161.52,10,0.0,12.64,2024-02,Monday,161.52,0.0782565626547796
ORD-843,2023-12-15 00:27:22.421210,CUST-0052,Office Supplies,East,413.34,1,0.0,182.33,2023-12,Friday,413.34,0.441113853002371
ORD-844,2023-06-29 07:18:41.960980,CUST-0112,Office Supplies,East,383.62,6,0.2,-38.55,2023-06,Thursday,306.896,-0.12561258537093997
ORD-845,2023-11-30 01:06:59.609804,CUST-0252,Technology,North,536.41,9,0.1,118.34,2023-11,Thursday,482.769,0.2451275868997388
ORD-846,2024-04-10 23:21:06.033016,CUST-0082,Technology,Unknown,429.27,8,0.0,37.27,2024-04,Wednesday,429.27,0.08682181377687703
ORD-847,2024-04-02 13:46:15.187593,CUST-0232,Office Supplies,Unknown,70.02,3,0.3,45.74,2024-04,Tuesday,49.013999999999996,0.9332027583955605
ORD-848,2024-07-17 02:40:38.419209,CUST-0227,Office Supplies,West,163.97,4,0.0,-18.56,2024-07,Wednesday,163.97,-0.11319143745807159
ORD-849,2024-03-13 02:57:55.737868,CUST-0233,Office Supplies,South,4.5,3,0.0,77.93,2024-03,Wednesday,4.5,17.317777777777778
ORD-850,2024-09-04 01:06:16.388194,CUST-0221,Technology,North,78.84,6,0.2,8.04,2024-09,Wednesday,63.072,0.12747336377473362
ORD-851,2024-03-10 22:22:45.082541,CUST-0042,Office Supplies,West,100.09,14,0.0,-38.87,2024-03,Sunday,100.09,-0.3883504845638925
ORD-852,2023-03-03 17:10:50.125062,CUST-0021,Technology,North,132.21,9,0.2,117.34,2023-03,Friday,105.76800000000001,1.1094092731260872
ORD-853,2024-06-01 02:21:54.657328,CUST-0042,Furniture,East,494.25,8,0.1,6.85,2024-06,Saturday,444.825,0.015399314337098858
ORD-854,2023-12-12 02:20:28.214107,CUST-0113,Office Supplies,South,311.06,13,0.0,-81.56,2023-12,Tuesday,311.06,-0.26220021860734266
ORD-855,2023-10-17 22:55:10.055027,CUST-0105,Technology,West,401.09,10,0.1,13.88,2023-10,Tuesday,360.981,0.038450777187719026
ORD-856,2023-08-20 03:51:14.137068,CUST-0192,Office Supplies,West,362.19,4,0.1,78.48,2023-08,Sunday,325.971,0.24075761340732765
ORD-857,2024-03-20 10:15:11.255627,CUST-0017,Office Supplies,North,139.04,2,0.3,68.9,2024-03,Wednesday,97.32799999999999,0.7079155022192998
ORD-858,2024-07-16 09:08:54.867433,CUST-0120,Technology,West,412.79,13,0.0,-8.45,2024-07,Tuesday,412.79,-0.020470457133166982
ORD-859,2023-01-11 05:24:09.724862,CUST-0129,Furniture,East,127.92,8,0.3,-28.65,2023-01,Wednesday,89.544,-0.31995443580809435
ORD-860,2024-03-09 20:05:09.754877,CUST-0130,Office Supplies,North,551.91,8,0.2,-51.97,2024-03,Saturday,441.528,-0.1177048794187458
ORD-861,2024-06-11 16:31:56.158079,CUST-0060,Office Supplies,East,118.98,14,0.2,28.63,2024-06,Tuesday,95.18400000000001,0.30078584636073286
ORD-862,2023-05-04 10:21:40.250125,CUST-0048,Office Supplies,North,203.67,12,0.0,39.06,2023-05,Thursday,203.67,0.19178082191780824
ORD-863,2024-09-02 05:16:57.508754,CUST-0029,Office Supplies,West,244.46,11,0.1,72.54,2024-09,Monday,220.014,0.3297062914178189
ORD-864,2024-07-08 17:05:47.573786,CUST-0097,Technology,North,36.18,6,0.1,21.06,2024-07,Monday,32.562,0.6467661691542289
ORD-865,2024-05-21 20:57:44.932466,CUST-0010,Technology,North,125.86,14,0.1,19.28,2024-05,Tuesday,113.274,0.1702067553013048
ORD-866,2024-11-08 18:41:36.048024,CUST-0242,Technology,West,198.23,8,0.2,13.29,2024-11,Friday,158.584,0.08380416687686021
ORD-867,2024-05-13 11:22:54.087043,CUST-0232,Furniture,North,103.15,9,0.1,39.16,2024-05,Monday,92.83500000000001,0.42182366564334567
ORD-868,2023-07-02 05:25:36.168084,CUST-0277,Office Supplies,North,154.77,13,0.3,21.98,2023-07,Sunday,108.339,0.20288169541900886
ORD-869,2024-09-05 12:09:43.491745,CUST-0284,Furniture,North,422.62,1,0.0,86.35,2024-09,Thursday,422.62,0.20432066631962517
ORD-870,2023-07-06 05:50:05.702851,CUST-0203,Office Supplies,North,129.42,9,0.3,48.65,2023-07,Thursday,90.59399999999998,0.5370112811002937
ORD-871,2024-05-07 23:54:57.448724,CUST-0247,Office Supplies,South,39.57,2,0.0,36.48,2024-05,Tuesday,39.57,0.9219105382865806
ORD-872,2023-03-20 21:06:23.591795,CUST-0290,Furniture,East,16.93,14,0.3,27.5,2023-03,Monday,11.850999999999999,2.3204792844485698
ORD-873,2024-04-28 12:02:31.275637,CUST-0264,Office Supplies,West,187.48,13,0.0,-26.51,2024-04,Sunday,187.48,-0.1414017495199488
ORD-874,2024-02-26 18:51:41.150575,CUST-0214,Furniture,South,189.75,1,0.0,29.96,2024-02,Monday,189.75,0.1578919631093544
ORD-875,2024-10-29 04:31:34.547273,CUST-0200,Technology,West,623.44125,8,0.1,-8.79,2024-10,Tuesday,561.097125,-0.01566573701478153
ORD-876,2024-02-04 03:28:11.045522,CUST-0079,Technology,East,227.24,8,0.2,50.79,2024-02,Sunday,181.79200000000003,0.2793852314733321
ORD-877,2024-04-10 14:35:14.257128,CUST-0173,Technology,West,200.05,11,0.0,17.47,2024-04,Wednesday,200.05,0.08732816795801049
ORD-878,2024-06-09 03:10:53.726863,CUST-0069,Technology,East,139.84,4,0.1,129.86,2024-06,Sunday,125.85600000000001,1.0318141367912534
ORD-879,2024-10-22 23:31:54.357178,CUST-0087,Technology,East,193.23,8,0.0,-45.72,2024-10,Tuesday,193.23,-0.23660922217047042
ORD-880,2023-06-12 03:23:08.494247,CUST-0101,Office Supplies,Unknown,563.04,7,0.3,-156.03,2023-06,Monday,394.12799999999993,-0.3958866155157716
ORD-881,2023-11-16 12:50:03.901950,CUST-0008,Furniture,North,562.09,13,0.3,46.06,2023-11,Thursday,393.463,0.11706310377341707
ORD-882,2024-03-16 01:04:49.944972,CUST-0200,Technology,West,255.35,2,0.2,-8.59,2024-03,Saturday,204.28,-0.04205012727628745
ORD-883,2023-03-02 14:53:14.797398,CUST-0087,Technology,Unknown,64.71,5,0.2,39.66,2023-03,Thursday,51.768,0.7661103384330087
ORD-884,2023-02-02 20:47:39.829914,CUST-0043,Technology,South,212.21,14,0.2,-44.14,2023-02,Thursday,169.76800000000003,-0.2600018849253098
ORD-885,2023-09-18 09:00:16.208104,CUST-0109,Technology,West,46.8,10,0.0,144.54,2023-09,Monday,46.8,3.0884615384615386
ORD-886,2024-11-17 21:48:10.445222,CUST-0152,Office Supplies,East,367.12,4,0.1,6.81,2024-11,Sunday,330.408,0.020610881092467493
ORD-887,2024-07-21 11:50:59.729864,CUST-0017,Technology,South,142.06,3,0.1,-12.48,2024-07,Sunday,127.854,-0.09761133793232907
ORD-888,2023-01-14 21:02:47.483741,CUST-0133,Technology,North,25.61,1,0.0,143.43,2023-01,Saturday,25.61,5.600546661460368
ORD-889,2024-02-24 14:16:30.495247,CUST-0148,Office Supplies,North,105.04,5,0.2,80.42,2024-02,Saturday,84.03200000000001,0.9570163747143944
ORD-890,2024-06-22 06:41:57.658829,CUST-0277,Technology,South,271.99,10,0.1,113.37,2024-06,Saturday,244.79100000000003,0.46312977192788946
ORD-891,2023-03-04 19:28:25.452726,CUST-0232,Office Supplies,North,454.43,8,0.2,19.67,2023-03,Saturday,363.54400000000004,0.054106242985718374
ORD-892,2023-08-27 02:22:37.878939,CUST-0228,Technology,West,219.51,12,0.0,32.81,2023-08,Sunday,219.51,0.1494692724705025
ORD-893,2023-10-02 23:34:47.243621,CUST-0139,Technology,North,322.68,9,0.2,-5.8,2023-10,Monday,258.144,-0.022468079831411924
ORD-894,2024-03-29 22:07:37.428714,CUST-0211,Furniture,West,429.75,7,0.1,-12.81,2024-03,Friday,386.77500000000003,-0.033120031025790184
ORD-895,2024-08-29 13:38:19.749874,CUST-0028,Technology,North,309.82,12,0.0,53.89,2024-08,Thursday,309.82,0.17393970692660254
ORD-896,2024-01-30 18:17:49.734867,CUST-0051,Furniture,North,316.52,11,0.1,7.89,2024-01,Tuesday,284.868,0.02769703862841737
ORD-897,2024-09-06 14:27:18.819409,CUST-0261,Technology,East,171.46,1,0.2,163.25,2024-09,Friday,137.168,1.1901463898285314
ORD-898,2023-06-23 11:04:53.546773,CUST-0261,Office Supplies,West,203.67,1,0.1,80.55,2023-06,Friday,183.303,0.43943634310404084
ORD-899,2023-06-16 03:47:38.029014,CUST-0008,Technology,West,208.15,1,0.1,143.0,2023-06,Friday,187.335,0.7633384044625937
ORD-900,2023-10-30 08:54:30.435217,CUST-0138,Furniture,West,54.68,2,0.2,-103.72,2023-10,Monday,43.744,-2.3710680321872712
ORD-901,2023-11-23 11:21:27.643821,CUST-0038,Technology,North,206.55,1,0.2,143.73,2023-11,Thursday,165.24,0.8698257080610021
ORD-902,2024-05-20 09:54:17.828914,CUST-0111,Office Supplies,West,108.18,4,0.3,-113.1,2024-05,Monday,75.726,-1.49354250851755
ORD-903,2024-12-16 00:39:37.188594,CUST-0220,Furniture,South,183.0,10,0.0,-45.65,2024-12,Monday,183.0,-0.2494535519125683
ORD-904,2024-01-09 22:43:38.509254,CUST-0223,Technology,East,351.68,9,0.0,-75.16,2024-01,Tuesday,351.68,-0.2137170154686078
ORD-905,2023-05-21 23:03:05.492746,CUST-0136,Technology,North,94.07,12,0.1,44.58,2023-05,Sunday,84.663,0.5265582367740336
ORD-906,2024-12-29 21:42:24.672336,CUST-0256,Technology,South,238.69,4,0.2,28.91,2024-12,Sunday,190.952,0.1513993045372659
ORD-907,2023-05-07 17:14:26.233116,CUST-0049,Technology,North,280.78,13,0.2,77.7,2023-05,Sunday,224.624,0.3459113897001211
ORD-908,2023-03-11 00:28:05.642821,CUST-0292,Furniture,West,297.48,4,0.0,24.69,2023-03,Saturday,297.48,0.08299717628075837
ORD-909,2023-07-04 01:14:55.047523,CUST-0078,Office Supplies,South,203.67,7,0.0,103.51,2023-07,Tuesday,203.67,0.5082240879854667
ORD-910,2024-03-19 07:57:35.927963,CUST-0105,Office Supplies,West,287.05,14,0.2,-25.96,2024-03,Tuesday,229.64000000000001,-0.11304650757707715
ORD-911,2024-07-13 02:16:08.884442,CUST-0169,Technology,East,499.07,11,0.1,104.89,2024-07,Saturday,449.163,0.23352324211923065
ORD-912,2024-05-23 08:01:12.036018,CUST-0217,Technology,West,368.83,9,0.2,28.16,2024-05,Thursday,295.064,0.09543692215926036
ORD-914,2023-10-28 13:05:11.555777,CUST-0190,Technology,South,355.87,1,0.0,82.31,2023-10,Saturday,355.87,0.23129232584932702
ORD-915,2023-12-05 21:20:48.024012,CUST-0255,Technology,East,19.78,1,0.0,11.78,2023-12,Tuesday,19.78,0.5955510616784631
ORD-916,2023-12-07 17:10:06.903451,CUST-0266,Technology,South,323.25,4,0.2,27.96,2023-12,Thursday,258.6,0.10812064965197216
ORD-917,2024-02-21 07:23:44.512256,CUST-0149,Furniture,South,25.16,4,0.0,-30.55,2024-02,Wednesday,25.16,-1.2142289348171702
ORD-918,2023-02-18 13:39:46.193096,CUST-0164,Furniture,East,54.24,1,0.2,51.56,2023-02,Saturday,43.392,1.1882374631268435
ORD-919,2023-01-21 19:34:11.225612,CUST-0140,Office Supplies,North,253.33,6,0.0,11.75,2023-01,Saturday,253.33,0.04638218923933209
ORD-920,2024-07-30 14:57:34.127063,CUST-0258,Technology,East,157.53,10,0.2,73.45,2024-07,Tuesday,126.024,0.5828254935567828
ORD-921,2023-09-07 18:50:14.707353,CUST-0269,Furniture,West,113.99,2,0.0,-50.28,2023-09,Thursday,113.99,-0.4410913238003334
ORD-922,2023-09-03 00:54:01.620810,CUST-0181,Office Supplies,East,200.65,11,0.0,10.22,2023-09,Sunday,200.65,0.05093446299526539
ORD-923,2023-03-04 19:28:25.452726,CUST-0160,Furniture,South,89.14,5,0.2,-39.57,2023-03,Saturday,71.312,-0.5548855732555531
ORD-924,2024-11-07 07:38:08.944472,CUST-0288,Furniture,Unknown,135.9,8,0.1,-35.84,2024-11,Thursday,122.31,-0.2930259177499796
ORD-925,2023-10-25 06:12:25.572786,CUST-0288,Technology,East,289.34,3,0.0,66.36,2023-10,Wednesday,289.34,0.2293495541577383
ORD-926,2024-03-03 23:51:21.340670,CUST-0226,Office Supplies,East,16.16,9,0.0,97.47,2024-03,Sunday,16.16,6.031559405940594
ORD-927,2023-01-29 20:23:10.295147,CUST-0011,Office Supplies,North,56.37,7,0.0,-109.95,2023-01,Sunday,56.37,-1.9505055880787654
ORD-928,2023-11-20 04:28:41.660830,CUST-0010,Technology,East,155.06,9,0.1,141.71,2023-11,Monday,139.554,1.015449216790633
ORD-929,2024-03-27 08:46:34.997498,CUST-0271,Office Supplies,South,531.81,1,0.0,114.25,2024-03,Wednesday,531.81,0.21483236494236665
ORD-931,2023-10-06 15:13:25.002501,CUST-0183,Office Supplies,West,277.54,12,0.1,79.61,2023-10,Friday,249.78600000000003,0.31871281817235547
ORD-932,2024-04-02 05:00:23.411705,CUST-0153,Office Supplies,South,396.15,13,0.0,2.39,2024-04,Tuesday,396.15,0.006033068282216333
ORD-933,2024-09-12 10:41:07.233616,CUST-0124,Office Supplies,West,143.32,3,0.2,24.11,2024-09,Thursday,114.656,0.2102811889478091
ORD-934,2024-04-01 11:28:39.859929,CUST-0114,Office Supplies,South,395.56,4,0.0,66.12,2024-04,Monday,395.56,0.16715542521994137
ORD-935,2024-09-06 05:41:27.043521,CUST-0278,Office Supplies,South,127.46,4,0.2,58.8,2024-09,Friday,101.968,0.5766514985093362
ORD-936,2024-07-21 20:36:51.505752,CUST-0213,Furniture,East,252.39,11,0.0,-4.38,2024-07,Sunday,252.39,-0.017354094853203376
ORD-937,2024-06-18 15:03:19.899949,CUST-0172,Technology,East,79.33,12,0.0,-4.63,2024-06,Tuesday,79.33,-0.0583637967981848
ORD-938,2024-06-04 09:14:40.640320,CUST-0288,Office Supplies,Unknown,514.96,7,0.0,-1.09,2024-06,Tuesday,514.96,-0.002116669255864533
ORD-939,2023-01-17 19:09:41.690845,CUST-0174,Technology,South,151.48,10,0.2,98.57,2023-01,Tuesday,121.184,0.8133912067599682
ORD-940,2024-04-03 16:03:50.515257,CUST-0113,Furniture,East,108.78,11,0.1,-81.71,2024-04,Wednesday,97.902,-0.834610120324406
ORD-941,2024-04-29 23:05:58.379189,CUST-0122,Office Supplies,South,302.59,8,0.3,20.29,2024-04,Monday,211.81299999999996,0.095792042981309
ORD-942,2024-07-19 16:01:40.850425,CUST-0032,Technology,West,131.89,11,0.1,124.35,2024-07,Friday,118.701,1.0475901635201053
ORD-943,2024-03-01 19:16:10.685342,CUST-0222,Office Supplies,East,109.55,10,0.2,72.22,2024-03,Friday,87.64,0.8240529438612505
ORD-944,2024-06-09 03:10:53.726863,CUST-0119,Office Supplies,South,43.68,5,0.1,93.06,2024-06,Sunday,39.312,2.3672161172161172
ORD-945,2024-07-14 22:05:27.763881,CUST-0039,Office Supplies,East,276.27,13,0.0,21.12,2024-07,Sunday,276.27,0.07644695406667391
ORD-946,2024-05-24 19:04:39.139569,CUST-0268,Technology,South,253.97,13,0.0,-39.81,2024-05,Friday,253.97,-0.1567507973382683
ORD-947,2024-08-03 06:36:11.885942,CUST-0233,Office Supplies,East,116.99,12,0.1,33.34,2024-08,Saturday,105.291,0.31664624706765065
ORD-948,2024-11-28 03:12:20.170085,CUST-0018,Office Supplies,North,70.4,10,0.1,-11.34,2024-11,Thursday,63.36000000000001,-0.1789772727272727
ORD-949,2024-04-13 03:56:16.688344,CUST-0149,Technology,East,504.11,7,0.0,163.84,2024-04,Saturday,504.11,0.3250084306996489
ORD-950,2023-08-28 04:40:13.206603,CUST-0149,Office Supplies,North,463.17,3,0.2,20.51,2023-08,Monday,370.53600000000006,0.055352246475376204
ORD-951,2023-06-21 15:15:34.667333,CUST-0126,Office Supplies,North,223.39,3,0.1,68.25,2023-06,Wednesday,201.051,0.33946610561499324
ORD-952,2024-12-22 14:25:09.154577,CUST-0238,Office Supplies,East,503.96,3,0.1,132.14,2024-12,Sunday,453.56399999999996,0.29133705496908924
ORD-953,2023-12-21 05:27:02.611305,CUST-0135,Technology,West,623.44125,12,0.0,-35.8,2023-12,Thursday,623.44125,-0.05742321349445517
ORD-954,2024-01-13 23:08:08.044022,CUST-0151,Office Supplies,West,294.42,4,0.1,-106.78,2024-01,Saturday,264.978,-0.4029768509083773
ORD-955,2024-05-09 02:12:32.776388,CUST-0236,Furniture,East,105.52,6,0.0,59.4,2024-05,Thursday,105.52,0.5629264594389689
ORD-956,2023-09-26 09:49:15.277638,CUST-0224,Office Supplies,South,623.44125,5,0.0,70.7,2023-09,Tuesday,623.44125,0.11340282664966428
ORD-957,2023-10-13 22:30:40.520260,CUST-0203,Furniture,West,81.58,8,0.2,5.15,2023-10,Friday,65.264,0.07891027212552097
ORD-958,2023-12-20 03:09:27.283641,CUST-0256,Furniture,North,525.4,14,0.0,-39.38,2023-12,Wednesday,525.4,-0.07495241720593834
ORD-959,2023-05-11 08:53:03.991995,CUST-0086,Technology,West,164.27,14,0.0,48.59,2023-05,Thursday,164.27,0.29579351068363063
ORD-960,2023-12-21 14:12:54.387193,CUST-0150,Office Supplies,West,538.82,12,0.0,28.58,2023-12,Thursday,538.82,0.05304183215173898
ORD-961,2024-06-06 13:49:51.295647,CUST-0235,Technology,East,361.87,13,0.1,49.33,2024-06,Thursday,325.683,0.1514663031229754
ORD-962,2023-09-01 13:50:34.517258,CUST-0022,Technology,West,289.7,5,0.0,-37.98,2023-09,Friday,289.7,-0.13110113910942353
ORD-963,2023-05-16 20:21:00.630315,CUST-0285,Office Supplies,West,623.44125,11,0.0,49.49,2023-05,Tuesday,623.44125,0.079381978654765
ORD-964,2024-01-12 12:04:40.940470,CUST-0269,Furniture,North,119.03,12,0.1,79.17,2024-01,Friday,107.12700000000001,0.7390293763476994
ORD-965,2024-02-23 03:13:03.391695,CUST-0258,Furniture,South,101.37,5,0.1,-60.35,2024-02,Friday,91.233,-0.6614931000843993
ORD-966,2024-05-15 15:58:04.742371,CUST-0029,Furniture,North,240.08,14,0.0,117.62,2024-05,Wednesday,240.08,0.4899200266577807
ORD-967,2023-09-04 11:57:28.724362,CUST-0213,Technology,East,399.31,10,0.0,45.27,2023-09,Monday,399.31,0.11337056422328518
ORD-968,2023-02-02 12:01:48.054027,CUST-0283,Office Supplies,East,22.08,2,0.0,81.06,2023-02,Thursday,22.08,3.6711956521739135
ORD-969,2024-09-02 05:16:57.508754,CUST-0050,Office Supplies,East,357.78,12,0.1,-46.74,2024-09,Monday,322.002,-0.1451543779231185
ORD-970,2023-09-12 12:46:27.793896,CUST-0095,Office Supplies,East,74.33,11,0.0,70.96,2023-09,Tuesday,74.33,0.9546616440199112
ORD-971,2024-05-03 23:30:27.913956,CUST-0088,Technology,West,11.25,11,0.3,-68.68,2024-05,Friday,7.874999999999999,-8.721269841269843
ORD-972,2024-03-14 14:01:22.841420,CUST-0044,Furniture,East,348.12,5,0.1,-26.89,2024-03,Thursday,313.308,-0.08582608806669476
ORD-973,2023-07-16 20:00:07.203601,CUST-0278,Furniture,East,623.44125,12,0.0,45.8,2023-07,Sunday,623.44125,0.07346321726385606
ORD-974,2023-09-24 22:45:48.174087,CUST-0171,Furniture,East,128.24,7,0.2,13.44,2023-09,Sunday,102.59200000000001,0.13100436681222705
ORD-975,2023-11-13 23:29:01.470735,CUST-0189,Technology,East,303.3,2,0.0,31.65,2023-11,Monday,303.3,0.10435212660731948
ORD-976,2023-01-15 14:34:31.035517,CUST-0184,Technology,East,486.38,14,0.0,145.64,2023-01,Sunday,486.38,0.2994366544677001
ORD-977,2023-09-27 20:52:42.381190,CUST-0003,Office Supplies,East,404.22,13,0.3,30.71,2023-09,Wednesday,282.954,0.10853354255462018
ORD-978,2024-09-22 16:05:16.958479,CUST-0191,Furniture,West,316.14,6,0.1,72.58,2024-09,Sunday,284.526,0.25509092314937826
ORD-979,2024-12-11 15:29:15.877938,CUST-0118,Office Supplies,West,502.27,7,0.0,25.99,2024-12,Wednesday,502.27,0.05174507734883628
ORD-980,2023-07-02 22:57:19.719859,CUST-0019,Furniture,East,205.39,5,0.0,24.22,2023-07,Sunday,205.39,0.11792200204489021
ORD-981,2023-12-16 20:16:41.300650,CUST-0023,Technology,West,262.67,9,0.0,-28.7,2023-12,Saturday,262.67,-0.10926257280998972
ORD-983,2024-03-22 23:36:13.686843,CUST-0295,Office Supplies,East,486.58,4,0.1,182.13,2024-03,Friday,437.92199999999997,0.4158959814761533
ORD-984,2023-12-05 21:20:48.024012,CUST-0108,Furniture,East,27.46,14,0.0,35.27,2023-12,Tuesday,27.46,1.2844136926438456
ORD-985,2024-09-29 23:22:32.476238,CUST-0281,Furniture,West,29.05,14,0.1,13.98,2024-09,Sunday,26.145,0.5347102696500287
ORD-986,2023-06-17 23:36:56.908454,CUST-0128,Technology,North,34.49,13,0.2,98.41,2023-06,Saturday,27.592000000000002,3.5666135111626556
ORD-987,2023-09-24 22:45:48.174087,CUST-0229,Furniture,East,623.44125,10,0.2,91.37,2023-09,Sunday,498.753,0.18319689305126988
ORD-988,2023-10-02 06:03:03.691845,CUST-0111,Office Supplies,East,169.45,1,0.3,56.34,2023-10,Monday,118.61499999999998,0.47498208489651406
ORD-989,2023-12-04 10:17:20.920460,CUST-0136,Technology,South,280.64,14,0.0,11.5,2023-12,Monday,280.64,0.040977765108323835
ORD-990,2023-11-28 14:03:32.506253,CUST-0186,Office Supplies,West,291.99,8,0.1,98.67,2023-11,Tuesday,262.791,0.3754694795483864
ORD-991,2024-07-31 08:29:17.678839,CUST-0144,Office Supplies,East,203.67,8,0.2,37.26,2024-07,Wednesday,162.936,0.2286787450287229
ORD-992,2024-07-27 08:04:48.144072,CUST-0072,Furniture,South,313.93,7,0.3,84.83,2024-07,Saturday,219.751,0.3860278223989879
ORD-993,2024-04-10 23:21:06.033016,CUST-0129,Office Supplies,South,218.28,8,0.0,-19.16,2024-04,Wednesday,218.28,-0.08777716694154297
ORD-994,2023-05-23 01:20:40.820410,CUST-0261,Technology,West,103.68,2,0.2,-5.2,2023-05,Tuesday,82.94400000000002,-0.06269290123456789
ORD-995,2024-08-13 12:00:21.610805,CUST-0003,Technology,West,300.04,3,0.0,35.81,2024-08,Tuesday,300.04,0.11935075323290228
ORD-996,2023-11-19 02:11:06.333166,CUST-0104,Technology,East,171.65,9,0.1,-44.11,2023-11,Sunday,154.485,-0.28552933941806646
ORD-997,2023-04-04 02:55:02.851425,CUST-0224,Furniture,East,310.52,1,0.0,7.81,2023-04,Tuesday,310.52,0.025151359010691744
ORD-998,2023-09-16 13:10:57.328664,CUST-0010,Furniture,North,83.46,8,0.1,-46.77,2023-09,Saturday,75.11399999999999,-0.6226535665788003
ORD-999,2024-11-02 04:56:04.082041,CUST-0231,Furniture,East,205.66,8,0.1,-62.69,2024-11,Saturday,185.094,-0.3386927723210909
ORD-1000,2024-12-10 21:57:32.326163,CUST-0219,Office Supplies,West,231.25,7,0.2,176.16,2024-12,Tuesday,185.0,0.9522162162162162
ORD-1001,2023-06-13 23:12:27.373686,CUST-0066,Furniture,South,623.44125,13,0.0,-6.54,2023-06,Tuesday,623.44125,-0.01049016246518818
ORD-1002,2023-01-04 06:52:45.982991,CUST-0112,Technology,South,404.19,14,0.2,-1.26,2023-01,Wednesday,323.35200000000003,-0.0038966822533956797
ORD-1003,2023-10-28 13:05:11.555777,CUST-0013,Technology,East,363.97,11,0.0,34.81,2023-10,Saturday,363.97,0.09563975052888975
ORD-1004,2023-10-19 01:12:45.382691,CUST-0086,Furniture,North,582.22,5,0.0,-33.7,2023-10,Thursday,582.22,-0.057881900312596615
ORD-1005,2024-04-06 22:56:36.498249,CUST-0234,Technology,West,142.02,4,0.3,-0.1,2024-04,Saturday,99.414,-0.0010058945420162151
ORD-1006,2024-04-10 05:49:22.481240,CUST-0090,Technology,South,146.33,10,0.0,140.06,2024-04,Wednesday,146.33,0.957151643545411
ORD-1007,2023-11-16 21:35:55.677838,CUST-0054,Office Supplies,West,184.95,10,0.0,51.49,2023-11,Thursday,184.95,0.27839956745066236
ORD-1008,2024-01-11 09:47:05.612806,CUST-0012,Office Supplies,East,365.93,13,0.0,89.16,2024-01,Thursday,365.93,0.2436531577077583
ORD-1009,2024-02-22 00:55:28.064032,CUST-0209,Office Supplies,East,184.49,10,0.1,124.42,2024-02,Thursday,166.04100000000003,0.7493329960672364
ORD-1010,2024-01-06 15:50:52.526263,CUST-0014,Furniture,West,220.78,14,0.0,42.64,2024-01,Saturday,220.78,0.19313343599963764
ORD-1011,2024-10-28 02:13:59.219609,CUST-0121,Furniture,West,549.86,10,0.0,16.73,2024-10,Monday,549.86,0.030425926599498054
ORD-1012,2023-05-17 05:06:52.406203,CUST-0020,Furniture,South,129.22,6,0.0,-56.03,2023-05,Wednesday,129.22,-0.4336016096579477
ORD-1013,2024-02-02 07:38:52.166083,CUST-0075,Office Supplies,North,73.64,12,0.0,7.03,2024-02,Friday,73.64,0.09546442151004889
ORD-1014,2023-02-22 22:50:07.503751,CUST-0243,Furniture,West,158.35,11,0.0,20.25,2023-02,Wednesday,158.35,0.1278812756551942
ORD-1015,2023-03-23 10:27:26.023011,CUST-0223,Furniture,West,118.76,1,0.0,-18.44,2023-03,Thursday,118.76,-0.15527113506231055
ORD-1016,2024-04-05 20:39:01.170585,CUST-0070,Office Supplies,East,332.75,13,0.0,122.71,2024-04,Friday,332.75,0.3687753568745304
ORD-1017,2023-03-06 06:31:52.556278,CUST-0211,Technology,South,21.32,5,0.0,96.14,2023-03,Monday,21.32,4.509380863039399
ORD-1018,2024-10-20 01:25:00.150075,CUST-0101,Office Supplies,South,203.67,14,0.2,89.13,2024-10,Sunday,162.936,0.5470245986154072
ORD-1019,2023-11-08 03:15:13.056528,CUST-0186,Office Supplies,Unknown,121.11,4,0.2,23.03,2023-11,Wednesday,96.888,0.23769713483609942
ORD-1020,2024-04-21 13:31:07.533766,CUST-0132,Technology,South,48.7,4,0.0,-31.98,2024-04,Sunday,48.7,-0.6566735112936345
ORD-1021,2023-01-23 15:23:30.105052,CUST-0111,Furniture,East,313.95,7,0.3,109.68,2023-01,Monday,219.765,0.4990785611903625
ORD-1022,2024-03-28 19:50:02.101050,CUST-0132,Office Supplies,East,570.56,9,0.0,50.12,2024-03,Thursday,570.56,0.08784352215367358
ORD-1023,2024-11-16 10:44:43.341670,CUST-0020,Technology,North,237.79,8,0.0,76.38,2024-11,Saturday,237.79,0.3212077883847092
ORD-1024,2023-10-29 15:22:46.883441,CUST-0024,Furniture,South,38.47,11,0.0,67.15,2023-10,Sunday,38.47,1.745515986482974
ORD-1025,2023-10-17 22:55:10.055027,CUST-0227,Furniture,East,202.91,13,0.1,48.64,2023-10,Tuesday,182.619,0.2663468751882334
ORD-1026,2023-09-09 05:53:41.810905,CUST-0154,Office Supplies,East,45.11,14,0.0,149.98,2023-09,Saturday,45.11,3.324761693637774
ORD-1027,2024-06-25 22:20:35.417708,CUST-0293,Furniture,South,124.53,12,0.0,-9.44,2024-06,Tuesday,124.53,-0.0758050269011483
ORD-1028,2024-12-13 20:04:26.533266,CUST-0230,Office Supplies,East,445.28,8,0.0,11.46,2024-12,Friday,445.28,0.025736615163492637
ORD-1029,2024-08-19 08:14:10.025012,CUST-0202,Furniture,West,142.7,5,0.0,128.47,2024-08,Monday,142.7,0.9002803083391732
ORD-1030,2023-02-07 23:29:44.692346,CUST-0038,Furniture,North,213.36,6,0.3,34.92,2023-02,Tuesday,149.352,0.23381005945685363
ORD-1031,2024-02-14 17:38:12.546273,CUST-0260,Technology,East,245.51,2,0.0,22.44,2024-02,Wednesday,245.51,0.09140157223738342
ORD-1032,2023-07-06 05:50:05.702851,CUST-0188,Technology,East,120.54,13,0.0,14.82,2023-07,Thursday,120.54,0.12294673967147834
ORD-1033,2023-05-21 05:31:21.940970,CUST-0057,Technology,South,296.64,11,0.0,70.76,2023-05,Sunday,296.64,0.23853829557713055
ORD-1034,2023-05-28 12:48:37.458729,CUST-0020,Furniture,North,52.68,14,0.0,16.24,2023-05,Sunday,52.68,0.30827638572513283
ORD-1035,2023-10-28 04:19:19.779889,CUST-0273,Furniture,Unknown,406.47,3,0.0,9.51,2023-10,Saturday,406.47,0.02339656063178094
ORD-1036,2023-07-08 19:11:08.134067,CUST-0119,Furniture,West,72.94,5,0.0,69.77,2023-07,Saturday,72.94,0.9565396216068001
ORD-1037,2023-06-23 11:04:53.546773,CUST-0071,Technology,East,102.54,2,0.0,35.6,2023-06,Friday,102.54,0.3471815876731032
ORD-1038,2023-09-16 13:10:57.328664,CUST-0004,Technology,North,171.21,3,0.2,-30.57,2023-09,Saturday,136.96800000000002,-0.22319081829332396
ORD-1039,2024-11-19 17:37:29.324662,CUST-0221,Office Supplies,West,289.65,4,0.3,31.92,2024-11,Tuesday,202.75499999999997,0.1574313827032626
ORD-1040,2024-09-01 02:59:22.181090,CUST-0014,Furniture,East,245.84,6,0.2,113.67,2024-09,Sunday,196.67200000000003,0.5779673771558737
ORD-1041,2024-11-22 06:58:31.755877,CUST-0003,Office Supplies,South,32.38,5,0.0,75.92,2024-11,Friday,32.38,2.3446571957998765
ORD-1042,2023-10-09 04:34:27.433716,CUST-0216,Technology,East,140.12,10,0.0,121.08,2023-10,Monday,140.12,0.864116471595775
ORD-1043,2024-06-17 03:59:52.796398,CUST-0229,Furniture,East,37.95,4,0.3,-13.88,2024-06,Monday,26.565,-0.5224920007528703
ORD-1044,2024-01-17 23:32:37.578789,CUST-0186,Technology,East,496.5,13,0.0,94.21,2024-01,Wednesday,496.5,0.1897482376636455
ORD-1045,2023-12-30 17:19:28.784392,CUST-0055,Furniture,West,579.35,2,0.0,-8.91,2023-12,Saturday,579.35,-0.01537930439285406
ORD-1046,2024-08-02 21:50:20.110055,CUST-0254,Furniture,West,144.78,12,0.2,-43.94,2024-08,Friday,115.82400000000001,-0.37936869733388584
ORD-1047,2023-09-04 20:43:20.500250,CUST-0024,Furniture,West,142.64,11,0.2,-18.18,2023-09,Monday,114.112,-0.15931716208637128
ORD-1048,2023-09-18 09:00:16.208104,CUST-0162,Furniture,North,182.63,5,0.3,37.88,2023-09,Monday,127.841,0.2963055670715968
ORD-1049,2024-06-24 20:03:00.090045,CUST-0158,Office Supplies,South,468.11,5,0.0,91.68,2024-06,Monday,468.11,0.19585140244814253
ORD-1050,2023-01-30 22:40:45.622811,CUST-0082,Furniture,East,48.87,11,0.0,48.62,2023-01,Monday,48.87,0.9948843871495805
ORD-1051,2024-03-02 12:47:54.237118,CUST-0159,Technology,East,185.8,7,0.1,20.8,2024-03,Saturday,167.22000000000003,0.12438703504365504
ORD-1052,2024-02-09 14:56:07.683841,CUST-0188,Office Supplies,East,203.03,1,0.1,-31.93,2024-02,Friday,182.727,-0.17474155434062835
ORD-1053,2024-02-07 01:35:05.252626,CUST-0060,Furniture,East,65.11,4,0.0,72.32,2024-02,Wednesday,65.11,1.1107356780832436
ORD-1054,2023-06-16 12:33:29.804902,CUST-0211,Technology,North,8.06,11,0.0,87.82,2023-06,Friday,8.06,10.89578163771712
ORD-1055,2024-11-25 05:05:25.962981,CUST-0152,Furniture,North,254.69,5,0.1,47.9,2024-11,Monday,229.221,0.20896863725400378
ORD-1056,2023-01-01 00:00:00.000000,CUST-0109,Technology,South,171.7,8,0.2,-33.14,2023-01,Sunday,137.35999999999999,-0.24126383226557954
ORD-1057,2023-01-19 06:13:08.794397,CUST-0076,Furniture,East,320.18,12,0.0,78.52,2023-01,Thursday,320.18,0.24523705415703664
ORD-1058,2023-09-07 18:50:14.707353,CUST-0030,Furniture,West,463.84,12,0.1,103.63,2023-09,Thursday,417.45599999999996,0.24824173086504928
ORD-1059,2023-09-19 11:17:51.535767,CUST-0117,Technology,West,597.91,8,0.3,121.98,2023-09,Tuesday,418.537,0.29144376721771315
ORD-1060,2024-10-17 12:03:57.718859,CUST-0192,Furniture,East,344.82,1,0.0,3.74,2024-10,Thursday,344.82,0.01084623861724958
ORD-1061,2024-06-20 10:52:38.779389,CUST-0019,Furniture,North,112.8,5,0.0,56.18,2024-06,Thursday,112.8,0.4980496453900709
ORD-1062,2023-06-13 14:26:35.597798,CUST-0173,Office Supplies,Unknown,43.36,10,0.0,-2.07,2023-06,Tuesday,43.36,-0.047739852398523984
ORD-1063,2023-11-18 08:39:22.781390,CUST-0228,Furniture,West,100.23,1,0.0,-25.34,2023-11,Saturday,100.23,-0.2528185174099571
ORD-1064,2023-06-27 20:15:14.857428,CUST-0183,Furniture,North,623.44125,1,0.0,124.99,2023-06,Tuesday,623.44125,0.20048400711374167
ORD-1065,2024-10-27 17:28:07.443721,CUST-0113,Office Supplies,West,240.77,2,0.2,63.87,2024-10,Sunday,192.616,0.3315923910786227
ORD-1066,2023-01-13 01:13:28.604302,CUST-0183,Technology,East,102.37,2,0.1,107.56,2023-01,Friday,92.13300000000001,1.1674427186784322
ORD-1067,2024-05-15 15:58:04.742371,CUST-0146,Office Supplies,North,333.91,9,0.0,-43.49,2024-05,Wednesday,333.91,-0.1302446767092929
ORD-1068,2023-02-04 07:51:06.933466,CUST-0116,Furniture,West,264.25,4,0.2,47.31,2023-02,Saturday,211.4,0.22379375591296122
ORD-1069,2024-02-04 20:59:54.597298,CUST-0113,Furniture,East,78.13,3,0.2,60.5,2024-02,Sunday,62.504,0.9679380519646743
ORD-1070,2024-07-28 19:08:15.247623,CUST-0251,Office Supplies,North,165.16,11,0.1,-19.93,2024-07,Sunday,148.644,-0.13407873846236645
ORD-1071,2023-02-25 20:57:01.710855,CUST-0251,Technology,South,193.54,1,0.0,119.27,2023-02,Saturday,193.54,0.6162550377183011
ORD-1072,2023-04-01 22:19:52.196098,CUST-0118,Technology,West,144.68,12,0.0,15.27,2023-04,Saturday,144.68,0.10554326790157588
ORD-1073,2023-09-03 18:25:45.172586,CUST-0161,Office Supplies,West,127.06,2,0.1,57.22,2023-09,Sunday,114.354,0.5003760253248684
ORD-1074,2023-06-09 14:02:06.063031,CUST-0198,Furniture,South,242.37,6,0.1,-3.02,2023-06,Friday,218.133,-0.013844764432708484
ORD-1075,2023-02-12 17:25:57.778889,CUST-0260,Furniture,South,34.16,9,0.3,-41.66,2023-02,Sunday,23.911999999999995,-1.7422214787554369
ORD-1076,2023-10-09 04:34:27.433716,CUST-0148,Technology,North,318.19,5,0.1,84.78,2023-10,Monday,286.371,0.2960495301549389
ORD-1077,2024-11-29 23:01:39.049524,CUST-0240,Furniture,East,263.61,4,0.2,52.74,2024-11,Friday,210.88800000000003,0.2500853533629225
ORD-1078,2024-04-30 07:51:50.155077,CUST-0047,Office Supplies,South,109.26,13,0.0,44.24,2024-04,Tuesday,109.26,0.40490572945268166
ORD-1079,2023-04-08 12:05:24.162081,CUST-0198,Technology,East,468.84,5,0.0,13.31,2023-04,Saturday,468.84,0.028389215937206724
ORD-1080,2024-12-25 12:32:03.361680,CUST-0047,Technology,North,357.8,9,0.1,51.11,2024-12,Wednesday,322.02000000000004,0.1587168498851003
ORD-1081,2024-01-29 07:14:22.631315,CUST-0078,Office Supplies,East,105.23,12,0.0,105.97,2024-01,Monday,105.23,1.0070322151477715
ORD-1082,2023-03-27 19:37:47.333666,CUST-0124,Furniture,North,296.57,13,0.0,-11.03,2023-03,Monday,296.57,-0.03719189398792865
ORD-1083,2023-05-22 16:34:49.044522,CUST-0075,Technology,West,114.37,7,0.0,63.62,2023-05,Monday,114.37,0.5562647547433767
ORD-1084,2023-12-28 03:58:26.353176,CUST-0137,Technology,West,185.93,8,0.0,42.15,2023-12,Thursday,185.93,0.22669821976012478
ORD-1085,2024-10-03 15:01:10.235117,CUST-0090,Office Supplies,West,238.48,4,0.3,18.94,2024-10,Thursday,166.93599999999998,0.11345665404705997
ORD-1086,2023-10-06 06:27:33.226613,CUST-0061,Technology,East,102.55,11,0.0,-68.73,2023-10,Friday,102.55,-0.6702096538274013
ORD-1087,2024-11-05 20:34:41.840920,CUST-0138,Furniture,North,334.91,8,0.0,29.28,2024-11,Tuesday,334.91,0.08742647278373294
ORD-1088,2023-05-27 01:45:10.355177,CUST-0050,Furniture,South,205.78,6,0.0,70.36,2023-05,Saturday,205.78,0.3419185537953154
ORD-1089,2023-08-16 12:12:36.378189,CUST-0259,Furniture,South,219.46,5,0.0,49.44,2023-08,Wednesday,219.46,0.22528023329991798
ORD-1090,2023-10-07 17:31:00.330165,CUST-0107,Office Supplies,East,205.2,13,0.2,-56.32,2023-10,Saturday,164.16,-0.3430799220272905
ORD-1091,2024-04-29 05:34:14.827413,CUST-0113,Technology,North,195.52,12,0.1,104.82,2024-04,Monday,175.96800000000002,0.5956764866339334
ORD-1092,2023-12-02 05:42:10.265132,CUST-0254,Furniture,North,455.38,7,0.0,128.88,2023-12,Saturday,455.38,0.2830163819227898
ORD-1093,2024-03-25 04:11:24.342171,CUST-0118,Technology,West,566.41,6,0.0,23.43,2024-03,Monday,566.41,0.041365795095425574
ORD-1094,2024-04-02 05:00:23.411705,CUST-0198,Technology,East,623.44125,3,0.1,168.66,2024-04,Tuesday,561.097125,0.3005896706385726
ORD-1095,2023-11-08 03:15:13.056528,CUST-0051,Furniture,North,73.66,5,0.1,-19.77,2023-11,Wednesday,66.294,-0.2982170332156756
ORD-1096,2024-12-06 21:33:02.791395,CUST-0245,Technology,South,189.51,9,0.0,-46.33,2024-12,Friday,189.51,-0.2444725871985647
ORD-1097,2023-07-30 17:02:54.687343,CUST-0035,Technology,North,202.89,7,0.0,-30.89,2023-07,Sunday,202.89,-0.15224998767805217
ORD-1098,2023-01-28 00:33:51.415707,CUST-0069,Furniture,West,98.41,12,0.0,44.71,2023-01,Saturday,98.41,0.4543237475866274
ORD-1099,2023-06-08 11:44:30.735367,CUST-0049,Office Supplies,West,63.2,4,0.2,-76.7,2023-06,Thursday,50.56,-1.517009493670886
ORD-1100,2023-02-07 05:58:01.140570,CUST-0074,Office Supplies,East,194.06,7,0.3,11.35,2023-02,Tuesday,135.84199999999998,0.08355295122274407
ORD-1101,2024-06-11 16:31:56.158079,CUST-0192,Furniture,North,561.25,5,0.1,206.07,2024-06,Tuesday,505.125,0.4079584261321455
ORD-1102,2024-09-22 16:05:16.958479,CUST-0261,Technology,North,95.51,11,0.0,-60.23,2024-09,Sunday,95.51,-0.6306145953303318
ORD-1103,2023-10-06 15:13:25.002501,CUST-0070,Office Supplies,East,59.78,13,0.0,-2.83,2023-10,Friday,59.78,-0.04734024757443961
ORD-1104,2023-09-27 03:20:58.829414,CUST-0090,Technology,South,234.15,2,0.3,-32.16,2023-09,Wednesday,163.905,-0.19621121991397453
ORD-1105,2023-10-21 23:19:39.589794,CUST-0260,Office Supplies,East,357.34,13,0.0,12.91,2023-10,Saturday,357.34,0.03612805731236358
ORD-1106,2024-04-30 07:51:50.155077,CUST-0126,Office Supplies,Unknown,177.36,6,0.2,9.11,2024-04,Tuesday,141.888,0.06420557059088858
ORD-1107,2023-02-05 10:08:42.261130,CUST-0231,Office Supplies,West,282.41,7,0.0,-10.17,2023-02,Sunday,282.41,-0.03601147268156226
ORD-1108,2024-11-14 23:41:16.238119,CUST-0295,Furniture,East,249.4,8,0.0,20.62,2024-11,Thursday,249.4,0.0826784282277466
ORD-1109,2023-10-19 01:12:45.382691,CUST-0129,Office Supplies,West,199.89,6,0.1,67.99,2023-10,Thursday,179.90099999999998,0.3779300837682948
ORD-1110,2024-05-10 22:01:51.655827,CUST-0280,Office Supplies,West,68.34,8,0.3,113.12,2024-05,Friday,47.838,2.3646473514779047
ORD-1111,2023-11-10 07:50:23.711855,CUST-0100,Furniture,East,45.37,7,0.0,12.93,2023-11,Friday,45.37,0.28499008155168615
ORD-1112,2023-06-08 11:44:30.735367,CUST-0297,Technology,North,150.88,2,0.0,30.35,2023-06,Thursday,150.88,0.20115323435843055
ORD-1113,2023-06-12 20:54:52.046023,CUST-0182,Furniture,North,85.03,14,0.0,57.8,2023-06,Monday,85.03,0.6797600846759967
ORD-1114,2024-05-01 01:23:33.706853,CUST-0174,Furniture,North,202.91,6,0.0,-44.15,2024-05,Wednesday,202.91,-0.21758415060864422
ORD-1115,2023-04-01 13:34:00.420210,CUST-0188,Office Supplies,East,344.68,9,0.0,20.84,2023-04,Saturday,344.68,0.0604618776836486
ORD-1116,2023-03-02 06:07:23.021510,CUST-0057,Technology,North,188.76,12,0.3,-0.33,2023-03,Thursday,132.13199999999998,-0.002497502497502498
ORD-1117,2024-07-03 05:37:50.935467,CUST-0031,Furniture,East,402.96,6,0.1,87.12,2024-07,Wednesday,362.664,0.2402223545761366
ORD-1118,2023-12-25 23:23:15.697848,CUST-0084,Office Supplies,North,384.31,4,0.3,135.11,2023-12,Monday,269.017,0.5022359181761747
ORD-1119,2024-05-10 22:01:51.655827,CUST-0152,Technology,East,242.77,7,0.2,-16.62,2024-05,Friday,194.216,-0.08557482390740206
ORD-1120,2024-01-08 02:54:19.629814,CUST-0036,Office Supplies,South,486.95,3,0.2,106.8,2024-01,Monday,389.56,0.27415545743916214
ORD-1121,2023-07-17 13:31:50.755377,CUST-0213,Office Supplies,North,20.74,5,0.1,-57.5,2023-07,Monday,18.666,-3.080467159541412
ORD-1122,2023-10-04 19:24:06.123061,CUST-0106,Furniture,West,410.02,1,0.0,42.04,2023-10,Wednesday,410.02,0.10253158382517927
ORD-1123,2024-02-17 06:59:14.977488,CUST-0220,Furniture,West,78.1,10,0.3,45.6,2024-02,Saturday,54.669999999999995,0.834095481982806
ORD-1124,2024-08-02 04:18:36.558279,CUST-0163,Office Supplies,East,203.67,3,0.1,-59.03,2024-08,Friday,183.303,-0.3220351003529675
ORD-1125,2023-01-30 05:09:02.071035,CUST-0220,Office Supplies,West,102.55,8,0.1,-19.71,2023-01,Monday,92.295,-0.2135543637250122
ORD-1126,2023-02-18 04:53:54.417208,CUST-0270,Office Supplies,South,623.44125,9,0.0,-25.54,2023-02,Saturday,623.44125,-0.04096616962704986
ORD-1127,2023-10-18 16:26:53.606803,CUST-0120,Office Supplies,South,268.7,9,0.0,-48.68,2023-10,Wednesday,268.7,-0.1811685895050242
ORD-1128,2023-11-25 07:10:46.523261,CUST-0182,Furniture,East,296.63,10,0.0,-129.97,2023-11,Saturday,296.63,-0.4381552776185821
ORD-1129,2023-02-20 00:43:13.296648,CUST-0106,Office Supplies,North,294.39,2,0.1,17.57,2023-02,Monday,264.951,0.06631414865390203
ORD-1130,2023-03-08 19:52:54.987493,CUST-0217,Furniture,North,623.44125,4,0.1,24.79,2023-03,Wednesday,561.097125,0.044181299271494216
ORD-1131,2024-06-04 00:28:48.864432,CUST-0205,Technology,North,92.53,5,0.2,24.32,2024-06,Tuesday,74.024,0.32854209445585214
ORD-1132,2024-05-09 02:12:32.776388,CUST-0070,Office Supplies,East,194.11,3,0.0,75.94,2024-05,Thursday,194.11,0.3912214723610324
ORD-1133,2023-10-14 07:16:32.296148,CUST-0044,Office Supplies,East,543.44,13,0.0,-86.27,2023-10,Saturday,543.44,-0.15874797585750033
ORD-1134,2024-07-13 02:16:08.884442,CUST-0228,Furniture,East,131.56,11,0.2,7.14,2024-07,Saturday,105.248,0.06783976892672544
ORD-1135,2024-11-15 17:12:59.789894,CUST-0184,Technology,South,220.45,1,0.0,183.6,2024-11,Friday,220.45,0.8328419142662735
ORD-1136,2023-12-25 23:23:15.697848,CUST-0107,Furniture,West,63.56,6,0.1,83.21,2023-12,Monday,57.204,1.454618558142787
ORD-1137,2023-01-25 19:58:40.760380,CUST-0084,Technology,West,465.62,14,0.1,83.55,2023-01,Wednesday,419.058,0.19937574273728217
ORD-1138,2023-07-19 00:35:17.858929,CUST-0250,Furniture,South,132.3,10,0.0,-31.0,2023-07,Wednesday,132.3,-0.23431594860166285
ORD-1139,2024-10-18 05:35:41.270635,CUST-0021,Furniture,North,244.79,2,0.0,18.25,2024-10,Friday,244.79,0.07455369908901507
ORD-1140,2023-01-19 23:44:52.346173,CUST-0196,Technology,South,238.61,9,0.0,-107.99,2023-01,Thursday,238.61,-0.4525795230711202
ORD-1141,2024-06-21 21:56:05.882941,CUST-0178,Office Supplies,West,553.82,1,0.0,65.13,2024-06,Friday,553.82,0.11760138673215122
ORD-1142,2023-03-16 11:56:02.281140,CUST-0007,Office Supplies,East,65.91,11,0.1,114.02,2023-03,Thursday,59.318999999999996,1.9221497328006205
ORD-1143,2023-02-15 15:32:51.985992,CUST-0070,Furniture,South,145.37,9,0.2,-56.99,2023-02,Wednesday,116.296,-0.4900426497901905
ORD-1144,2024-10-08 08:57:23.321660,CUST-0127,Office Supplies,West,159.03,7,0.0,-39.53,2024-10,Tuesday,159.03,-0.24856945230459662
ORD-1145,2023-01-16 08:06:14.587293,CUST-0160,Office Supplies,East,124.36,11,0.0,28.08,2023-01,Monday,124.36,0.22579607590865228
ORD-1146,2024-10-10 04:46:42.201100,CUST-0248,Technology,West,242.02,13,0.3,39.2,2024-10,Thursday,169.414,0.23138583588133216
ORD-1147,2024-12-29 04:10:41.120560,CUST-0203,Furniture,East,129.7,10,0.0,-2.5,2024-12,Sunday,129.7,-0.01927525057825752
ORD-1148,2024-11-27 00:54:44.842421,CUST-0148,Furniture,West,314.69,2,0.1,-18.92,2024-11,Wednesday,283.221,-0.06680295599549468
ORD-1149,2023-02-10 04:04:55.347673,CUST-0143,Office Supplies,South,155.7,14,0.1,-18.28,2023-02,Friday,140.13,-0.1304502961535717
ORD-1150,2023-10-05 12:55:49.674837,CUST-0199,Furniture,South,231.51,6,0.1,27.06,2023-10,Thursday,208.359,0.12987199976962838
ORD-1151,2024-09-07 16:44:54.147073,CUST-0154,Technology,South,169.52,8,0.2,65.17,2024-09,Saturday,135.616,0.48054801793298724
ORD-1152,2024-03-16 09:50:41.720860,CUST-0142,Technology,East,508.63,2,0.0,27.04,2024-03,Saturday,508.63,0.05316241668796571
ORD-1153,2023-11-06 07:25:54.177088,CUST-0165,Office Supplies,West,203.67,5,0.0,21.31,2023-11,Monday,203.67,0.10463003878823587
ORD-1155,2024-12-29 04:10:41.120560,CUST-0082,Furniture,South,64.18,12,0.0,82.02,2024-12,Sunday,64.18,1.2779682143970081
ORD-1156,2024-05-25 03:50:30.915457,CUST-0069,Furniture,West,606.83,11,0.0,26.92,2024-05,Saturday,606.83,0.04436168284363001
ORD-1157,2024-12-07 15:04:46.343171,CUST-0131,Furniture,North,323.12,6,0.0,3.8,2024-12,Saturday,323.12,0.01176033671700916
ORD-1158,2024-07-17 11:26:30.195097,CUST-0087,Office Supplies,North,15.64,3,0.0,45.31,2024-07,Wednesday,15.64,2.8970588235294117
ORD-1159,2023-11-25 07:10:46.523261,CUST-0218,Furniture,West,95.27,14,0.1,-20.63,2023-11,Saturday,85.743,-0.2406027314183082
ORD-1160,2023-05-12 02:24:47.543771,CUST-0161,Office Supplies,West,465.48,12,0.1,5.05,2023-05,Friday,418.932,0.01205446229937078
ORD-1161,2023-11-25 07:10:46.523261,CUST-0178,Technology,South,623.44125,2,0.0,36.46,2023-11,Saturday,623.44125,0.05848185374323563
ORD-1162,2024-09-19 17:58:22.751375,CUST-0117,Office Supplies,South,245.21,11,0.0,-10.71,2024-09,Thursday,245.21,-0.04367684841564374
ORD-1163,2023-04-13 06:01:37.248624,CUST-0196,Technology,West,233.57,6,0.2,-68.74,2023-04,Thursday,186.856,-0.3678768677484266
ORD-1164,2024-03-20 19:01:03.031515,CUST-0086,Technology,West,120.07,3,0.2,-78.51,2024-03,Wednesday,96.056,-0.8173357208295162
ORD-1165,2024-11-20 02:23:21.100550,CUST-0289,Furniture,Unknown,169.82,2,0.0,56.74,2024-11,Wednesday,169.82,0.33411847838888237
ORD-1166,2024-03-20 19:01:03.031515,CUST-0081,Office Supplies,East,236.32,1,0.0,28.13,2024-03,Wednesday,236.32,0.11903351387948544
ORD-1167,2023-09-01 05:04:42.741370,CUST-0152,Office Supplies,West,122.84,14,0.0,26.01,2023-09,Friday,122.84,0.21173884728101597
ORD-1168,2023-02-03 14:19:23.381690,CUST-0061,Office Supplies,East,37.12,8,0.2,-39.71,2023-02,Friday,29.695999999999998,-1.3372171336206897
ORD-1169,2023-09-03 00:54:01.620810,CUST-0061,Furniture,West,158.09,1,0.1,28.77,2023-09,Sunday,142.281,0.20220549476036856
ORD-1170,2024-12-20 01:04:06.723361,CUST-0028,Furniture,East,349.88,12,0.0,5.97,2024-12,Friday,349.88,0.017062993026180404
ORD-1171,2023-01-22 21:51:46.553276,CUST-0043,Furniture,West,202.91,5,0.1,-6.0,2023-01,Sunday,182.619,-0.03285528888012748
ORD-1172,2023-08-20 03:51:14.137068,CUST-0169,Office Supplies,East,363.48,11,0.0,25.5,2023-08,Sunday,363.48,0.07015516672169032
ORD-1173,2024-01-28 04:56:47.303651,CUST-0086,Office Supplies,West,36.58,6,0.3,47.79,2024-01,Sunday,25.605999999999998,1.8663594470046083
ORD-1174,2024-06-04 18:00:32.416208,CUST-0177,Technology,Unknown,170.05,11,0.1,134.99,2024-06,Tuesday,153.04500000000002,0.8820281616518018
ORD-1175,2024-10-23 17:03:37.908954,CUST-0017,Technology,South,111.97,12,0.2,63.92,2024-10,Wednesday,89.57600000000001,0.7135839957131374
ORD-1176,2024-01-11 09:47:05.612806,CUST-0098,Furniture,South,140.11,12,0.0,81.45,2024-01,Thursday,140.11,0.5813289558204268
ORD-1177,2024-06-27 18:09:54.297148,CUST-0198,Office Supplies,North,246.32,3,0.1,96.28,2024-06,Thursday,221.688,0.4343040669770128
ORD-1178,2023-08-09 04:55:20.860430,CUST-0098,Office Supplies,East,221.97,14,0.0,-15.84,2023-08,Wednesday,221.97,-0.07136099472901744
ORD-1179,2023-09-06 16:32:39.379689,CUST-0065,Technology,East,3.94,7,0.0,10.75,2023-09,Wednesday,3.94,2.728426395939086
ORD-1180,2024-11-07 07:38:08.944472,CUST-0005,Technology,South,96.76,2,0.0,-24.29,2024-11,Thursday,96.76,-0.25103348491112026
ORD-1181,2023-07-14 15:24:56.548274,CUST-0002,Technology,West,293.82,7,0.0,-10.91,2023-07,Friday,293.82,-0.03713157715608196
ORD-1182,2024-06-05 11:32:15.967983,CUST-0022,Office Supplies,East,54.39,2,0.1,4.31,2024-06,Wednesday,48.951,0.08804723090437375
ORD-1183,2023-11-02 15:47:16.418209,CUST-0112,Furniture,North,267.5,5,0.1,-12.34,2023-11,Thursday,240.75,-0.05125649013499481
ORD-1184,2024-07-14 22:05:27.763881,CUST-0057,Furniture,West,100.21,7,0.3,43.45,2024-07,Sunday,70.14699999999999,0.6194135173278973
ORD-1185,2023-08-24 04:15:43.671835,CUST-0066,Furniture,East,237.35,11,0.1,55.97,2023-08,Thursday,213.615,0.2620134353860918
ORD-1186,2023-03-26 17:20:12.006003,CUST-0098,Office Supplies,Unknown,314.27,11,0.0,-48.37,2023-03,Sunday,314.27,-0.1539122410665988
ORD-1187,2023-07-10 23:46:18.789394,CUST-0144,Furniture,South,210.01,14,0.0,11.28,2023-07,Monday,210.01,0.053711728012951765
ORD-1188,2023-05-06 23:42:42.681340,CUST-0125,Furniture,West,215.03,3,0.1,11.93,2023-05,Saturday,193.52700000000002,0.06164514512186929
ORD-1189,2024-01-26 09:07:28.424212,CUST-0167,Furniture,Unknown,132.29,14,0.1,-58.34,2024-01,Friday,119.06099999999999,-0.49000092389615413
ORD-1190,2023-07-19 00:35:17.858929,CUST-0086,Technology,North,140.24,11,0.1,-15.97,2023-07,Wednesday,126.21600000000001,-0.12652912467516003
ORD-1191,2024-12-19 16:18:14.947473,CUST-0076,Office Supplies,North,100.64,4,0.3,82.41,2024-12,Thursday,70.448,1.1697990006813537
ORD-1192,2024-02-07 01:35:05.252626,CUST-0294,Office Supplies,East,330.61,1,0.0,81.63,2024-02,Wednesday,330.61,0.24690723208614376
ORD-1193,2024-10-02 03:57:43.131565,CUST-0059,Office Supplies,East,60.31,3,0.0,-67.75,2024-10,Wednesday,60.31,-1.123362626430111
ORD-1194,2024-11-01 11:24:20.530265,CUST-0138,Office Supplies,North,190.24,9,0.2,58.33,2024-11,Friday,152.192,0.3832658746846089
ORD-1195,2024-12-11 15:29:15.877938,CUST-0099,Furniture,South,36.15,10,0.0,-58.22,2024-12,Wednesday,36.15,-1.610511756569848
ORD-1196,2024-02-05 05:45:46.373186,CUST-0192,Technology,North,92.4,5,0.3,5.91,2024-02,Monday,64.68,0.09137291280148423
ORD-1197,2023-10-17 14:09:18.279139,CUST-0243,Furniture,East,136.56,8,0.1,24.16,2023-10,Tuesday,122.90400000000001,0.19657618954631256
ORD-1198,2023-04-01 13:34:00.420210,CUST-0049,Office Supplies,East,76.36,2,0.1,75.17,2023-04,Saturday,68.724,1.0937954717420406
ORD-1199,2023-01-17 19:09:41.690845,CUST-0032,Furniture,South,138.42,3,0.2,19.52,2023-01,Tuesday,110.73599999999999,0.17627510475364833
ORD-1200,2024-02-22 18:27:11.615807,CUST-0277,Furniture,East,124.65,7,0.0,-30.83,2024-02,Thursday,124.65,-0.2473325310870437
ORD-1201,2023-03-19 18:48:48.264132,CUST-0020,Technology,West,575.16,14,0.3,-41.04,2023-03,Sunday,402.61199999999997,-0.1019343685732169
ORD-1202,2023-03-28 21:55:22.661330,CUST-0154,Technology,East,195.52,10,0.0,40.08,2023-03,Tuesday,195.52,0.20499181669394434
ORD-1203,2024-01-30 00:46:06.183091,CUST-0068,Technology,East,384.84,4,0.1,-8.03,2024-01,Tuesday,346.356,-0.02318423818267909
ORD-1204,2023-05-08 10:46:09.784892,CUST-0214,Office Supplies,North,110.91,9,0.0,5.48,2023-05,Monday,110.91,0.04940943107023713
ORD-1205,2023-02-08 17:01:28.244122,CUST-0143,Furniture,North,50.99,14,0.0,88.23,2023-02,Wednesday,50.99,1.7303392822121986
ORD-1206,2023-10-31 02:26:13.986993,CUST-0232,Technology,West,30.81,7,0.3,56.09,2023-10,Tuesday,21.566999999999997,2.6007326007326013
ORD-1207,2023-01-18 03:55:33.466733,CUST-0213,Office Supplies,East,248.61,14,0.0,125.21,2023-01,Wednesday,248.61,0.5036402397329149
ORD-1208,2024-08-05 19:57:14.317158,CUST-0079,Office Supplies,South,123.58,11,0.0,-31.09,2024-08,Monday,123.58,-0.25157792523061984
ORD-1209,2023-05-03 16:49:56.698349,CUST-0214,Furniture,East,55.88,12,0.0,-12.55,2023-05,Wednesday,55.88,-0.224588403722262
ORD-1210,2024-01-19 01:50:12.906453,CUST-0116,Furniture,North,362.69,1,0.0,41.02,2024-01,Friday,362.69,0.11309934103504371
ORD-1211,2023-10-21 05:47:56.038019,CUST-0092,Office Supplies,South,44.97,4,0.0,139.13,2023-10,Saturday,44.97,3.093840338003113
ORD-1212,2024-04-12 10:24:33.136568,CUST-0270,Office Supplies,East,287.22,10,0.0,-17.69,2024-04,Friday,287.22,-0.061590418494533804
ORD-1213,2023-01-03 13:21:02.431215,CUST-0168,Technology,South,195.52,11,0.3,32.3,2023-01,Tuesday,136.864,0.2360007014262333
ORD-1214,2023-08-16 20:58:28.154077,CUST-0058,Furniture,East,165.83,6,0.0,109.27,2023-08,Wednesday,165.83,0.6589278176445756
ORD-1215,2024-11-21 04:40:56.428214,CUST-0284,Office Supplies,North,342.43,6,0.0,33.0,2024-11,Thursday,342.43,0.09637006103437198
ORD-1216,2024-04-10 23:21:06.033016,CUST-0026,Furniture,West,145.99,10,0.3,91.2,2024-04,Wednesday,102.193,0.8924290313426556
ORD-1217,2024-09-18 06:54:55.647823,CUST-0066,Furniture,South,76.25,6,0.0,147.45,2024-09,Wednesday,76.25,1.9337704918032785
ORD-1218,2023-09-20 04:49:35.087543,CUST-0248,Office Supplies,West,491.03,5,0.0,47.71,2023-09,Wednesday,491.03,0.09716310612386209
ORD-1219,2023-04-21 06:50:36.318159,CUST-0254,Furniture,West,114.04,3,0.1,57.51,2023-04,Friday,102.63600000000001,0.5603297088740792
ORD-1220,2023-08-21 23:40:33.016508,CUST-0044,Furniture,Unknown,202.91,2,0.1,74.58,2023-08,Monday,182.619,0.40839124077998457
ORD-1222,2023-09-22 18:10:37.518759,CUST-0042,Office Supplies,West,70.34,9,0.2,-58.89,2023-09,Friday,56.272000000000006,-1.046524026158658
ORD-1223,2023-07-11 17:18:02.341170,CUST-0227,Furniture,East,547.18,3,0.1,39.51,2023-07,Tuesday,492.462,0.0802295405533828
ORD-1224,2023-06-22 17:33:09.994997,CUST-0262,Furniture,North,623.44125,3,0.0,-7.51,2023-06,Thursday,623.44125,-0.012046042830820065
ORD-1225,2023-01-10 20:38:17.948974,CUST-0167,Furniture,East,337.7,1,0.0,93.17,2023-01,Tuesday,337.7,0.2758957654723127
ORD-1226,2023-01-29 02:51:26.743371,CUST-0279,Furniture,East,90.76,2,0.1,48.86,2023-01,Sunday,81.68400000000001,0.5981587581411292
ORD-1227,2024-03-28 11:04:10.325162,CUST-0089,Technology,North,206.81,11,0.0,92.15,2024-03,Thursday,206.81,0.44557806682462164
ORD-1228,2024-05-29 13:00:52.226113,CUST-0178,Office Supplies,West,372.03,12,0.0,-42.1,2024-05,Wednesday,372.03,-0.11316291696906165
ORD-1229,2023-05-13 22:14:06.423211,CUST-0197,Office Supplies,South,177.02,3,0.0,90.09,2023-05,Saturday,177.02,0.5089255451361429
ORD-1230,2023-08-31 20:18:50.965482,CUST-0267,Office Supplies,South,118.81,2,0.1,-107.93,2023-08,Thursday,106.929,-1.0093613519251092
ORD-1231,2023-07-11 17:18:02.341170,CUST-0268,Technology,North,137.46,8,0.0,-37.18,2023-07,Tuesday,137.46,-0.27047868470827874
ORD-1232,2023-09-12 21:32:19.569784,CUST-0074,Furniture,South,69.2,6,0.1,67.93,2023-09,Tuesday,62.28,1.090719332048812
ORD-1233,2024-05-02 12:27:00.810405,CUST-0008,Technology,North,78.44,7,0.0,-0.15,2024-05,Thursday,78.44,-0.0019122896481387048
ORD-1234,2023-11-19 02:11:06.333166,CUST-0297,Technology,East,403.89,1,0.2,5.62,2023-11,Sunday,323.112,0.0173933496744163
ORD-1235,2024-01-12 03:18:49.164582,CUST-0164,Office Supplies,North,38.07,6,0.2,36.43,2024-01,Friday,30.456000000000003,1.1961518255844497
ORD-1236,2024-01-10 16:15:22.061030,CUST-0085,Technology,East,123.84,2,0.1,115.32,2024-01,Wednesday,111.456,1.034668389319552
ORD-1237,2024-08-24 02:10:23.111555,CUST-0072,Office Supplies,West,430.77,13,0.2,-85.31,2024-08,Saturday,344.616,-0.2475508972305407
ORD-1238,2023-12-02 05:42:10.265132,CUST-0055,Furniture,South,21.38,6,0.0,104.92,2023-12,Saturday,21.38,4.9073900841908324
ORD-1239,2023-10-01 12:31:20.140070,CUST-0047,Furniture,West,71.29,3,0.1,108.45,2023-10,Sunday,64.161,1.690279141534577
ORD-1241,2024-10-09 20:00:50.425212,CUST-0104,Technology,East,466.86,3,0.1,-11.69,2024-10,Wednesday,420.17400000000004,-0.027821807156082953
ORD-1242,2024-07-13 02:16:08.884442,CUST-0210,Office Supplies,North,274.25,9,0.3,22.92,2024-07,Saturday,191.975,0.11939054564396406
ORD-1243,2024-04-18 15:24:13.326663,CUST-0042,Technology,East,114.0,3,0.0,-12.97,2024-04,Thursday,114.0,-0.11377192982456141
ORD-1244,2024-07-12 08:44:25.332666,CUST-0268,Office Supplies,North,245.41,7,0.0,50.69,2024-07,Friday,245.41,0.20655230023226437
ORD-1245,2023-10-21 23:19:39.589794,CUST-0263,Office Supplies,North,446.61,12,0.1,58.5,2023-10,Saturday,401.949,0.14554085219766685
ORD-1246,2023-09-27 12:06:50.605302,CUST-0259,Furniture,North,157.19,4,0.2,-63.23,2023-09,Wednesday,125.75200000000001,-0.5028150645715376
ORD-1247,2024-11-27 00:54:44.842421,CUST-0283,Furniture,East,421.78,8,0.2,-25.22,2024-11,Wednesday,337.424,-0.07474275688747689
ORD-1248,2024-01-15 01:25:43.371685,CUST-0114,Furniture,East,623.44125,14,0.0,-41.11,2024-01,Monday,623.44125,-0.06594045549600705
ORD-1249,2024-03-19 16:43:27.703851,CUST-0040,Office Supplies,East,283.34,2,0.0,42.88,2024-03,Tuesday,283.34,0.15133761558551564
ORD-1250,2024-08-27 00:17:17.318659,CUST-0220,Office Supplies,North,236.94,8,0.0,82.34,2024-08,Tuesday,236.94,0.3475141386004896
ORD-1251,2023-06-26 17:57:39.529764,CUST-0129,Furniture,South,113.92,9,0.0,-34.41,2023-06,Monday,113.92,-0.30205407303370785
ORD-1252,2023-01-10 20:38:17.948974,CUST-0008,Furniture,East,44.49,13,0.0,81.92,2023-01,Tuesday,44.49,1.8413126545291076
ORD-1253,2023-09-18 09:00:16.208104,CUST-0101,Technology,North,86.88,8,0.1,-25.49,2023-09,Monday,78.192,-0.3259924288929814
ORD-1254,2024-01-23 19:46:25.992996,CUST-0176,Office Supplies,South,240.7,6,0.3,73.12,2024-01,Tuesday,168.48999999999998,0.4339723425722596
ORD-1255,2024-12-22 14:25:09.154577,CUST-0107,Office Supplies,West,28.37,10,0.2,12.98,2024-12,Sunday,22.696,0.571906943954882
ORD-1256,2024-04-18 06:38:21.550775,CUST-0101,Office Supplies,North,494.14,1,0.0,3.5,2024-04,Thursday,494.14,0.007083012911320678
ORD-1257,2024-04-02 22:32:06.963481,CUST-0260,Furniture,South,418.16,7,0.0,98.55,2024-04,Tuesday,418.16,0.23567533958293474
ORD-1258,2023-02-01 00:58:20.950475,CUST-0246,Furniture,East,487.85,1,0.0,137.26,2023-02,Wednesday,487.85,0.2813569744798606
ORD-1259,2024-06-30 16:16:48.504252,CUST-0275,Technology,West,206.63,7,0.0,-86.5,2024-06,Sunday,206.63,-0.4186226588588298
ORD-1260,2023-02-15 15:32:51.985992,CUST-0032,Furniture,East,202.91,14,0.3,65.97,2023-02,Wednesday,142.03699999999998,0.46445644444757356
ORD-1261,2023-10-24 03:54:50.245122,CUST-0137,Technology,South,446.77,2,0.1,40.64,2023-10,Tuesday,402.093,0.10107114523257058
ORD-1262,2023-07-15 17:42:31.875937,CUST-0012,Furniture,South,87.25,8,0.0,69.47,2023-07,Saturday,87.25,0.7962177650429799
ORD-1263,2023-02-22 14:04:15.727863,CUST-0016,Office Supplies,North,11.78,2,0.2,-56.31,2023-02,Wednesday,9.424,-5.975169779286928
ORD-1264,2024-07-19 07:15:49.074537,CUST-0129,Furniture,East,79.95,3,0.0,-35.06,2024-07,Friday,79.95,-0.4385240775484678
ORD-1265,2024-03-27 00:00:43.221610,CUST-0063,Furniture,West,125.5,13,0.1,-10.29,2024-03,Wednesday,112.95,-0.09110225763612217
ORD-1266,2023-01-09 18:20:42.621310,CUST-0109,Technology,East,154.24,12,0.3,42.78,2023-01,Monday,107.968,0.39622851215174865
ORD-1267,2024-08-08 09:18:16.748374,CUST-0021,Office Supplies,East,108.79,3,0.0,-13.96,2024-08,Thursday,108.79,-0.12832061770383307
ORD-1268,2024-06-01 11:07:46.433216,CUST-0158,Furniture,North,318.24,1,0.0,10.62,2024-06,Saturday,318.24,0.0333710407239819
ORD-1269,2023-01-25 02:26:57.208604,CUST-0269,Furniture,South,165.36,5,0.0,79.83,2023-01,Wednesday,165.36,0.4827648766328011
ORD-1270,2023-03-26 17:20:12.006003,CUST-0162,Technology,South,88.2,5,0.0,152.93,2023-03,Sunday,88.2,1.7339002267573695
ORD-1271,2023-02-09 10:33:11.795897,CUST-0260,Furniture,North,623.44125,10,0.0,75.55,2023-02,Thursday,623.44125,0.1211822284778237
ORD-1272,2024-03-02 21:33:46.013006,CUST-0102,Office Supplies,East,212.09,5,0.2,81.56,2024-03,Saturday,169.67200000000003,0.48069215898910833
ORD-1273,2023-02-10 04:04:55.347673,CUST-0223,Office Supplies,West,199.99,14,0.0,19.09,2023-02,Friday,199.99,0.09545477273863692
ORD-1274,2023-03-24 21:30:53.126563,CUST-0059,Furniture,West,428.95,13,0.0,-23.44,2023-03,Friday,428.95,-0.05464506352721763
ORD-1275,2023-02-10 04:04:55.347673,CUST-0247,Furniture,North,83.33,9,0.0,10.44,2023-02,Friday,83.33,0.125285011400456
ORD-1276,2024-06-29 05:13:21.400700,CUST-0128,Office Supplies,South,623.44125,6,0.0,26.53,2024-06,Saturday,623.44125,0.042554130000220555
ORD-1277,2023-01-13 01:13:28.604302,CUST-0283,Technology,West,232.07,6,0.0,-39.61,2023-01,Friday,232.07,-0.17068125996466585
ORD-1278,2023-08-16 03:26:44.602301,CUST-0025,Office Supplies,West,115.25,3,0.2,78.91,2023-08,Wednesday,92.2,0.8558568329718004
ORD-1279,2024-10-18 23:07:24.822411,CUST-0131,Technology,East,540.28,5,0.1,121.17,2024-10,Friday,486.252,0.24919177710323043
ORD-1280,2024-12-16 09:25:28.964482,CUST-0196,Technology,West,216.15,10,0.3,37.35,2024-12,Monday,151.305,0.2468523842569644
ORD-1281,2024-05-23 08:01:12.036018,CUST-0281,Technology,West,319.91,7,0.2,95.04,2024-05,Thursday,255.92800000000003,0.3713544434372167
ORD-1282,2023-09-30 18:59:36.588294,CUST-0154,Office Supplies,East,24.16,3,0.0,102.51,2023-09,Saturday,24.16,4.242963576158941
ORD-1283,2023-08-05 22:02:34.877438,CUST-0133,Office Supplies,West,35.0,2,0.2,-32.08,2023-08,Saturday,28.0,-1.1457142857142857
ORD-1284,2024-07-29 21:25:50.575287,CUST-0227,Technology,South,155.39,5,0.0,-74.27,2024-07,Monday,155.39,-0.47795868460003865
ORD-1286,2023-08-12 11:48:06.843421,CUST-0265,Office Supplies,East,445.92,5,0.0,35.75,2023-08,Saturday,445.92,0.0801713311804808
ORD-1287,2024-07-16 17:54:46.643321,CUST-0134,Technology,East,52.86,9,0.0,-41.77,2024-07,Tuesday,52.86,-0.7902005297010973
ORD-1288,2023-09-10 08:11:17.138569,CUST-0211,Furniture,West,569.69,11,0.0,115.33,2023-09,Sunday,569.69,0.20244343414839647
ORD-1289,2024-04-21 13:31:07.533766,CUST-0060,Office Supplies,West,445.54,10,0.1,146.93,2024-04,Sunday,400.98600000000005,0.36642177033612144
ORD-1290,2024-05-05 10:33:55.017508,CUST-0213,Office Supplies,West,484.5,1,0.0,40.75,2024-05,Sunday,484.5,0.08410732714138287
ORD-1291,2024-10-05 02:04:37.338669,CUST-0216,Furniture,West,67.49,4,0.0,-28.91,2024-10,Saturday,67.49,-0.42835975700103723
ORD-1292,2024-06-19 08:35:03.451725,CUST-0226,Furniture,North,274.55,10,0.2,59.18,2024-06,Wednesday,219.64000000000001,0.26944090329630305
ORD-1294,2023-04-25 16:00:57.628814,CUST-0076,Office Supplies,West,244.0,2,0.1,98.59,2023-04,Tuesday,219.6,0.44895264116575595
ORD-1295,2023-11-16 21:35:55.677838,CUST-0286,Office Supplies,South,206.44,12,0.3,16.11,2023-11,Thursday,144.50799999999998,0.11148171727516817
ORD-1296,2024-12-27 08:21:22.241120,CUST-0277,Office Supplies,West,203.67,2,0.0,73.64,2024-12,Friday,203.67,0.3615652771640399
ORD-1297,2024-10-06 04:22:12.666333,CUST-0156,Office Supplies,East,120.49,1,0.0,84.11,2024-10,Sunday,120.49,0.6980662295626193
ORD-1298,2024-05-26 06:08:06.243121,CUST-0248,Furniture,North,370.36,14,0.1,62.28,2024-05,Sunday,333.324,0.18684523166648667
ORD-1299,2024-04-24 02:52:09.964982,CUST-0218,Technology,North,468.13,8,0.0,137.12,2024-04,Wednesday,468.13,0.2929100890778203
ORD-1301,2023-08-30 09:15:23.861930,CUST-0163,Technology,North,373.82,3,0.0,-0.19,2023-08,Wednesday,373.82,-0.000508266010379327
ORD-1302,2023-04-11 18:58:10.145072,CUST-0180,Technology,South,98.88,12,0.1,-96.13,2023-04,Tuesday,88.992,-1.0802094570298453
ORD-1303,2024-09-24 20:40:27.613806,CUST-0034,Office Supplies,South,121.96,2,0.1,-107.04,2024-09,Tuesday,109.764,-0.9751831201486827
ORD-1304,2024-08-09 02:50:00.300150,CUST-0041,Furniture,North,35.68,4,0.0,69.12,2024-08,Friday,35.68,1.937219730941704
ORD-1305,2024-07-11 06:26:50.005002,CUST-0075,Office Supplies,West,215.93,14,0.0,18.97,2024-07,Thursday,215.93,0.08785254480618718
ORD-1306,2023-08-16 12:12:36.378189,CUST-0279,Furniture,North,187.74,1,0.1,-18.92,2023-08,Wednesday,168.966,-0.11197519027496657
ORD-1307,2023-07-08 01:39:24.582291,CUST-0176,Technology,Unknown,127.21,3,0.1,-36.83,2023-07,Saturday,114.48899999999999,-0.32169029339063143
ORD-1308,2024-05-16 09:29:48.294147,CUST-0150,Furniture,South,461.02,5,0.3,74.46,2024-05,Thursday,322.71399999999994,0.23073061596336078
ORD-1309,2023-11-04 11:36:35.297648,CUST-0273,Furniture,East,488.4,10,0.0,-29.01,2023-11,Saturday,488.4,-0.059398034398034406
ORD-1310,2024-06-20 10:52:38.779389,CUST-0108,Furniture,South,213.97,1,0.3,127.84,2024-06,Thursday,149.779,0.8535241923100034
ORD-1311,2024-11-07 16:24:00.720360,CUST-0139,Technology,East,178.92,4,0.0,171.06,2024-11,Thursday,178.92,0.9560697518443998
ORD-1312,2023-05-08 10:46:09.784892,CUST-0271,Technology,West,623.44125,6,0.0,-24.0,2023-05,Monday,623.44125,-0.03849600904656213
ORD-1313,2024-08-18 05:56:34.697348,CUST-0289,Furniture,East,184.36,4,0.0,70.19,2024-08,Sunday,184.36,0.38072249945758296
ORD-1314,2024-09-08 01:30:45.922961,CUST-0212,Furniture,North,96.11,7,0.3,56.4,2024-09,Sunday,67.277,0.8383251334036892
ORD-1315,2023-10-28 04:19:19.779889,CUST-0272,Office Supplies,South,144.49,14,0.0,-29.26,2023-10,Saturday,144.49,-0.20250536369298913
ORD-1316,2024-02-28 14:41:00.030015,CUST-0066,Furniture,West,194.82,7,0.1,-28.92,2024-02,Wednesday,175.338,-0.1649385757793519
ORD-1317,2023-10-04 19:24:06.123061,CUST-0248,Furniture,East,282.57,6,0.0,22.64,2023-10,Wednesday,282.57,0.08012173974590367
ORD-1318,2023-11-24 22:24:54.747373,CUST-0156,Office Supplies,West,75.7,9,0.0,-38.3,2023-11,Friday,75.7,-0.5059445178335534
ORD-1319,2023-03-30 08:58:49.764882,CUST-0047,Technology,North,623.44125,2,0.0,95.48,2023-03,Thursday,623.44125,0.15314995599023967
ORD-1320,2023-07-17 22:17:42.531265,CUST-0201,Office Supplies,West,356.67,13,0.1,15.23,2023-07,Monday,321.00300000000004,0.04744503945445992
ORD-1321,2024-01-24 04:32:17.768884,CUST-0148,Technology,West,63.76,10,0.0,-37.24,2024-01,Wednesday,63.76,-0.5840652446675032
ORD-1322,2023-03-25 06:16:44.902451,CUST-0124,Technology,East,324.56,8,0.0,24.66,2023-03,Saturday,324.56,0.07597978802070496
ORD-1323,2023-07-19 18:07:01.410705,CUST-0001,Office Supplies,West,147.86,8,0.3,57.99,2023-07,Wednesday,103.50200000000001,0.5602790284245714
ORD-1324,2023-12-02 14:28:02.041020,CUST-0247,Technology,West,31.31,11,0.0,-13.47,2023-12,Saturday,31.31,-0.43021398914084963
ORD-1325,2024-03-31 00:25:12.756378,CUST-0128,Furniture,North,202.11,10,0.3,-89.59,2024-03,Sunday,141.477,-0.6332478070640457
ORD-1326,2023-01-02 19:49:18.879439,CUST-0191,Furniture,East,188.42,14,0.1,37.58,2023-01,Monday,169.578,0.2216089351213011
ORD-1327,2024-05-06 04:05:38.569284,CUST-0067,Technology,North,430.01,14,0.1,-43.02,2024-05,Monday,387.009,-0.1111602055766145
ORD-1328,2023-06-20 12:57:59.339669,CUST-0004,Furniture,East,231.28,11,0.2,-17.62,2023-06,Tuesday,185.024,-0.0952308889657558
ORD-1329,2024-10-02 21:29:26.683341,CUST-0294,Technology,West,393.77,4,0.1,58.15,2024-10,Wednesday,354.393,0.16408337636465734
ORD-1330,2023-01-28 00:33:51.415707,CUST-0143,Furniture,West,335.54,6,0.0,-5.27,2023-01,Saturday,335.54,-0.015706026107170527
ORD-1331,2023-01-02 02:17:35.327663,CUST-0191,Office Supplies,North,545.8,11,0.0,21.53,2023-01,Monday,545.8,0.039446683766947606
ORD-1332,2024-11-13 21:23:40.910455,CUST-0021,Office Supplies,South,203.67,6,0.2,117.18,2024-11,Wednesday,162.936,0.7191780821917808
ORD-1333,2023-08-24 13:01:35.447723,CUST-0227,Furniture,South,132.42,5,0.0,8.88,2023-08,Thursday,132.42,0.06705935659265973
ORD-1334,2023-02-12 17:25:57.778889,CUST-0117,Furniture,North,453.09,14,0.0,151.28,2023-02,Sunday,453.09,0.3338851000904898
ORD-1335,2023-11-18 08:39:22.781390,CUST-0142,Technology,West,151.49,1,0.0,74.39,2023-11,Saturday,151.49,0.49105551521552576
ORD-1336,2024-08-17 21:10:42.921460,CUST-0039,Furniture,South,600.35,3,0.0,-25.88,2024-08,Saturday,600.35,-0.04310818689098026
ORD-1337,2023-07-03 16:29:03.271635,CUST-0252,Furniture,North,232.66,7,0.0,1.42,2023-07,Monday,232.66,0.006103326742886615
ORD-1338,2023-12-12 11:06:19.989995,CUST-0207,Office Supplies,East,192.41,8,0.0,-45.76,2023-12,Tuesday,192.41,-0.23782547684631775
ORD-1339,2023-07-29 05:59:27.583791,CUST-0210,Technology,South,422.8,2,0.2,68.25,2023-07,Saturday,338.24,0.2017798013245033
ORD-1340,2024-06-18 15:03:19.899949,CUST-0115,Technology,West,36.31,3,0.3,109.47,2024-06,Tuesday,25.417,4.306959908722508
ORD-1341,2023-03-12 11:31:32.746373,CUST-0225,Technology,East,61.82,4,0.0,8.5,2023-03,Sunday,61.82,0.13749595600129408
ORD-1342,2023-11-05 22:40:02.401200,CUST-0134,Office Supplies,West,53.94,14,0.0,-81.68,2023-11,Sunday,53.94,-1.5142751205042642
ORD-1343,2023-09-18 17:46:07.983991,CUST-0251,Technology,East,448.08,11,0.3,51.63,2023-09,Monday,313.65599999999995,0.1646070854694315
ORD-1344,2024-05-31 17:36:02.881440,CUST-0219,Furniture,West,109.59,5,0.0,-21.72,2024-05,Friday,109.59,-0.19819326580892416
ORD-1345,2024-01-19 01:50:12.906453,CUST-0091,Office Supplies,East,316.63,3,0.2,-12.64,2024-01,Friday,253.304,-0.049900514796450114
ORD-1346,2024-06-16 10:28:09.244622,CUST-0046,Furniture,East,127.73,5,0.0,48.69,2024-06,Sunday,127.73,0.38119470758631485
ORD-1347,2023-03-04 19:28:25.452726,CUST-0038,Office Supplies,East,105.85,8,0.1,103.92,2023-03,Saturday,95.265,1.0908518343567941
ORD-1348,2024-04-28 03:16:39.499749,CUST-0142,Furniture,North,334.73,8,0.1,74.37,2024-04,Sunday,301.257,0.24686563299773948
ORD-1349,2024-09-01 02:59:22.181090,CUST-0100,Furniture,North,365.46,14,0.0,55.77,2024-09,Sunday,365.46,0.15260219996716468
ORD-1350,2023-04-29 16:25:27.163581,CUST-0190,Office Supplies,West,288.84,2,0.0,20.56,2023-04,Saturday,288.84,0.07118127683146379
ORD-1351,2024-06-07 07:21:34.847423,CUST-0035,Office Supplies,East,210.74,6,0.0,-49.23,2024-06,Friday,210.74,-0.23360539052861343
ORD-1352,2024-02-21 16:09:36.288144,CUST-0147,Furniture,East,51.53,4,0.1,50.88,2024-02,Wednesday,46.377,1.0970955430493563
ORD-1353,2023-11-01 22:15:32.866433,CUST-0030,Furniture,South,97.13,9,0.1,73.06,2023-11,Wednesday,87.417,0.8357642106226478
ORD-1354,2024-10-22 23:31:54.357178,CUST-0084,Furniture,West,117.06,10,0.3,-5.7,2024-10,Tuesday,81.942,-0.06956139708574358
ORD-1355,2023-09-22 00:38:53.966983,CUST-0281,Furniture,West,120.56,2,0.2,8.02,2023-09,Friday,96.44800000000001,0.08315361645653616
ORD-1356,2023-03-23 19:13:17.798899,CUST-0270,Furniture,East,347.21,8,0.0,96.6,2023-03,Thursday,347.21,0.27821779326632295
ORD-1357,2023-07-13 21:53:12.996498,CUST-0154,Furniture,North,320.68,1,0.3,6.45,2023-07,Thursday,224.476,0.02873358399116164
ORD-1358,2023-02-10 21:36:38.899449,CUST-0102,Technology,West,282.16,11,0.0,13.77,2023-02,Friday,282.16,0.04880209810036858
ORD-1359,2023-02-20 18:14:56.848424,CUST-0215,Technology,East,148.79,6,0.0,24.7,2023-02,Monday,148.79,0.16600577995833055
ORD-1360,2023-07-23 18:31:30.945472,CUST-0150,Technology,East,105.74,11,0.1,69.93,2023-07,Sunday,95.166,0.7348212596935881
ORD-1361,2023-01-01 00:00:00.000000,CUST-0083,Technology,West,432.53,11,0.0,47.6,2023-01,Sunday,432.53,0.11005016993040946
ORD-1362,2023-02-02 12:01:48.054027,CUST-0110,Technology,South,623.44125,14,0.0,43.16,2023-02,Thursday,623.44125,0.06922865626873421
ORD-1363,2023-08-27 11:08:29.654827,CUST-0275,Office Supplies,South,261.6,12,0.0,121.07,2023-08,Sunday,261.6,0.4628058103975535
ORD-1364,2023-04-27 11:50:16.508254,CUST-0201,Furniture,North,128.49,10,0.0,5.43,2023-04,Thursday,128.49,0.042260098062106
ORD-1365,2024-07-28 10:22:23.471735,CUST-0284,Technology,North,339.12,13,0.1,-27.03,2024-07,Sunday,305.208,-0.08856255406149248
ORD-1366,2024-10-29 13:17:26.323161,CUST-0173,Office Supplies,East,164.68,1,0.1,91.33,2024-10,Tuesday,148.21200000000002,0.616211912665641
ORD-1367,2024-12-01 01:19:14.377188,CUST-0206,Office Supplies,North,202.86,2,0.2,43.86,2024-12,Sunday,162.288,0.2702602780242532
ORD-1368,2023-02-20 09:29:05.072536,CUST-0063,Technology,North,143.78,3,0.1,-5.35,2023-02,Monday,129.40200000000002,-0.04134402868580083
ORD-1369,2024-07-14 04:33:44.212106,CUST-0073,Furniture,East,623.44125,9,0.0,8.41,2024-07,Sunday,623.44125,0.013489643170066146
ORD-1370,2024-11-21 13:26:48.204102,CUST-0251,Technology,South,395.9,5,0.0,-46.44,2024-11,Thursday,395.9,-0.11730234907805001
ORD-1371,2023-11-05 05:08:18.849424,CUST-0124,Office Supplies,East,317.79,10,0.0,43.9,2023-11,Sunday,317.79,0.13814154001069887
ORD-1372,2023-04-05 05:12:38.179089,CUST-0121,Furniture,West,30.69,10,0.0,-57.69,2023-04,Wednesday,30.69,-1.879765395894428
ORD-1374,2023-11-26 00:42:30.075037,CUST-0120,Furniture,North,289.61,2,0.1,-1.34,2023-11,Sunday,260.649,-0.005141013393490864
ORD-1375,2023-09-09 14:39:33.586793,CUST-0164,Technology,North,78.91,10,0.0,-53.64,2023-09,Saturday,78.91,-0.6797617538968446
ORD-1376,2023-01-04 06:52:45.982991,CUST-0286,Technology,East,309.6,5,0.1,95.83,2023-01,Wednesday,278.64000000000004,0.3439204708584553
ORD-1377,2023-04-05 22:44:21.730865,CUST-0265,Furniture,South,76.22,5,0.2,165.38,2023-04,Wednesday,60.976,2.7122146418262925
ORD-1378,2024-12-10 04:25:48.774387,CUST-0161,Furniture,West,168.96,1,0.2,56.24,2024-12,Tuesday,135.168,0.4160748106060606
ORD-1379,2024-09-02 22:48:41.060530,CUST-0089,Furniture,West,339.03,3,0.2,12.87,2024-09,Monday,271.224,0.04745155295991505
ORD-1380,2023-03-04 10:42:33.676838,CUST-0142,Furniture,Unknown,219.23,5,0.0,-27.6,2023-03,Saturday,219.23,-0.12589517857957397
ORD-1381,2023-11-24 13:39:02.971485,CUST-0203,Technology,North,161.33,9,0.1,45.71,2023-11,Friday,145.197,0.31481366694904167
ORD-1382,2023-01-05 09:10:21.310655,CUST-0227,Office Supplies,East,502.38,10,0.0,68.2,2023-01,Thursday,502.38,0.1357538118555675
ORD-1383,2024-03-10 22:22:45.082541,CUST-0222,Office Supplies,North,304.43,1,0.0,30.41,2024-03,Sunday,304.43,0.0998916006963834
ORD-1384,2024-08-31 00:41:46.853426,CUST-0041,Office Supplies,East,308.49,8,0.1,83.73,2024-08,Saturday,277.641,0.30157649626676175
ORD-1385,2024-08-14 05:32:05.162581,CUST-0196,Furniture,East,293.69,1,0.0,120.83,2024-08,Wednesday,293.69,0.41142020497803805
ORD-1386,2023-04-27 20:36:08.284142,CUST-0068,Technology,West,268.51,9,0.2,-45.58,2023-04,Thursday,214.808,-0.21218949014934266
ORD-1387,2024-05-05 01:48:03.241620,CUST-0264,Office Supplies,Unknown,314.37,6,0.2,47.64,2024-05,Sunday,251.496,0.18942647199160226
ORD-1388,2024-08-20 10:31:45.352676,CUST-0002,Office Supplies,East,534.44,1,0.3,-84.2,2024-08,Tuesday,374.108,-0.22506869673997884
ORD-1389,2023-04-30 18:43:02.491245,CUST-0125,Furniture,North,347.41,8,0.2,-18.84,2023-04,Sunday,277.92800000000005,-0.06778734060620015
ORD-1390,2023-10-14 07:16:32.296148,CUST-0110,Furniture,East,319.39,5,0.0,73.19,2023-10,Saturday,319.39,0.2291555778202198
ORD-1391,2023-10-11 09:09:38.089044,CUST-0086,Office Supplies,North,283.36,7,0.0,27.19,2023-10,Wednesday,283.36,0.09595567476002259
ORD-1392,2024-12-29 04:10:41.120560,CUST-0120,Office Supplies,West,556.97,7,0.0,-66.65,2024-12,Sunday,556.97,-0.11966533206456363
ORD-1393,2023-11-29 07:35:16.058029,CUST-0127,Furniture,North,48.54,7,0.0,92.99,2023-11,Wednesday,48.54,1.9157395962093118
ORD-1394,2024-12-10 13:11:40.550275,CUST-0255,Furniture,East,109.05,6,0.0,-2.59,2024-12,Tuesday,109.05,-0.023750573131591013
ORD-1395,2024-07-28 10:22:23.471735,CUST-0183,Furniture,North,623.44125,11,0.0,81.05,2024-07,Sunday,623.44125,0.1300042305509942
ORD-1396,2024-06-10 14:14:20.830415,CUST-0016,Furniture,Unknown,183.08,8,0.1,60.76,2024-06,Monday,164.77200000000002,0.3687519724224989
ORD-1397,2024-08-17 21:10:42.921460,CUST-0062,Furniture,North,45.13,9,0.2,-19.99,2024-08,Saturday,36.104000000000006,-0.5536782627963659
ORD-1398,2024-02-13 06:34:45.442721,CUST-0158,Furniture,West,224.63,12,0.2,82.13,2024-02,Tuesday,179.704,0.45702933713217286
ORD-1399,2024-11-02 22:27:47.633816,CUST-0268,Office Supplies,South,102.83,2,0.1,49.12,2024-11,Saturday,92.547,0.530757344916637
ORD-1400,2024-08-08 18:04:08.524262,CUST-0035,Furniture,East,278.99,7,0.1,40.5,2024-08,Thursday,251.091,0.1612961038030037
ORD-1401,2023-04-26 18:18:32.956478,CUST-0267,Office Supplies,North,102.88,2,0.1,1.91,2023-04,Wednesday,92.592,0.020628132020044928
ORD-1402,2024-12-23 16:42:44.482241,CUST-0064,Technology,South,425.71,6,0.2,-36.16,2024-12,Monday,340.568,-0.10617556552582744
ORD-1403,2023-03-27 19:37:47.333666,CUST-0050,Technology,East,195.52,2,0.0,4.88,2023-03,Monday,195.52,0.024959083469721765
ORD-1404,2024-12-20 01:04:06.723361,CUST-0255,Furniture,West,270.55,10,0.2,3.57,2024-12,Friday,216.44000000000003,0.01649417852522639
ORD-1405,2023-05-02 14:32:21.370685,CUST-0149,Office Supplies,East,174.68,6,0.1,81.1,2023-05,Tuesday,157.21200000000002,0.5158639289621656
ORD-1406,2024-11-27 18:26:28.394197,CUST-0276,Office Supplies,North,347.2,2,0.0,-68.94,2024-11,Wednesday,347.2,-0.19855990783410138
ORD-1407,2023-05-17 22:38:35.957978,CUST-0172,Furniture,North,400.87,1,0.0,118.24,2023-05,Wednesday,400.87,0.29495846533789005
ORD-1408,2024-06-25 04:48:51.865932,CUST-0201,Furniture,West,214.66,7,0.0,121.54,2024-06,Tuesday,214.66,0.5661977080033542
ORD-1409,2024-02-28 14:41:00.030015,CUST-0035,Furniture,West,150.92,3,0.1,-8.46,2024-02,Wednesday,135.828,-0.06228465412138882
ORD-1410,2024-12-14 04:50:18.309154,CUST-0216,Technology,West,283.96,14,0.2,114.09,2024-12,Saturday,227.168,0.5022274263980843
ORD-1411,2023-08-03 08:41:32.446223,CUST-0065,Office Supplies,West,188.93,12,0.0,-30.33,2023-08,Thursday,188.93,-0.16053564812364365
ORD-1412,2024-07-27 08:04:48.144072,CUST-0008,Furniture,East,222.33,14,0.0,97.63,2024-07,Saturday,222.33,0.4391220258174785
ORD-1413,2023-07-06 23:21:49.254627,CUST-0076,Furniture,South,321.22,13,0.0,-19.18,2023-07,Thursday,321.22,-0.05970985617333914
ORD-1414,2024-04-26 16:13:12.396198,CUST-0174,Furniture,East,76.99,4,0.0,92.01,2024-04,Friday,76.99,1.1950902714638265
ORD-1415,2024-05-05 10:33:55.017508,CUST-0047,Office Supplies,South,390.28,13,0.0,-56.24,2024-05,Sunday,390.28,-0.14410167059546994
ORD-1416,2023-12-01 20:56:18.489244,CUST-0015,Office Supplies,North,205.57,6,0.0,94.97,2023-12,Friday,205.57,0.46198375249306806
ORD-1417,2024-08-05 11:11:22.541270,CUST-0147,Office Supplies,West,32.34,5,0.2,107.31,2024-08,Monday,25.872000000000003,4.1477272727272725
ORD-1418,2024-11-08 09:55:44.272136,CUST-0026,Office Supplies,North,114.73,4,0.1,-58.17,2024-11,Friday,103.257,-0.5633516371771405
ORD-1419,2024-05-16 00:43:56.518259,CUST-0093,Office Supplies,West,80.58,9,0.1,135.44,2024-05,Thursday,72.522,1.8675712197677945
ORD-1420,2024-11-11 08:02:38.479239,CUST-0232,Furniture,West,237.24,6,0.0,91.11,2024-11,Monday,237.24,0.3840414769853313
ORD-1421,2024-10-20 01:25:00.150075,CUST-0021,Office Supplies,East,201.37,6,0.2,-89.88,2024-10,Sunday,161.096,-0.5579281918855837
ORD-1422,2023-11-15 10:32:28.574287,CUST-0038,Technology,West,124.44,2,0.0,0.6,2023-11,Wednesday,124.44,0.0048216007714561235
ORD-1423,2024-04-02 05:00:23.411705,CUST-0276,Office Supplies,East,623.44125,6,0.2,92.26,2024-04,Tuesday,498.753,0.18498134347061573
ORD-1424,2023-04-09 05:37:07.713856,CUST-0157,Technology,East,208.55,7,0.0,73.39,2023-04,Sunday,208.55,0.3519060177415488
ORD-1425,2024-11-06 22:52:17.168584,CUST-0179,Technology,West,173.26,8,0.2,36.71,2024-11,Wednesday,138.608,0.2648476278425488
ORD-1426,2023-10-19 01:12:45.382691,CUST-0132,Furniture,East,154.21,14,0.0,85.68,2023-10,Thursday,154.21,0.5556059918293237
ORD-1427,2024-04-24 20:23:53.516758,CUST-0028,Office Supplies,East,623.44125,8,0.2,-22.44,2024-04,Wednesday,498.753,-0.04499221057316949
ORD-1428,2023-09-22 09:24:45.742871,CUST-0260,Office Supplies,East,76.41,9,0.0,32.84,2023-09,Friday,76.41,0.42978667713650054
ORD-1429,2024-03-09 20:05:09.754877,CUST-0076,Furniture,East,127.35,10,0.3,-20.73,2024-03,Saturday,89.145,-0.2325424869594481
ORD-1430,2023-01-02 11:03:27.103551,CUST-0067,Office Supplies,East,607.54,11,0.0,38.09,2023-01,Monday,607.54,0.06269546038120948
ORD-1431,2023-11-07 09:43:29.504752,CUST-0194,Technology,Unknown,246.85,13,0.1,90.06,2023-11,Tuesday,222.165,0.4053743839038553
ORD-1432,2024-05-26 23:39:49.794897,CUST-0162,Furniture,East,141.17,12,0.0,76.89,2024-05,Sunday,141.17,0.5446624636962528
ORD-1433,2023-01-29 02:51:26.743371,CUST-0257,Technology,North,623.44125,3,0.0,43.37,2023-01,Sunday,623.44125,0.06956549634789164
ORD-1435,2023-07-29 05:59:27.583791,CUST-0087,Technology,South,195.52,7,0.0,95.29,2023-07,Saturday,195.52,0.48736702127659576
ORD-1436,2023-02-17 20:08:02.641320,CUST-0262,Office Supplies,East,96.1,7,0.0,137.84,2023-02,Friday,96.1,1.4343392299687827
ORD-1437,2023-08-08 02:37:45.532766,CUST-0214,Office Supplies,South,148.13,1,0.0,100.05,2023-08,Tuesday,148.13,0.675420238979275
ORD-1438,2024-10-09 02:29:06.873436,CUST-0153,Technology,North,42.1,8,0.2,69.39,2024-10,Wednesday,33.68,2.0602731591448933
ORD-1439,2024-01-24 22:04:01.320660,CUST-0210,Furniture,East,289.91,4,0.2,86.05,2024-01,Wednesday,231.92800000000003,0.3710203166499948
ORD-1440,2023-02-02 03:15:56.278139,CUST-0061,Furniture,South,477.41,5,0.0,44.61,2023-02,Thursday,477.41,0.09344169581701263
ORD-1441,2023-05-27 10:31:02.131065,CUST-0268,Office Supplies,West,90.06,14,0.0,13.2,2023-05,Saturday,90.06,0.14656895403064624
ORD-1442,2023-04-18 17:29:33.886943,CUST-0262,Office Supplies,East,205.46,6,0.0,82.06,2023-04,Tuesday,205.46,0.3993964761997469
ORD-1443,2024-11-11 08:02:38.479239,CUST-0218,Office Supplies,North,178.67,3,0.0,75.43,2024-11,Monday,178.67,0.4221749594223989
ORD-1444,2024-04-26 07:27:20.620310,CUST-0283,Office Supplies,South,56.21,5,0.3,47.52,2024-04,Friday,39.347,1.2077159630975678
ORD-1445,2023-08-13 14:05:42.171085,CUST-0136,Office Supplies,West,415.92,10,0.2,18.32,2023-08,Sunday,332.73600000000005,0.055058665127909204
ORD-1446,2024-07-19 16:01:40.850425,CUST-0093,Technology,West,41.91,5,0.0,15.0,2024-07,Friday,41.91,0.35790980672870437
ORD-1447,2023-10-19 18:44:28.934467,CUST-0109,Technology,South,125.01,1,0.0,5.48,2023-10,Thursday,125.01,0.043836493080553554
ORD-1448,2024-09-17 22:09:03.871935,CUST-0241,Furniture,North,623.44125,3,0.2,105.34,2024-09,Tuesday,498.753,0.21120674963358618
ORD-1449,2024-08-29 04:52:27.973986,CUST-0142,Technology,South,330.85,3,0.0,100.71,2024-08,Thursday,330.85,0.3043977633368596
ORD-1450,2023-06-03 17:48:17.648824,CUST-0291,Office Supplies,North,186.45,1,0.0,98.13,2023-06,Saturday,186.45,0.5263073209975865
ORD-1451,2024-11-20 11:09:12.876438,CUST-0237,Furniture,East,47.36,13,0.2,-33.11,2024-11,Wednesday,37.888,-0.8738914695945946
ORD-1452,2024-01-17 23:32:37.578789,CUST-0177,Furniture,South,202.91,7,0.0,8.44,2024-01,Wednesday,202.91,0.04159479572224139
ORD-1453,2023-07-29 14:45:19.359679,CUST-0141,Office Supplies,East,516.75,1,0.0,14.56,2023-07,Saturday,516.75,0.02817610062893082
ORD-1454,2023-02-21 20:32:32.176088,CUST-0189,Technology,East,53.93,7,0.1,-6.37,2023-02,Tuesday,48.537,-0.13124008488369698
ORD-1455,2023-12-29 06:16:01.680840,CUST-0049,Office Supplies,West,327.64,4,0.0,141.76,2023-12,Friday,327.64,0.4326700036625565
ORD-1457,2023-02-22 14:04:15.727863,CUST-0136,Office Supplies,East,498.11,7,0.0,49.72,2023-02,Wednesday,498.11,0.09981730942964405
ORD-1458,2024-03-31 17:56:56.308154,CUST-0043,Office Supplies,South,233.0,5,0.1,2.04,2024-03,Sunday,209.70000000000002,0.009728183118741058
ORD-1459,2024-01-03 08:58:06.543271,CUST-0090,Technology,West,168.85,7,0.1,81.73,2024-01,Wednesday,151.965,0.5378212088309808
ORD-1460,2023-07-03 07:43:11.495747,CUST-0295,Furniture,West,54.1,9,0.0,161.49,2023-07,Monday,54.1,2.9850277264325324
ORD-1461,2024-12-25 21:17:55.137568,CUST-0245,Technology,South,157.28,10,0.2,34.86,2024-12,Wednesday,125.82400000000001,0.2770536622583926
ORD-1462,2024-12-30 06:28:16.448224,CUST-0192,Office Supplies,West,194.14,6,0.2,15.99,2024-12,Monday,155.312,0.10295405377562583
ORD-1463,2023-10-27 10:47:36.228114,CUST-0106,Furniture,East,76.43,1,0.2,24.56,2023-10,Friday,61.144000000000005,0.4016747350516812
ORD-1464,2024-08-21 12:49:20.680340,CUST-0233,Furniture,East,136.91,6,0.0,10.68,2024-08,Wednesday,136.91,0.0780074501497334
ORD-1465,2023-02-07 14:43:52.916458,CUST-0265,Furniture,South,230.7,1,0.3,29.83,2023-02,Tuesday,161.48999999999998,0.18471731995789215
ORD-1466,2024-12-20 09:49:58.499249,CUST-0037,Technology,East,117.0,13,0.0,-6.69,2024-12,Friday,117.0,-0.05717948717948718
ORD-1467,2024-01-23 19:46:25.992996,CUST-0041,Technology,West,171.72,12,0.2,-23.19,2024-01,Tuesday,137.376,-0.1688067784765898
ORD-1468,2024-12-20 09:49:58.499249,CUST-0017,Technology,West,195.52,4,0.2,28.73,2024-12,Friday,156.41600000000003,0.18367686170212763
ORD-1469,2023-03-13 22:34:59.849924,CUST-0277,Technology,West,223.34,14,0.2,34.87,2023-03,Monday,178.67200000000003,0.1951620847138891
ORD-1470,2024-09-01 11:45:13.956978,CUST-0059,Office Supplies,East,98.15,8,0.0,13.61,2024-09,Sunday,98.15,0.13866530820173203
ORD-1471,2023-07-31 01:48:46.463231,CUST-0183,Technology,West,105.55,5,0.1,117.42,2023-07,Monday,94.995,1.236065056055582
ORD-1472,2023-05-23 10:06:32.596298,CUST-0041,Office Supplies,West,55.52,5,0.0,54.93,2023-05,Tuesday,55.52,0.9893731988472622
ORD-1473,2024-03-14 22:47:14.617308,CUST-0039,Technology,Unknown,491.02,13,0.2,74.55,2024-03,Thursday,392.81600000000003,0.18978351187324344
ORD-1474,2024-12-28 01:53:05.792896,CUST-0192,Technology,East,171.38,10,0.0,76.14,2024-12,Saturday,171.38,0.44427587816548025
ORD-1475,2023-07-21 22:42:12.066033,CUST-0267,Technology,West,129.26,11,0.0,36.28,2023-07,Friday,129.26,0.28067460931455984
ORD-1476,2024-06-21 04:24:22.331165,CUST-0147,Furniture,West,203.29,8,0.0,43.12,2024-06,Friday,203.29,0.21211077770672437
ORD-1477,2024-07-10 04:09:14.677338,CUST-0127,Office Supplies,West,410.38,8,0.3,-21.61,2024-07,Wednesday,287.26599999999996,-0.07522644517624781
ORD-1478,2024-01-15 01:25:43.371685,CUST-0046,Technology,North,177.22,1,0.1,69.36,2024-01,Monday,159.498,0.4348643870142573
ORD-1479,2024-08-24 02:10:23.111555,CUST-0045,Technology,East,179.32,13,0.2,10.0,2024-08,Saturday,143.456,0.06970778496542494
ORD-1480,2024-09-09 21:20:04.802401,CUST-0001,Technology,East,43.33,13,0.2,-8.39,2024-09,Monday,34.664,-0.24203784906531273
ORD-1481,2024-04-24 02:52:09.964982,CUST-0168,Technology,North,623.44125,5,0.3,108.12,2024-04,Wednesday,436.40887499999997,0.2477493153639463
ORD-1482,2023-06-24 04:36:37.098549,CUST-0108,Office Supplies,West,272.72,12,0.0,-49.93,2023-06,Saturday,272.72,-0.18308154884130243
ORD-1483,2024-04-02 22:32:06.963481,CUST-0019,Office Supplies,West,17.73,5,0.2,133.14,2024-04,Tuesday,14.184000000000001,9.386632825719119
ORD-1484,2023-12-03 16:45:37.368684,CUST-0072,Office Supplies,East,203.67,8,0.1,128.4,2023-12,Sunday,183.303,0.7004795338865158
ORD-1486,2023-02-26 23:14:37.038519,CUST-0268,Office Supplies,East,338.06,7,0.0,137.11,2023-02,Sunday,338.06,0.4055788913210673
ORD-1487,2023-07-20 11:38:44.962481,CUST-0240,Office Supplies,East,194.16,7,0.0,-23.3,2023-07,Thursday,194.16,-0.12000412031314381
ORD-1488,2024-06-18 15:03:19.899949,CUST-0090,Office Supplies,North,165.03,13,0.0,89.65,2024-06,Tuesday,165.03,0.5432345634127129
ORD-1489,2024-02-14 00:06:28.994497,CUST-0103,Furniture,South,623.44125,9,0.0,31.01,2024-02,Wednesday,623.44125,0.04974005168891215
ORD-1490,2024-01-08 11:40:11.405702,CUST-0250,Office Supplies,West,236.54,2,0.0,-78.38,2024-01,Monday,236.54,-0.3313604464361207
ORD-1491,2023-12-30 17:19:28.784392,CUST-0008,Furniture,West,67.54,3,0.1,-7.86,2023-12,Saturday,60.78600000000001,-0.12930609021814232
ORD-1492,2024-06-07 16:07:26.623311,CUST-0153,Furniture,East,202.91,4,0.0,19.53,2024-06,Friday,202.91,0.09624956877433345
ORD-1493,2023-12-13 22:09:47.093546,CUST-0174,Furniture,West,283.75,1,0.0,76.74,2023-12,Wednesday,283.75,0.27044933920704844
ORD-1494,2023-04-16 04:08:31.455727,CUST-0158,Office Supplies,East,145.07,7,0.0,1.38,2023-04,Sunday,145.07,0.009512649065968153
ORD-1495,2024-04-11 08:06:57.808904,CUST-0215,Furniture,South,366.25,14,0.1,13.61,2024-04,Thursday,329.625,0.04128934395145999
ORD-1496,2023-03-13 05:03:16.298149,CUST-0177,Furniture,North,486.11,10,0.0,62.46,2023-03,Monday,486.11,0.12848943654728354
ORD-1497,2023-08-07 00:20:10.205102,CUST-0175,Technology,Unknown,446.36,3,0.1,59.29,2023-08,Monday,401.72400000000005,0.14758889187601437
ORD-1498,2024-11-09 03:27:27.823911,CUST-0146,Furniture,South,202.75,3,0.0,24.5,2024-11,Saturday,202.75,0.12083847102342787
ORD-1499,2024-07-18 04:58:13.746873,CUST-0161,Office Supplies,West,203.43,3,0.0,11.83,2024-07,Thursday,203.43,0.05815268151206803
ORD-1500,2023-07-08 10:25:16.358179,CUST-0127,Technology,West,623.44125,8,0.0,86.36,2023-07,Saturday,623.44125,0.13852147255254604
ORD-1501,2024-08-28 11:20:44.422211,CUST-0082,Furniture,East,79.28,9,0.0,11.49,2024-08,Wednesday,79.28,0.14492936427850656
ORD-1502,2024-11-12 01:34:22.031015,CUST-0147,Technology,West,195.52,10,0.2,-41.36,2024-11,Tuesday,156.41600000000003,-0.26442307692307687
ORD-1503,2023-11-12 12:25:34.367183,CUST-0239,Technology,South,256.2,13,0.2,6.34,2023-11,Sunday,204.96,0.03093286494925839
ORD-1504,2024-02-21 16:09:36.288144,CUST-0084,Office Supplies,East,382.97,14,0.0,62.81,2024-02,Wednesday,382.97,0.1640076246181163
ORD-1505,2023-10-21 23:19:39.589794,CUST-0113,Office Supplies,South,51.53,2,0.0,21.04,2023-10,Saturday,51.53,0.40830584125751984
ORD-1506,2024-12-06 12:47:11.015507,CUST-0225,Office Supplies,West,623.44125,10,0.2,-0.17,2024-12,Friday,498.753,-0.00034085008009976885
ORD-1507,2024-03-07 15:29:59.099549,CUST-0243,Office Supplies,South,617.45,10,0.2,-45.29,2024-03,Thursday,493.96000000000004,-0.09168758603935541
ORD-1508,2023-10-25 06:12:25.572786,CUST-0143,Technology,South,414.83,1,0.0,21.36,2023-10,Wednesday,414.83,0.051490972205481766
ORD-1509,2023-03-24 21:30:53.126563,CUST-0041,Furniture,North,165.18,14,0.0,43.67,2023-03,Friday,165.18,0.26437825402591114
ORD-1510,2024-11-24 20:19:34.187093,CUST-0258,Furniture,North,115.17,9,0.1,-30.44,2024-11,Sunday,103.653,-0.2936721561363395
ORD-1511,2023-03-20 12:20:31.815907,CUST-0285,Furniture,West,53.7,6,0.1,18.64,2023-03,Monday,48.330000000000005,0.38568177115663144
ORD-1512,2023-12-12 19:52:11.765882,CUST-0105,Office Supplies,South,97.94,14,0.0,-35.63,2023-12,Tuesday,97.94,-0.36379415968960593
ORD-1513,2024-09-19 17:58:22.751375,CUST-0202,Office Supplies,South,212.35,9,0.1,22.27,2024-09,Thursday,191.115,0.11652669858462182
ORD-1514,2023-01-06 02:42:04.862431,CUST-0266,Furniture,South,621.42,6,0.2,133.53,2023-01,Friday,497.13599999999997,0.26859853239355025
ORD-1515,2024-03-06 21:58:15.547773,CUST-0210,Furniture,North,170.54,2,0.1,40.3,2024-03,Wednesday,153.486,0.2625646638781387
ORD-1516,2024-09-02 05:16:57.508754,CUST-0051,Office Supplies,North,285.3,1,0.0,-64.89,2024-09,Monday,285.3,-0.22744479495268138
ORD-1517,2024-04-13 21:28:00.240120,CUST-0118,Furniture,South,237.37,14,0.1,49.87,2024-04,Saturday,213.633,0.2334377179555593
ORD-1518,2024-03-06 21:58:15.547773,CUST-0201,Technology,North,303.63,8,0.1,108.71,2024-03,Wednesday,273.267,0.3978160553597763
ORD-1519,2023-01-17 19:09:41.690845,CUST-0039,Furniture,South,127.95,3,0.1,-53.04,2023-01,Tuesday,115.155,-0.460596587208545
ORD-1520,2023-04-28 22:53:43.611805,CUST-0028,Technology,West,121.86,1,0.1,-32.73,2023-04,Friday,109.674,-0.2984298922260517
ORD-1521,2023-11-04 20:22:27.073536,CUST-0259,Technology,East,623.44125,8,0.0,45.5,2023-11,Saturday,623.44125,0.07298201715077403
ORD-1522,2024-09-15 17:33:53.216608,CUST-0084,Furniture,West,219.95,12,0.1,24.77,2024-09,Sunday,197.95499999999998,0.1251294486120583
ORD-1523,2023-02-17 02:36:19.089544,CUST-0155,Furniture,West,202.91,1,0.1,102.67,2023-02,Friday,182.619,0.5622087515537814
ORD-1524,2024-06-07 16:07:26.623311,CUST-0117,Office Supplies,East,132.59,8,0.1,19.16,2024-06,Friday,119.331,0.16056179869438789
ORD-1525,2023-02-04 07:51:06.933466,CUST-0002,Furniture,East,334.27,1,0.1,79.53,2023-02,Saturday,300.843,0.2643571563905426
ORD-1526,2023-08-17 14:30:11.705852,CUST-0093,Furniture,West,379.44,9,0.0,121.69,2023-08,Thursday,379.44,0.32070946658233185
ORD-1527,2023-10-03 08:20:39.019509,CUST-0166,Office Supplies,East,123.67,14,0.0,-22.06,2023-10,Tuesday,123.67,-0.17837794129538287
ORD-1528,2024-12-14 22:22:01.860930,CUST-0296,Office Supplies,West,217.04,9,0.0,74.86,2024-12,Saturday,217.04,0.34491338002211575
ORD-1530,2023-10-17 14:09:18.279139,CUST-0081,Technology,South,195.52,13,0.1,-102.91,2023-10,Tuesday,175.96800000000002,-0.5848222404073468
ORD-1531,2024-10-31 17:52:36.978489,CUST-0268,Office Supplies,North,99.22,9,0.3,58.58,2024-10,Thursday,69.454,0.8434359432142138
ORD-1532,2024-04-21 22:16:59.309654,CUST-0235,Furniture,Unknown,290.29,3,0.0,65.97,2024-04,Sunday,290.29,0.22725550311757206
ORD-1534,2024-09-06 14:27:18.819409,CUST-0062,Furniture,West,133.95,5,0.1,2.76,2024-09,Friday,120.55499999999999,0.02289411471942267
ORD-1535,2023-01-04 15:38:37.758879,CUST-0049,Office Supplies,North,417.32,6,0.1,-7.38,2023-01,Wednesday,375.588,-0.019649190069970283
ORD-1536,2024-04-11 08:06:57.808904,CUST-0127,Furniture,North,133.35,9,0.1,78.6,2024-04,Thursday,120.015,0.6549181352330958
ORD-1537,2024-11-12 01:34:22.031015,CUST-0223,Office Supplies,West,135.92,13,0.3,-62.95,2024-11,Tuesday,95.14399999999999,-0.6616286891448753
ORD-1538,2023-11-15 01:46:36.798399,CUST-0279,Technology,East,115.32,11,0.3,36.41,2023-11,Wednesday,80.72399999999999,0.45104306030424657
ORD-1539,2023-07-20 11:38:44.962481,CUST-0294,Office Supplies,North,96.34,12,0.0,-110.38,2023-07,Thursday,96.34,-1.145733859248495
ORD-1540,2024-02-27 12:23:24.702351,CUST-0284,Office Supplies,East,52.1,4,0.0,52.77,2024-02,Tuesday,52.1,1.0128598848368522
ORD-1541,2023-09-17 15:28:32.656328,CUST-0277,Office Supplies,North,36.11,14,0.0,37.51,2023-09,Sunday,36.11,1.0387704237053448
ORD-1542,2023-01-09 00:48:59.069534,CUST-0107,Office Supplies,East,111.31,14,0.1,-0.66,2023-01,Monday,100.179,-0.006588207109274399
ORD-1543,2023-10-25 06:12:25.572786,CUST-0146,Furniture,North,308.63,6,0.2,115.7,2023-10,Wednesday,246.904,0.468603181803454
ORD-1544,2023-05-06 23:42:42.681340,CUST-0099,Office Supplies,West,177.45,13,0.2,-127.39,2023-05,Saturday,141.96,-0.8973654550577627
ORD-1545,2023-04-20 22:04:44.542271,CUST-0073,Technology,East,487.14,1,0.0,28.91,2023-04,Thursday,487.14,0.059346389128381985
ORD-1546,2023-05-13 04:42:22.871435,CUST-0122,Technology,West,151.31,2,0.0,101.86,2023-05,Saturday,151.31,0.6731874958694072
ORD-1547,2023-05-25 05:55:51.475737,CUST-0030,Office Supplies,North,281.05,8,0.1,37.73,2023-05,Thursday,252.94500000000002,0.14916286149162858
ORD-1548,2023-03-21 05:52:15.367683,CUST-0188,Office Supplies,South,29.5,4,0.0,111.96,2023-03,Tuesday,29.5,3.7952542372881353
ORD-1549,2023-02-21 03:00:48.624312,CUST-0288,Furniture,South,54.91,10,0.0,2.97,2023-02,Tuesday,54.91,0.054088508468402845
ORD-1550,2024-08-21 12:49:20.680340,CUST-0195,Technology,West,66.4,7,0.1,19.97,2024-08,Wednesday,59.760000000000005,0.3341700133868808
ORD-1551,2023-12-16 11:30:49.524762,CUST-0156,Office Supplies,North,108.33,4,0.1,104.0,2023-12,Saturday,97.497,1.06669948818938
ORD-1552,2024-03-26 06:28:59.669834,CUST-0172,Technology,West,384.32,14,0.2,83.67,2024-03,Tuesday,307.456,0.27213650083263946
ORD-1553,2023-12-26 08:09:07.473736,CUST-0041,Office Supplies,West,192.87,9,0.0,173.96,2023-12,Tuesday,192.87,0.9019546845025147
ORD-1555,2024-08-24 02:10:23.111555,CUST-0023,Technology,North,153.2,4,0.0,42.01,2024-08,Saturday,153.2,0.2742167101827676
ORD-1556,2024-08-21 12:49:20.680340,CUST-0075,Furniture,West,278.27,13,0.3,2.32,2024-08,Wednesday,194.789,0.011910323478225156
ORD-1557,2023-10-30 00:08:38.659329,CUST-0048,Office Supplies,East,50.82,8,0.1,17.76,2023-10,Monday,45.738,0.38829857011675195
ORD-1558,2023-09-07 01:18:31.155577,CUST-0160,Office Supplies,North,223.99,6,0.1,94.68,2023-09,Thursday,201.591,0.46966382427786957
ORD-1559,2024-06-25 13:34:43.641820,CUST-0118,Technology,North,23.79,1,0.3,29.98,2024-06,Tuesday,16.653,1.8002762265057348
ORD-1560,2024-01-02 06:40:31.215607,CUST-0100,Furniture,West,154.47,7,0.0,-18.44,2024-01,Tuesday,154.47,-0.11937593060141129
ORD-1561,2023-05-10 15:21:20.440220,CUST-0167,Furniture,East,122.88,1,0.0,7.44,2023-05,Wednesday,122.88,0.06054687500000001
ORD-1562,2024-01-03 17:43:58.319159,CUST-0290,Furniture,West,279.19,3,0.1,24.58,2024-01,Wednesday,251.27100000000002,0.09782266954801787
ORD-1563,2024-05-06 21:37:22.121060,CUST-0156,Technology,West,195.52,8,0.0,-14.55,2024-05,Monday,195.52,-0.07441693944353518
ORD-1564,2024-02-27 03:37:32.926463,CUST-0007,Technology,North,75.91,9,0.1,2.52,2024-02,Tuesday,68.319,0.03688578579897247
ORD-1565,2023-11-20 22:00:25.212606,CUST-0196,Office Supplies,West,414.85,3,0.0,-29.99,2023-11,Monday,414.85,-0.07229118958659755
ORD-1566,2024-10-29 13:17:26.323161,CUST-0056,Furniture,North,125.22,1,0.3,4.64,2024-10,Tuesday,87.654,0.052935405115568025
ORD-1567,2024-11-11 08:02:38.479239,CUST-0193,Furniture,South,58.08,1,0.1,99.97,2024-11,Monday,52.272,1.9124961738598103
ORD-1568,2023-02-16 00:18:43.761880,CUST-0047,Furniture,East,237.21,7,0.0,32.9,2023-02,Thursday,237.21,0.13869567050292989
ORD-1569,2024-02-17 06:59:14.977488,CUST-0148,Office Supplies,Unknown,131.4,5,0.3,177.68,2024-02,Saturday,91.98,1.9317242878886713
ORD-1570,2024-01-04 02:29:50.095047,CUST-0275,Office Supplies,West,224.25,13,0.0,-15.83,2024-01,Thursday,224.25,-0.07059085841694537
ORD-1571,2023-08-09 04:55:20.860430,CUST-0157,Technology,East,100.59,14,0.0,59.13,2023-08,Wednesday,100.59,0.5878317924246943
ORD-1572,2024-10-27 08:42:15.667833,CUST-0202,Furniture,West,623.44125,1,0.0,43.33,2024-10,Sunday,623.44125,0.06950133633281404
ORD-1573,2024-05-26 14:53:58.019009,CUST-0126,Furniture,East,160.48,6,0.1,69.03,2024-05,Sunday,144.432,0.47794117647058826
ORD-1574,2024-12-05 01:43:43.911955,CUST-0294,Furniture,East,241.18,14,0.1,-6.36,2024-12,Thursday,217.062,-0.029300384222019516
ORD-1575,2024-01-05 22:19:08.974487,CUST-0064,Furniture,West,197.14,6,0.1,7.89,2024-01,Friday,177.426,0.04446924351560651
ORD-1576,2023-01-19 06:13:08.794397,CUST-0176,Office Supplies,North,38.04,14,0.0,54.44,2023-01,Thursday,38.04,1.4311251314405888
ORD-1577,2024-01-20 04:07:48.234117,CUST-0116,Technology,South,81.77,4,0.0,-0.28,2024-01,Saturday,81.77,-0.0034242387183563657
ORD-1578,2024-06-26 07:06:27.193596,CUST-0204,Technology,North,36.99,7,0.2,-76.41,2024-06,Wednesday,29.592000000000002,-2.5821167883211675
ORD-1579,2024-04-26 16:13:12.396198,CUST-0031,Furniture,East,46.08,7,0.0,108.63,2024-04,Friday,46.08,2.357421875
ORD-1580,2024-04-27 00:59:04.172086,CUST-0113,Furniture,North,570.28,12,0.2,83.29,2024-04,Saturday,456.224,0.18256382829487272
ORD-1581,2024-09-30 16:54:16.028014,CUST-0067,Office Supplies,North,245.54,9,0.1,4.97,2024-09,Monday,220.986,0.022490112495814216
ORD-1582,2023-10-12 02:41:21.640820,CUST-0075,Furniture,South,472.14,12,0.0,43.1,2023-10,Thursday,472.14,0.09128648282289152
ORD-1583,2024-06-06 05:03:59.519759,CUST-0045,Office Supplies,South,230.23,1,0.0,90.41,2024-06,Thursday,230.23,0.3926942622594797
ORD-1584,2024-10-16 09:46:22.391195,CUST-0260,Office Supplies,South,418.23,5,0.0,110.65,2024-10,Wednesday,418.23,0.264567343327834
ORD-1585,2023-10-24 21:26:33.796898,CUST-0154,Furniture,West,88.79,10,0.3,36.26,2023-10,Tuesday,62.153,0.5833990314224574
ORD-1586,2024-08-20 10:31:45.352676,CUST-0155,Furniture,North,202.91,3,0.1,-5.12,2024-08,Tuesday,182.619,-0.02803651317770878
ORD-1587,2024-06-05 11:32:15.967983,CUST-0234,Technology,East,272.3,7,0.0,117.86,2024-06,Wednesday,272.3,0.4328314359162688
ORD-1588,2024-05-14 22:26:21.190595,CUST-0051,Office Supplies,Unknown,81.02,4,0.0,35.68,2024-05,Tuesday,81.02,0.4403850901012096
ORD-1589,2024-08-23 17:24:31.335667,CUST-0262,Office Supplies,East,588.2,4,0.1,21.17,2024-08,Friday,529.3800000000001,0.039990177188409075
ORD-1590,2023-06-03 00:16:34.097048,CUST-0125,Furniture,East,179.38,13,0.1,45.79,2023-06,Saturday,161.442,0.28363127315072906
ORD-1591,2024-03-16 01:04:49.944972,CUST-0245,Furniture,East,462.7,12,0.2,99.28,2024-03,Saturday,370.16,0.2682083423384482
ORD-1592,2023-12-25 14:37:23.921960,CUST-0030,Furniture,South,101.94,1,0.0,27.67,2023-12,Monday,101.94,0.27143417696684324
ORD-1593,2023-10-28 21:51:03.331665,CUST-0122,Furniture,West,152.73,1,0.1,89.16,2023-10,Saturday,137.457,0.6486392108077436
ORD-1594,2024-01-09 22:43:38.509254,CUST-0125,Office Supplies,West,110.08,10,0.1,17.49,2024-01,Tuesday,99.072,0.17653827519379842
ORD-1595,2024-11-08 01:09:52.496248,CUST-0037,Furniture,South,523.8,2,0.0,66.54,2024-11,Friday,523.8,0.12703321878579613
ORD-1596,2024-12-21 12:07:33.826913,CUST-0170,Office Supplies,South,45.66,2,0.3,-26.89,2024-12,Saturday,31.961999999999996,-0.841311557474501
ORD-1597,2023-07-26 16:38:25.152576,CUST-0124,Furniture,West,446.5,1,0.0,94.18,2023-07,Wednesday,446.5,0.21092945128779397
ORD-1599,2023-12-08 10:41:50.455227,CUST-0087,Furniture,South,50.47,6,0.2,57.56,2023-12,Friday,40.376000000000005,1.4255993659599762
ORD-1600,2024-12-07 06:18:54.567283,CUST-0134,Technology,South,315.46,6,0.0,-59.19,2024-12,Saturday,315.46,-0.1876307614277563
ORD-1601,2023-08-30 00:29:32.086043,CUST-0196,Office Supplies,North,149.18,10,0.0,31.49,2023-08,Wednesday,149.18,0.21108727711489475
ORD-1602,2024-06-14 23:24:42.141070,CUST-0274,Furniture,North,111.63,10,0.1,41.29,2024-06,Friday,100.467,0.4109807200374252
ORD-1603,2023-12-20 11:55:19.059529,CUST-0201,Office Supplies,East,138.79,9,0.0,-10.88,2023-12,Wednesday,138.79,-0.07839181497226026
ORD-1604,2024-05-01 10:09:25.482741,CUST-0285,Office Supplies,South,63.94,5,0.0,23.41,2024-05,Wednesday,63.94,0.36612449171097905
ORD-1605,2024-02-28 14:41:00.030015,CUST-0077,Technology,North,11.8,4,0.1,45.73,2024-02,Wednesday,10.620000000000001,4.306026365348399
ORD-1606,2023-03-15 09:38:26.953476,CUST-0059,Furniture,West,623.44125,11,0.1,63.8,2023-03,Wednesday,561.097125,0.11370580449864183
ORD-1607,2024-06-16 19:14:01.020510,CUST-0126,Furniture,East,232.26,6,0.0,36.01,2024-06,Sunday,232.26,0.15504176354085938
ORD-1608,2023-04-24 22:29:14.077038,CUST-0109,Technology,South,623.44125,8,0.0,109.95,2023-04,Monday,623.44125,0.17635984144456276
ORD-1609,2023-02-12 08:40:06.003001,CUST-0224,Furniture,North,77.97,14,0.0,99.5,2023-02,Sunday,77.97,1.276131845581634
ORD-1610,2024-09-08 19:02:29.474737,CUST-0278,Office Supplies,East,172.08,1,0.2,28.16,2024-09,Sunday,137.66400000000002,0.20455602045560203
ORD-1611,2023-12-08 19:27:42.231115,CUST-0068,Office Supplies,North,49.31,7,0.0,-49.82,2023-12,Friday,49.31,-1.0103427296694383
ORD-1612,2024-10-28 19:45:42.771385,CUST-0069,Furniture,North,305.67,8,0.1,0.78,2024-10,Monday,275.103,0.0028353016870045038
ORD-1613,2023-07-29 14:45:19.359679,CUST-0165,Technology,West,199.75,9,0.0,-103.75,2023-07,Saturday,199.75,-0.5193992490613266
ORD-1614,2023-03-30 17:44:41.540770,CUST-0162,Furniture,North,129.35,11,0.0,19.01,2023-03,Thursday,129.35,0.1469655972168535
ORD-1615,2023-07-15 17:42:31.875937,CUST-0042,Office Supplies,North,44.82,8,0.0,114.11,2023-07,Saturday,44.82,2.5459616242748773
ORD-1616,2024-08-16 10:07:15.817908,CUST-0109,Furniture,South,223.11,7,0.1,77.46,2024-08,Friday,200.799,0.38575889322157975
ORD-1617,2023-01-28 00:33:51.415707,CUST-0051,Office Supplies,East,489.25,3,0.1,35.01,2023-01,Saturday,440.325,0.07950945324476238
ORD-1618,2024-10-29 22:03:18.099049,CUST-0250,Furniture,East,275.72,2,0.0,-13.65,2024-10,Tuesday,275.72,-0.049506745974176695
ORD-1619,2023-05-21 14:17:13.716858,CUST-0021,Furniture,East,475.52,3,0.0,37.34,2023-05,Sunday,475.52,0.07852456258411845
ORD-1620,2024-12-04 08:12:00.360180,CUST-0300,Office Supplies,North,588.4,4,0.0,157.87,2024-12,Wednesday,588.4,0.26830387491502383
ORD-1621,2024-03-26 06:28:59.669834,CUST-0139,Office Supplies,North,210.13,4,0.1,119.26,2024-03,Tuesday,189.117,0.6306149103465052
ORD-1622,2023-06-23 02:19:01.770885,CUST-0092,Technology,South,116.46,6,0.0,20.98,2023-06,Friday,116.46,0.18014769019405805
ORD-1623,2023-06-02 06:44:50.545272,CUST-0280,Furniture,North,318.53,12,0.1,-58.92,2023-06,Friday,286.67699999999996,-0.2055274751724066
ORD-1624,2023-05-07 08:28:34.457228,CUST-0125,Office Supplies,West,312.06,7,0.2,162.49,2023-05,Sunday,249.64800000000002,0.6508764340190989
ORD-1625,2024-07-20 18:19:16.178089,CUST-0111,Furniture,Unknown,260.29,12,0.1,-13.73,2024-07,Saturday,234.26100000000002,-0.05860984116007359
ORD-1626,2023-08-22 08:26:24.792396,CUST-0139,Technology,East,342.14,4,0.0,61.8,2023-08,Tuesday,342.14,0.1806278131758929
ORD-1627,2023-12-09 12:59:25.782891,CUST-0273,Technology,South,119.77,10,0.0,-63.52,2023-12,Saturday,119.77,-0.5303498371879436
ORD-1628,2023-12-15 09:13:14.197098,CUST-0099,Furniture,West,112.72,6,0.2,10.61,2023-12,Friday,90.176,0.11765880056777855
ORD-1629,2023-11-16 12:50:03.901950,CUST-0252,Technology,North,426.36,9,0.0,-63.77,2023-11,Thursday,426.36,-0.14956843981611784
ORD-1630,2023-10-06 06:27:33.226613,CUST-0104,Office Supplies,North,147.45,14,0.0,-39.71,2023-10,Friday,147.45,-0.2693116310613768
ORD-1631,2024-03-14 22:47:14.617308,CUST-0214,Office Supplies,North,285.86,6,0.0,-25.48,2024-03,Thursday,285.86,-0.0891345413838942
ORD-1632,2024-03-16 01:04:49.944972,CUST-0249,Office Supplies,East,218.51,14,0.0,58.62,2024-03,Saturday,218.51,0.268271474989703
ORD-1633,2023-08-31 02:47:07.413706,CUST-0152,Office Supplies,West,180.15,3,0.0,24.23,2023-08,Thursday,180.15,0.13449902858728838
ORD-1634,2023-01-09 18:20:42.621310,CUST-0250,Office Supplies,North,328.13,1,0.3,192.74,2023-01,Monday,229.69099999999997,0.8391273493519555
ORD-1635,2024-12-27 17:07:14.017008,CUST-0275,Office Supplies,South,269.48,11,0.2,98.03,2024-12,Friday,215.58400000000003,0.45471834644500514
ORD-1636,2024-03-15 07:33:06.393196,CUST-0165,Technology,West,156.14,10,0.1,99.33,2024-03,Friday,140.52599999999998,0.7068442850433373
ORD-1637,2023-09-16 21:56:49.104552,CUST-0008,Technology,South,414.43,10,0.0,60.22,2023-09,Saturday,414.43,0.14530801341601718
ORD-1638,2024-07-10 12:55:06.453226,CUST-0284,Technology,West,215.88,13,0.1,46.56,2024-07,Wednesday,194.292,0.23963930578716572
ORD-1639,2024-11-17 04:16:26.893446,CUST-0005,Technology,North,287.59,5,0.1,101.34,2024-11,Sunday,258.83099999999996,0.39152960812267473
ORD-1640,2024-03-08 09:01:42.651325,CUST-0145,Technology,South,72.45,10,0.1,-112.87,2024-03,Friday,65.205,-1.7310022237558471
ORD-1641,2023-03-06 06:31:52.556278,CUST-0101,Furniture,North,67.87,10,0.0,-7.33,2023-03,Monday,67.87,-0.1080005893620156
ORD-1642,2023-04-14 17:05:04.352176,CUST-0164,Furniture,South,47.09,3,0.0,-51.63,2023-04,Friday,47.09,-1.0964111276279465
ORD-1643,2023-01-23 15:23:30.105052,CUST-0147,Technology,North,195.73,8,0.1,-83.06,2023-01,Monday,176.15699999999998,-0.47151120875128444
ORD-1644,2024-01-01 21:54:39.439719,CUST-0064,Technology,West,75.54,10,0.0,-16.12,2024-01,Monday,75.54,-0.2133968758273762
ORD-1645,2023-08-30 09:15:23.861930,CUST-0091,Furniture,East,186.05,1,0.0,-38.87,2023-08,Wednesday,186.05,-0.20892233270626173
ORD-1646,2023-08-31 20:18:50.965482,CUST-0117,Technology,West,525.25,11,0.0,101.65,2023-08,Thursday,525.25,0.19352689195621134
ORD-1647,2023-02-26 14:28:45.262631,CUST-0267,Furniture,West,94.84,2,0.0,35.5,2023-02,Sunday,94.84,0.3743146351750316
ORD-1648,2024-11-26 16:08:53.066533,CUST-0173,Office Supplies,North,203.67,3,0.2,-90.6,2024-11,Tuesday,162.936,-0.556046545883046
ORD-1649,2024-06-28 20:27:29.624812,CUST-0047,Technology,East,200.9,3,0.0,48.84,2024-06,Friday,200.9,0.24310602289696367
ORD-1650,2024-01-27 11:25:03.751875,CUST-0140,Furniture,East,41.45,12,0.3,-30.73,2024-01,Saturday,29.015,-1.0591073582629675
ORD-1651,2023-12-19 18:23:35.507753,CUST-0246,Furniture,East,90.45,8,0.3,33.74,2023-12,Tuesday,63.315,0.5328911000552792
ORD-1652,2023-11-06 16:11:45.952976,CUST-0149,Office Supplies,East,54.09,5,0.2,53.62,2023-11,Monday,43.272000000000006,1.239138472915511
ORD-1653,2024-02-09 06:10:15.907953,CUST-0246,Technology,West,173.62,8,0.2,-15.03,2024-02,Friday,138.89600000000002,-0.10821045962446721
ORD-1654,2024-05-20 09:54:17.828914,CUST-0005,Office Supplies,South,623.44125,11,0.2,43.04,2024-05,Monday,498.753,0.08629522027937676
ORD-1655,2023-09-09 05:53:41.810905,CUST-0184,Technology,South,113.03,14,0.2,54.12,2023-09,Saturday,90.424,0.5985136689374502
ORD-1656,2023-02-23 16:21:51.055527,CUST-0020,Office Supplies,North,138.49,11,0.0,20.14,2023-02,Thursday,138.49,0.14542566250270778
ORD-1657,2024-08-26 15:31:25.542771,CUST-0046,Furniture,South,68.31,6,0.2,-13.18,2024-08,Monday,54.648,-0.24117991509295855
ORD-1658,2023-05-05 12:39:15.577788,CUST-0012,Technology,East,162.64,12,0.3,30.19,2023-05,Friday,113.84799999999998,0.26517813224650416
ORD-1659,2023-06-23 11:04:53.546773,CUST-0070,Furniture,South,623.44125,2,0.0,21.63,2023-06,Friday,623.44125,0.03469452815321412
ORD-1660,2024-02-01 14:07:08.614307,CUST-0017,Technology,East,272.42,11,0.0,48.99,2024-02,Thursday,272.42,0.17983261140885398
ORD-1661,2024-09-21 13:47:41.630815,CUST-0147,Office Supplies,West,156.25,4,0.0,14.17,2024-09,Saturday,156.25,0.090688
ORD-1662,2024-05-20 01:08:26.053026,CUST-0154,Technology,North,606.76,9,0.0,-41.52,2024-05,Monday,606.76,-0.06842903289603798
ORD-1663,2023-07-24 12:03:14.497248,CUST-0108,Furniture,East,439.79,4,0.0,19.86,2023-07,Monday,439.79,0.04515791627822369
ORD-1664,2023-04-30 01:11:18.939469,CUST-0236,Office Supplies,North,79.12,5,0.0,49.6,2023-04,Sunday,79.12,0.6268958543983821
ORD-1665,2024-10-16 09:46:22.391195,CUST-0070,Furniture,West,202.91,5,0.3,41.11,2024-10,Wednesday,142.03699999999998,0.28943162697043734
ORD-1666,2024-10-04 08:32:53.786893,CUST-0183,Furniture,South,51.27,10,0.0,23.34,2024-10,Friday,51.27,0.4552369806904622
ORD-1667,2024-03-01 01:44:27.133566,CUST-0250,Technology,West,252.24,8,0.2,0.8,2024-03,Friday,201.79200000000003,0.003964478274659055
ORD-1668,2023-12-28 03:58:26.353176,CUST-0228,Furniture,East,297.33,6,0.0,-2.3,2023-12,Thursday,297.33,-0.007735512729963341
ORD-1669,2023-03-20 03:34:40.040020,CUST-0102,Office Supplies,North,167.0,10,0.0,3.93,2023-03,Monday,167.0,0.023532934131736526
ORD-1670,2023-06-08 11:44:30.735367,CUST-0075,Furniture,East,338.7,7,0.0,94.57,2023-06,Thursday,338.7,0.2792146442279303
ORD-1671,2024-11-29 23:01:39.049524,CUST-0216,Office Supplies,West,253.08,6,0.1,-26.87,2024-11,Friday,227.77200000000002,-0.11796884603902147
ORD-1672,2023-12-14 06:55:38.869434,CUST-0203,Technology,East,475.4,14,0.3,35.46,2023-12,Thursday,332.78,0.10655688442815074
ORD-1673,2023-09-21 15:53:02.191095,CUST-0192,Office Supplies,North,269.57,14,0.0,-45.48,2023-09,Thursday,269.57,-0.16871313573468857
ORD-1674,2024-05-04 17:02:11.465732,CUST-0249,Technology,North,166.64,14,0.0,75.88,2024-05,Saturday,166.64,0.45535285645703316
ORD-1675,2023-01-12 07:41:45.052526,CUST-0242,Technology,West,199.83,5,0.1,-2.17,2023-01,Thursday,179.847,-0.012065811495326583
ORD-1676,2023-09-02 07:22:18.069034,CUST-0179,Furniture,South,189.65,5,0.0,-19.54,2023-09,Saturday,189.65,-0.10303190087002372
ORD-1677,2023-04-14 17:05:04.352176,CUST-0219,Office Supplies,South,155.18,3,0.0,42.93,2023-04,Friday,155.18,0.2766464750612192
ORD-1678,2024-04-29 23:05:58.379189,CUST-0082,Technology,North,197.32,7,0.1,-117.64,2024-04,Monday,177.588,-0.6624321463161925
ORD-1679,2023-06-06 07:09:20.080040,CUST-0092,Technology,North,111.5,13,0.2,-47.97,2023-06,Tuesday,89.2,-0.5377802690582959
ORD-1680,2024-07-01 18:34:23.831915,CUST-0175,Technology,East,195.52,10,0.2,51.65,2024-07,Monday,156.41600000000003,0.3302091857610474
ORD-1681,2023-04-15 01:50:56.128064,CUST-0239,Office Supplies,North,100.27,5,0.0,90.88,2023-04,Saturday,100.27,0.9063528473122568
ORD-1682,2024-03-02 04:02:02.461230,CUST-0260,Technology,East,273.51,7,0.0,57.06,2024-03,Saturday,273.51,0.20862125699243173
ORD-1683,2024-06-12 10:03:39.709854,CUST-0163,Technology,East,231.05,2,0.3,38.37,2024-06,Wednesday,161.73499999999999,0.237239929514329
ORD-1684,2024-01-16 12:29:10.475237,CUST-0048,Technology,Unknown,158.28,9,0.0,174.62,2024-01,Tuesday,158.28,1.1032347738185495
ORD-1685,2023-01-07 04:59:40.190095,CUST-0116,Furniture,North,65.8,8,0.0,59.48,2023-01,Saturday,65.8,0.903951367781155
ORD-1686,2023-10-08 11:02:43.881940,CUST-0225,Furniture,West,28.93,5,0.1,-32.67,2023-10,Sunday,26.037,-1.2547528517110267
ORD-1687,2023-08-04 02:13:15.997999,CUST-0147,Furniture,West,241.46,2,0.1,91.48,2023-08,Friday,217.31400000000002,0.4209576925554727
ORD-1688,2024-05-24 01:32:55.587793,CUST-0063,Office Supplies,North,258.01,6,0.2,-8.46,2024-05,Friday,206.40800000000002,-0.04098678345800551
ORD-1689,2024-03-13 11:43:47.513756,CUST-0294,Technology,East,195.51,8,0.0,-12.49,2024-03,Wednesday,195.51,-0.06388420029666002
ORD-1690,2024-01-04 11:15:41.870935,CUST-0013,Office Supplies,East,325.21,7,0.1,-52.86,2024-01,Thursday,292.68899999999996,-0.18060125252401016
ORD-1691,2023-03-12 11:31:32.746373,CUST-0189,Office Supplies,East,155.31,8,0.1,5.32,2023-03,Sunday,139.779,0.03806008055573441
ORD-1692,2023-07-02 22:57:19.719859,CUST-0287,Furniture,West,227.33,4,0.0,-43.77,2023-07,Sunday,227.33,-0.19253948005102714
ORD-1693,2023-12-27 10:26:42.801400,CUST-0208,Furniture,North,57.49,14,0.1,63.45,2023-12,Wednesday,51.741,1.226300226126283
ORD-1694,2024-02-19 20:20:17.408704,CUST-0114,Technology,East,292.74,3,0.0,22.48,2024-02,Monday,292.74,0.07679169228667077
ORD-1695,2023-02-11 06:22:30.675337,CUST-0022,Furniture,North,353.96,7,0.0,-51.66,2023-02,Saturday,353.96,-0.14594869476777036
ORD-1696,2024-03-30 15:39:20.980490,CUST-0214,Technology,East,119.52,2,0.1,25.14,2024-03,Saturday,107.568,0.23371262829094155
ORD-1697,2024-09-13 04:12:50.785392,CUST-0171,Office Supplies,North,588.07,14,0.0,89.63,2024-09,Friday,588.07,0.1524138282857483
ORD-1698,2023-12-12 11:06:19.989995,CUST-0054,Technology,Unknown,178.74,5,0.0,127.34,2023-12,Tuesday,178.74,0.7124314646973257
ORD-1699,2023-10-31 02:26:13.986993,CUST-0298,Technology,North,109.13,13,0.0,-77.38,2023-10,Tuesday,109.13,-0.7090625859067168
ORD-1700,2024-08-31 18:13:30.405202,CUST-0126,Office Supplies,South,153.91,7,0.0,-16.7,2024-08,Saturday,153.91,-0.10850497043726853
ORD-1701,2024-12-02 03:36:49.704852,CUST-0277,Furniture,South,228.0,1,0.0,-47.36,2024-12,Monday,228.0,-0.20771929824561403
ORD-1702,2024-04-14 23:45:35.567783,CUST-0204,Technology,West,614.76,4,0.1,51.21,2024-04,Sunday,553.284,0.09255644479146334
ORD-1703,2023-12-04 10:17:20.920460,CUST-0194,Technology,North,127.63,2,0.2,-54.53,2023-12,Monday,102.104,-0.5340633079996866
ORD-1704,2023-01-20 17:16:35.897948,CUST-0169,Technology,South,170.77,6,0.0,93.55,2023-01,Friday,170.77,0.5478128476898753
ORD-1705,2024-11-22 15:44:23.531765,CUST-0152,Furniture,West,206.27,12,0.0,102.22,2024-11,Friday,206.27,0.49556406651476215
ORD-1706,2024-08-31 09:27:38.629314,CUST-0035,Technology,East,55.96,1,0.0,79.09,2024-08,Saturday,55.96,1.4133309506790566
ORD-1707,2023-10-19 18:44:28.934467,CUST-0184,Office Supplies,South,126.4,7,0.3,-13.04,2023-10,Thursday,88.48,-0.147377938517179
ORD-1708,2023-10-11 17:55:29.864932,CUST-0286,Office Supplies,North,152.86,3,0.3,-9.26,2023-10,Wednesday,107.00200000000001,-0.08654043849647669
ORD-1709,2024-06-24 20:03:00.090045,CUST-0057,Furniture,East,138.3,12,0.1,2.6,2024-06,Monday,124.47000000000001,0.02088856752631156
ORD-1710,2024-11-25 05:05:25.962981,CUST-0222,Office Supplies,West,121.7,1,0.0,96.3,2024-11,Monday,121.7,0.791290057518488
ORD-1711,2023-02-28 19:03:55.917958,CUST-0163,Office Supplies,South,267.5,8,0.1,-71.88,2023-02,Tuesday,240.75,-0.2985669781931464
ORD-1712,2024-05-27 08:25:41.570785,CUST-0019,Office Supplies,North,173.58,7,0.1,53.17,2024-05,Monday,156.222,0.3403489905391046
ORD-1713,2023-02-01 09:44:12.726363,CUST-0264,Technology,North,121.52,2,0.3,-26.01,2023-02,Wednesday,85.064,-0.3057697733471269
ORD-1714,2023-01-20 17:16:35.897948,CUST-0282,Technology,North,136.21,7,0.1,4.83,2023-01,Friday,122.58900000000001,0.039399946161564246
ORD-1715,2024-07-01 09:48:32.056028,CUST-0113,Office Supplies,North,243.24,3,0.1,74.17,2024-07,Monday,218.91600000000003,0.33880575197792756
ORD-1716,2024-10-27 17:28:07.443721,CUST-0030,Technology,North,122.6,13,0.3,-60.93,2024-10,Sunday,85.82,-0.7099743649498952
ORD-1717,2024-03-14 14:01:22.841420,CUST-0135,Office Supplies,North,268.64,9,0.0,13.34,2024-03,Thursday,268.64,0.04965753424657535
ORD-1718,2024-05-31 08:50:11.105552,CUST-0067,Furniture,North,276.86,8,0.1,22.27,2024-05,Friday,249.174,0.08937529597791101
ORD-1719,2024-05-16 00:43:56.518259,CUST-0065,Technology,North,178.42,5,0.3,27.76,2024-05,Thursday,124.89399999999998,0.22226848367415575
ORD-1720,2024-01-12 12:04:40.940470,CUST-0292,Furniture,West,179.1,7,0.1,23.81,2024-01,Friday,161.19,0.14771387803213598
ORD-1721,2023-10-31 19:57:57.538769,CUST-0025,Office Supplies,West,262.6,3,0.2,63.4,2023-10,Tuesday,210.08000000000004,0.30178979436405173
ORD-1722,2023-04-24 22:29:14.077038,CUST-0037,Furniture,Unknown,327.44,1,0.2,2.88,2023-04,Monday,261.952,0.010994380649890056
ORD-1723,2023-10-04 19:24:06.123061,CUST-0001,Furniture,East,137.21,1,0.2,51.92,2023-10,Wednesday,109.76800000000001,0.4729975949274834
ORD-1725,2023-06-11 09:51:24.942471,CUST-0141,Office Supplies,West,203.07,2,0.1,47.16,2023-06,Sunday,182.763,0.25803909981779677
ORD-1726,2024-10-15 16:14:38.839419,CUST-0232,Office Supplies,South,77.02,8,0.1,61.67,2024-10,Tuesday,69.318,0.8896679073256586
ORD-1727,2023-04-30 09:57:10.715357,CUST-0136,Furniture,East,251.8,1,0.0,46.92,2023-04,Sunday,251.8,0.1863383637807784
ORD-1728,2024-01-29 07:14:22.631315,CUST-0188,Technology,West,534.65,11,0.0,24.62,2024-01,Monday,534.65,0.04604881698307304
ORD-1729,2023-10-05 12:55:49.674837,CUST-0128,Office Supplies,East,185.64,12,0.2,-46.14,2023-10,Thursday,148.512,-0.3106819650937298
ORD-1730,2024-04-05 20:39:01.170585,CUST-0201,Technology,North,555.9,5,0.1,111.43,2024-04,Friday,500.31,0.22272191241430314
ORD-1731,2024-04-02 05:00:23.411705,CUST-0127,Office Supplies,East,46.11,9,0.0,131.68,2024-04,Tuesday,46.11,2.855779657341141
ORD-1732,2023-07-31 01:48:46.463231,CUST-0257,Furniture,West,237.54,12,0.3,8.44,2023-07,Monday,166.278,0.050758368515377864
ORD-1733,2024-01-28 04:56:47.303651,CUST-0164,Office Supplies,West,119.08,9,0.3,57.38,2024-01,Sunday,83.356,0.6883727626085705
ORD-1734,2024-08-18 23:28:18.249124,CUST-0035,Furniture,South,209.81,2,0.1,-2.86,2024-08,Sunday,188.829,-0.015145978636756005
ORD-1735,2024-08-17 03:38:59.369684,CUST-0194,Office Supplies,West,58.09,7,0.0,-13.21,2024-08,Saturday,58.09,-0.22740574969874333
ORD-1736,2024-01-03 08:58:06.543271,CUST-0191,Office Supplies,East,440.54,11,0.0,33.32,2024-01,Wednesday,440.54,0.07563444863122532
ORD-1737,2024-04-14 23:45:35.567783,CUST-0104,Technology,West,87.97,1,0.3,198.45,2024-04,Sunday,61.57899999999999,3.2226895532567923
ORD-1738,2024-06-10 05:28:29.054527,CUST-0023,Furniture,South,119.1,3,0.0,125.72,2024-06,Monday,119.1,1.055583543240974
ORD-1739,2024-10-28 19:45:42.771385,CUST-0265,Technology,North,199.71,6,0.0,116.73,2024-10,Monday,199.71,0.5844975214060387
ORD-1740,2023-02-04 16:36:58.709354,CUST-0290,Furniture,Unknown,95.3,9,0.1,61.13,2023-02,Saturday,85.77,0.7127200652908943
ORD-1741,2024-02-10 17:13:43.011505,CUST-0260,Office Supplies,South,92.54,10,0.2,-25.05,2024-02,Saturday,74.03200000000001,-0.3383671925653771
ORD-1742,2024-02-07 01:35:05.252626,CUST-0075,Office Supplies,East,199.93,2,0.0,92.21,2024-02,Wednesday,199.93,0.4612114239983994
ORD-1743,2024-04-23 18:06:18.189094,CUST-0072,Technology,North,208.26,7,0.1,-140.53,2024-04,Tuesday,187.434,-0.7497572478845888
ORD-1744,2024-02-22 09:41:19.839919,CUST-0259,Furniture,West,153.81,4,0.1,53.45,2024-02,Thursday,138.429,0.3861185156289506
ORD-1745,2023-10-24 21:26:33.796898,CUST-0188,Furniture,North,297.62,2,0.3,95.87,2023-10,Tuesday,208.334,0.4601745274415122
ORD-1746,2023-06-28 22:32:50.185092,CUST-0173,Office Supplies,West,169.34,3,0.1,39.09,2023-06,Wednesday,152.406,0.2564859651194835
ORD-1747,2024-12-07 15:04:46.343171,CUST-0290,Furniture,West,64.23,6,0.1,129.56,2024-12,Saturday,57.807,2.241251059560261
ORD-1748,2023-06-14 16:44:10.925462,CUST-0045,Furniture,South,22.87,10,0.0,-55.55,2023-06,Wednesday,22.87,-2.428946217752514
ORD-1749,2024-07-10 04:09:14.677338,CUST-0061,Office Supplies,East,170.69,9,0.0,126.04,2024-07,Wednesday,170.69,0.7384146698693539
ORD-1750,2023-03-01 21:21:31.245622,CUST-0083,Furniture,South,59.6,8,0.0,20.54,2023-03,Wednesday,59.6,0.34463087248322144
ORD-1751,2023-03-08 02:21:11.435717,CUST-0123,Furniture,East,315.79,10,0.2,117.05,2023-03,Wednesday,252.63200000000003,0.4633221444630925
ORD-1752,2023-06-20 21:43:51.115557,CUST-0016,Technology,East,4.18,14,0.0,91.21,2023-06,Tuesday,4.18,21.820574162679424
ORD-1753,2023-11-28 22:49:24.282141,CUST-0066,Office Supplies,South,265.17,11,0.3,120.84,2023-11,Tuesday,185.619,0.6510109417678147
ORD-1754,2023-09-26 01:03:23.501750,CUST-0145,Furniture,North,77.92,9,0.0,88.53,2023-09,Tuesday,77.92,1.136165297741273
ORD-1755,2023-10-28 04:19:19.779889,CUST-0162,Office Supplies,North,306.04,4,0.0,71.52,2023-10,Saturday,306.04,0.23369494183766826
ORD-1756,2023-12-11 08:48:44.662331,CUST-0234,Technology,East,74.26,12,0.0,111.97,2023-12,Monday,74.26,1.5078103959062752
ORD-1757,2023-01-03 04:35:10.655327,CUST-0144,Office Supplies,West,618.09,4,0.1,33.33,2023-01,Tuesday,556.2810000000001,0.05991576199798302
ORD-1758,2023-05-01 03:28:54.267133,CUST-0188,Office Supplies,North,599.33,9,0.2,66.14,2023-05,Monday,479.46400000000006,0.13794570603840955
ORD-1759,2023-10-10 15:37:54.537268,CUST-0013,Furniture,North,406.15,8,0.0,29.78,2023-10,Tuesday,406.15,0.07332266404037918
ORD-1760,2024-09-11 08:23:31.905952,CUST-0184,Office Supplies,West,262.71,12,0.0,-11.15,2024-09,Wednesday,262.71,-0.04244223668684101
ORD-1761,2023-02-24 18:39:26.383191,CUST-0111,Office Supplies,South,27.95,2,0.3,61.62,2023-02,Friday,19.564999999999998,3.1495016611295683
ORD-1762,2024-02-09 14:56:07.683841,CUST-0290,Technology,North,58.63,8,0.0,41.8,2024-02,Friday,58.63,0.7129455909943714
ORD-1763,2023-02-23 07:35:59.279639,CUST-0295,Furniture,South,103.28,1,0.1,105.42,2023-02,Thursday,92.952,1.1341337464497805
ORD-1764,2024-08-24 10:56:14.887443,CUST-0215,Technology,North,79.77,9,0.0,18.46,2024-08,Saturday,79.77,0.2314153190422465
ORD-1765,2024-05-27 17:11:33.346673,CUST-0120,Office Supplies,North,269.03,9,0.0,-15.64,2024-05,Monday,269.03,-0.058134780507750075
ORD-1766,2023-11-30 18:38:43.161580,CUST-0055,Office Supplies,East,94.84,13,0.2,104.58,2023-11,Thursday,75.872,1.3783741037536905
ORD-1767,2024-07-27 16:50:39.919959,CUST-0027,Office Supplies,West,266.46,8,0.3,33.8,2024-07,Saturday,186.52199999999996,0.18121186776894954
ORD-1768,2024-04-22 15:48:42.861430,CUST-0118,Furniture,South,291.89,11,0.2,-17.47,2024-04,Monday,233.512,-0.07481414231388536
ORD-1769,2023-09-13 06:18:11.345672,CUST-0221,Furniture,East,413.6,5,0.2,113.34,2023-09,Wednesday,330.88000000000005,0.3425411025145067
ORD-1770,2023-01-30 13:54:53.846923,CUST-0231,Technology,East,506.83,5,0.1,85.61,2023-01,Monday,456.147,0.18768072573095954
ORD-1771,2023-07-07 08:07:41.030515,CUST-0053,Office Supplies,West,238.18,13,0.1,140.93,2023-07,Friday,214.36200000000002,0.6574392849478918
ORD-1772,2024-12-02 03:36:49.704852,CUST-0295,Office Supplies,East,499.23,3,0.2,9.55,2024-12,Monday,399.384,0.023911824209282295
ORD-1773,2023-10-25 06:12:25.572786,CUST-0233,Office Supplies,South,130.15,5,0.0,1.15,2023-10,Wednesday,130.15,0.008835958509412215
ORD-1774,2023-09-16 13:10:57.328664,CUST-0158,Office Supplies,South,217.23,4,0.0,-35.19,2023-09,Saturday,217.23,-0.16199419969617457
ORD-1775,2024-12-09 02:08:13.446723,CUST-0269,Furniture,West,512.14,1,0.0,-4.01,2024-12,Monday,512.14,-0.007829890264380834
ORD-1776,2024-07-18 13:44:05.522761,CUST-0021,Furniture,East,266.91,9,0.0,6.82,2024-07,Thursday,266.91,0.025551684088269452
ORD-1777,2023-09-30 01:27:53.036518,CUST-0053,Furniture,North,98.7,10,0.0,70.98,2023-09,Saturday,98.7,0.7191489361702128
ORD-1778,2024-01-09 05:11:54.957478,CUST-0275,Technology,North,191.0,14,0.1,-25.76,2024-01,Tuesday,171.9,-0.1498545666084933
ORD-1779,2024-05-29 13:00:52.226113,CUST-0281,Technology,Unknown,623.44125,4,0.2,-9.8,2024-05,Wednesday,498.753,-0.019649004617516088
ORD-1780,2023-09-15 19:39:13.776888,CUST-0214,Technology,North,32.09,3,0.1,131.8,2023-09,Friday,28.881000000000004,4.563553893563242
ORD-1781,2023-06-21 15:15:34.667333,CUST-0031,Office Supplies,West,141.59,6,0.0,-145.86,2023-06,Wednesday,141.59,-1.0301574969983756
ORD-1782,2024-02-22 00:55:28.064032,CUST-0183,Furniture,West,623.44125,1,0.0,58.82,2024-02,Thursday,623.44125,0.09434730217161602
ORD-1783,2023-05-25 05:55:51.475737,CUST-0023,Office Supplies,Unknown,297.61,5,0.2,-47.42,2023-05,Thursday,238.08800000000002,-0.19917005476966498
ORD-1784,2024-07-21 20:36:51.505752,CUST-0032,Technology,North,257.48,7,0.3,-18.32,2024-07,Sunday,180.236,-0.10164451053063761
ORD-1786,2023-10-21 14:33:47.813906,CUST-0010,Furniture,East,124.24,10,0.0,34.29,2023-10,Saturday,124.24,0.27599806825499035
ORD-1787,2023-12-07 17:10:06.903451,CUST-0054,Office Supplies,North,122.34,9,0.0,189.42,2023-12,Thursday,122.34,1.548307994114762
ORD-1788,2024-04-12 01:38:41.360680,CUST-0052,Office Supplies,North,168.49,12,0.0,67.61,2024-04,Friday,168.49,0.40127010505074484
ORD-1789,2024-10-03 15:01:10.235117,CUST-0148,Office Supplies,West,365.53,6,0.0,-19.78,2024-10,Thursday,365.53,-0.05411320548245015
ORD-1790,2023-11-27 03:00:05.402701,CUST-0160,Office Supplies,West,369.51,2,0.0,63.46,2023-11,Monday,369.51,0.17174095423669183
ORD-1791,2024-04-01 02:42:48.084042,CUST-0014,Office Supplies,West,282.67,8,0.1,97.8,2024-04,Monday,254.40300000000002,0.3844294288982441
ORD-1792,2024-01-28 22:28:30.855427,CUST-0178,Technology,East,185.31,8,0.2,61.32,2024-01,Sunday,148.24800000000002,0.41363121256273266
ORD-1793,2023-12-09 21:45:17.558779,CUST-0053,Technology,East,18.53,1,0.2,17.08,2023-12,Saturday,14.824000000000002,1.1521856449001617
ORD-1794,2024-11-21 04:40:56.428214,CUST-0022,Furniture,West,462.43,12,0.0,-71.46,2024-11,Thursday,462.43,-0.15453149665895377
ORD-1795,2024-07-10 04:09:14.677338,CUST-0030,Furniture,North,333.06,1,0.1,10.65,2024-07,Wednesday,299.754,0.03552913388978963
ORD-1796,2024-07-12 08:44:25.332666,CUST-0191,Furniture,East,467.81,1,0.0,130.06,2024-07,Friday,467.81,0.27801885380817
ORD-1797,2023-11-08 12:01:04.832416,CUST-0260,Furniture,West,106.68,12,0.1,-17.8,2023-11,Wednesday,96.01200000000001,-0.18539349248010664
ORD-1798,2024-05-21 12:11:53.156578,CUST-0205,Technology,South,126.56,4,0.1,5.29,2024-05,Tuesday,113.90400000000001,0.04644261834527321
ORD-1799,2024-04-20 19:59:23.981991,CUST-0059,Furniture,North,623.44125,4,0.1,89.6,2024-04,Saturday,561.097125,0.15968714863759104
ORD-1800,2023-08-05 04:30:51.325662,CUST-0264,Furniture,North,38.29,8,0.3,67.18,2023-08,Saturday,26.802999999999997,2.506435846733575
ORD-1801,2023-09-18 09:00:16.208104,CUST-0012,Technology,West,307.4,1,0.3,-48.59,2023-09,Monday,215.17999999999998,-0.22581094897295292
ORD-1802,2024-03-07 06:44:07.323661,CUST-0119,Office Supplies,North,414.99,10,0.1,23.48,2024-03,Thursday,373.49100000000004,0.06286630735412634
ORD-1803,2023-08-19 10:19:30.585292,CUST-0290,Furniture,East,25.91,3,0.3,114.42,2023-08,Saturday,18.137,6.308650824281854
ORD-1804,2023-01-22 04:20:03.001500,CUST-0248,Furniture,South,192.33,11,0.2,31.59,2023-01,Sunday,153.86400000000003,0.20531118390266725
ORD-1806,2023-02-16 09:04:35.537768,CUST-0075,Technology,North,60.22,9,0.1,119.27,2023-02,Thursday,54.198,2.200634709767888
ORD-1807,2023-09-26 09:49:15.277638,CUST-0204,Furniture,West,324.96,10,0.1,-25.66,2023-09,Tuesday,292.464,-0.08773729416270036
ORD-1809,2024-11-26 16:08:53.066533,CUST-0079,Office Supplies,North,237.19,9,0.0,69.46,2024-11,Tuesday,237.19,0.2928453982039715
ORD-1810,2024-02-20 13:52:00.960480,CUST-0241,Office Supplies,West,113.88,7,0.2,-62.26,2024-02,Tuesday,91.104,-0.6833948015454865
ORD-1811,2024-03-25 21:43:07.893946,CUST-0154,Technology,East,7.5,13,0.0,16.62,2024-03,Monday,7.5,2.216
ORD-1812,2023-07-11 17:18:02.341170,CUST-0274,Furniture,North,123.87,12,0.2,62.77,2023-07,Tuesday,99.096,0.6334261726003068
ORD-1813,2023-07-09 21:28:43.461730,CUST-0096,Office Supplies,Unknown,120.68,8,0.0,-7.34,2023-07,Sunday,120.68,-0.06082200861783228
ORD-1814,2023-07-21 05:10:28.514257,CUST-0214,Technology,South,324.55,1,0.0,65.29,2023-07,Friday,324.55,0.20117085194885226
ORD-1815,2024-12-25 21:17:55.137568,CUST-0294,Technology,East,328.37,5,0.3,-6.01,2024-12,Wednesday,229.85899999999998,-0.026146463701660586
ORD-1816,2023-03-28 04:23:39.109554,CUST-0209,Technology,West,220.23,14,0.0,-6.68,2023-03,Tuesday,220.23,-0.030331925714026247
ORD-1817,2024-04-21 04:45:15.757878,CUST-0088,Furniture,South,119.18,2,0.0,74.65,2024-04,Sunday,119.18,0.6263634838060077
ORD-1818,2024-05-19 16:22:34.277138,CUST-0264,Furniture,West,217.89,13,0.3,112.08,2024-05,Sunday,152.52299999999997,0.7348399913455677
ORD-1819,2024-03-22 23:36:13.686843,CUST-0157,Office Supplies,North,193.5,1,0.3,-12.64,2024-03,Friday,135.45,-0.0933185677371724
ORD-1820,2024-10-12 09:21:52.856428,CUST-0156,Office Supplies,South,134.57,3,0.0,-42.68,2024-10,Saturday,134.57,-0.31715835624582
ORD-1821,2024-04-20 02:27:40.430215,CUST-0139,Furniture,South,411.32,7,0.3,27.76,2024-04,Saturday,287.924,0.09641433155971715
ORD-1822,2024-04-04 09:35:34.067033,CUST-0121,Furniture,West,59.96,1,0.0,58.01,2024-04,Thursday,59.96,0.9674783188792528
ORD-1823,2023-06-30 00:50:25.512756,CUST-0065,Furniture,West,99.71,11,0.1,-13.24,2023-06,Friday,89.73899999999999,-0.14753897413610584
ORD-1824,2023-01-02 02:17:35.327663,CUST-0107,Office Supplies,West,444.09,2,0.1,129.64,2023-01,Monday,399.681,0.3243586760441452
ORD-1825,2023-08-31 20:18:50.965482,CUST-0147,Furniture,North,153.27,2,0.2,21.19,2023-08,Thursday,122.61600000000001,0.17281594571670908
ORD-1826,2023-06-11 01:05:33.166583,CUST-0137,Furniture,West,278.38,4,0.2,-13.76,2023-06,Sunday,222.704,-0.061786047848264955
ORD-1827,2023-01-11 05:24:09.724862,CUST-0162,Technology,East,195.52,12,0.1,145.9,2023-01,Wednesday,175.96800000000002,0.8291280232769594
ORD-1828,2024-02-18 09:16:50.305152,CUST-0100,Office Supplies,West,243.37,3,0.3,105.99,2024-02,Sunday,170.35899999999998,0.6221567395910989
ORD-1829,2023-08-11 09:30:31.515757,CUST-0141,Technology,East,134.32,3,0.3,-13.65,2023-08,Friday,94.02399999999999,-0.14517569982132225
ORD-1830,2024-10-01 01:40:07.803901,CUST-0083,Technology,North,69.92,10,0.2,94.03,2024-10,Tuesday,55.93600000000001,1.681028318077803
ORD-1831,2023-10-21 14:33:47.813906,CUST-0177,Office Supplies,North,157.47,5,0.1,-9.35,2023-10,Saturday,141.723,-0.06597376572609949
ORD-1832,2023-01-28 00:33:51.415707,CUST-0198,Furniture,West,437.39,3,0.0,76.05,2023-01,Saturday,437.39,0.17387228788952652
ORD-1833,2023-11-02 15:47:16.418209,CUST-0112,Furniture,West,78.76,11,0.1,136.64,2023-11,Thursday,70.884,1.9276564527961173
ORD-1834,2024-03-02 21:33:46.013006,CUST-0056,Office Supplies,South,31.27,7,0.3,-42.53,2024-03,Saturday,21.889,-1.9429850609895383
ORD-1835,2023-02-16 09:04:35.537768,CUST-0179,Technology,East,297.19,5,0.0,-2.27,2023-02,Thursday,297.19,-0.00763821124533127
ORD-1836,2024-11-16 01:58:51.565782,CUST-0186,Office Supplies,North,42.06,4,0.0,-0.95,2024-11,Saturday,42.06,-0.02258678078934855
ORD-1837,2023-01-15 23:20:22.811405,CUST-0218,Furniture,South,279.08,12,0.3,45.94,2023-01,Sunday,195.35599999999997,0.2351604250701284
ORD-1838,2024-05-18 14:04:58.949474,CUST-0217,Office Supplies,West,88.36,3,0.2,58.4,2024-05,Saturday,70.688,0.8261656858306926
ORD-1839,2023-01-15 14:34:31.035517,CUST-0120,Technology,North,295.19,12,0.2,24.65,2023-01,Sunday,236.15200000000002,0.10438192350689385
ORD-1840,2023-12-07 17:10:06.903451,CUST-0175,Furniture,South,353.51,4,0.1,-70.91,2023-12,Thursday,318.159,-0.2228759833919518
ORD-1841,2023-01-13 01:13:28.604302,CUST-0023,Furniture,East,202.91,14,0.2,-43.86,2023-01,Friday,162.328,-0.27019368192794835
ORD-1842,2024-01-15 18:57:26.923461,CUST-0213,Technology,West,346.6,12,0.1,-23.01,2024-01,Monday,311.94000000000005,-0.07376418542027312
ORD-1843,2024-09-12 19:26:59.009504,CUST-0235,Office Supplies,West,226.57,2,0.3,63.59,2024-09,Thursday,158.599,0.4009483035832509
ORD-1844,2024-03-05 10:54:48.444222,CUST-0013,Technology,East,239.81,1,0.2,-53.71,2024-03,Tuesday,191.848,-0.2799612192986114
ORD-1845,2023-12-31 02:05:20.560280,CUST-0101,Furniture,South,46.13,3,0.2,-24.82,2023-12,Sunday,36.904,-0.672555820507262
ORD-1846,2024-05-26 14:53:58.019009,CUST-0024,Technology,South,170.95,11,0.2,-38.02,2024-05,Sunday,136.76,-0.27800526469727993
ORD-1847,2023-08-03 08:41:32.446223,CUST-0011,Technology,South,155.65,2,0.0,50.48,2023-08,Thursday,155.65,0.32431737873433986
ORD-1848,2024-08-15 07:49:40.490245,CUST-0273,Furniture,East,431.26,1,0.0,97.9,2024-08,Thursday,431.26,0.22700922877150675
ORD-1849,2024-08-26 06:45:33.766883,CUST-0281,Technology,East,195.52,1,0.3,39.25,2024-08,Monday,136.864,0.28678103811082534
ORD-1850,2024-11-23 18:01:58.859429,CUST-0094,Technology,North,127.08,2,0.0,149.61,2024-11,Saturday,127.08,1.1772898961284233
ORD-1851,2023-05-05 12:39:15.577788,CUST-0201,Office Supplies,East,234.4,13,0.1,39.24,2023-05,Friday,210.96,0.18600682593856654
ORD-1852,2023-01-10 11:52:26.173086,CUST-0021,Furniture,North,181.84,13,0.1,24.35,2023-01,Tuesday,163.656,0.1487877010314318
ORD-1854,2024-04-23 09:20:26.413206,CUST-0140,Office Supplies,North,52.99,13,0.0,42.18,2024-04,Tuesday,52.99,0.7959992451405925
ORD-1855,2023-08-24 13:01:35.447723,CUST-0293,Office Supplies,North,192.65,13,0.3,-19.61,2023-08,Thursday,134.855,-0.1454154462200141
ORD-1856,2023-09-24 13:59:56.398199,CUST-0298,Office Supplies,West,345.76,5,0.1,-28.74,2023-09,Sunday,311.184,-0.09235693351843281
ORD-1857,2023-03-02 23:39:06.573286,CUST-0101,Technology,East,53.16,9,0.1,-30.45,2023-03,Thursday,47.844,-0.6364434411838474
ORD-1858,2023-08-11 09:30:31.515757,CUST-0028,Furniture,West,125.24,8,0.0,16.55,2023-08,Friday,125.24,0.13214627914404345
ORD-1859,2023-04-08 12:05:24.162081,CUST-0041,Technology,West,149.67,13,0.0,-0.01,2023-04,Saturday,149.67,-6.681365671143183e-05
ORD-1860,2024-10-09 02:29:06.873436,CUST-0146,Office Supplies,North,184.82,11,0.0,189.28,2024-10,Wednesday,184.82,1.0241315874905315
ORD-1861,2023-10-27 10:47:36.228114,CUST-0256,Technology,South,23.74,6,0.2,42.56,2023-10,Friday,18.992,2.2409435551811288
ORD-1862,2023-06-15 19:01:46.253126,CUST-0227,Furniture,North,342.95,1,0.2,41.58,2023-06,Thursday,274.36,0.1515527044758711
ORD-1863,2023-11-27 11:45:57.178589,CUST-0236,Furniture,Unknown,355.34,10,0.1,-3.12,2023-11,Monday,319.806,-0.00975591452317968
ORD-1865,2024-06-04 00:28:48.864432,CUST-0210,Furniture,East,80.46,12,0.0,-25.44,2024-06,Tuesday,80.46,-0.3161819537658464
ORD-1866,2023-12-03 07:59:45.592796,CUST-0229,Technology,West,109.78,1,0.0,1.58,2023-12,Sunday,109.78,0.01439242120604846
ORD-1867,2023-12-24 21:05:40.370185,CUST-0100,Furniture,North,54.65,7,0.0,89.95,2023-12,Sunday,54.65,1.645928636779506
ORD-1869,2023-09-13 23:49:54.897448,CUST-0016,Office Supplies,South,84.3,14,0.0,-46.38,2023-09,Wednesday,84.3,-0.5501779359430605
ORD-1870,2023-08-20 03:51:14.137068,CUST-0137,Furniture,North,81.08,11,0.0,31.64,2023-08,Sunday,81.08,0.39023186975826346
ORD-1871,2024-07-31 08:29:17.678839,CUST-0166,Furniture,South,107.12,8,0.2,70.78,2024-07,Wednesday,85.69600000000001,0.8259428678117997
ORD-1872,2024-08-06 22:14:49.644822,CUST-0100,Furniture,South,505.38,8,0.1,60.72,2024-08,Tuesday,454.842,0.13349690661812233
ORD-1873,2023-02-17 02:36:19.089544,CUST-0109,Office Supplies,East,161.36,7,0.1,69.67,2023-02,Friday,145.22400000000002,0.47974164050019275
ORD-1874,2024-01-08 02:54:19.629814,CUST-0173,Furniture,West,97.96,2,0.0,161.14,2024-01,Monday,97.96,1.6449571253572886
ORD-1875,2024-11-04 18:17:06.513256,CUST-0237,Technology,North,330.28,5,0.2,46.29,2024-11,Monday,264.224,0.17519226111178393
ORD-1876,2024-05-21 03:26:01.380690,CUST-0162,Furniture,East,253.61,4,0.1,77.74,2024-05,Tuesday,228.24900000000002,0.34059294892858233
ORD-1877,2024-09-23 00:51:08.734367,CUST-0216,Technology,West,550.69,5,0.0,-115.45,2024-09,Monday,550.69,-0.20964608037189705
ORD-1878,2023-10-26 17:15:52.676338,CUST-0264,Furniture,North,174.54,10,0.0,141.93,2023-10,Thursday,174.54,0.8131660364386388
ORD-1879,2023-09-10 16:57:08.914457,CUST-0263,Office Supplies,East,424.08,9,0.1,33.9,2023-09,Sunday,381.67199999999997,0.08881971954977048
ORD-1880,2024-04-25 05:09:45.292646,CUST-0292,Technology,North,365.17,4,0.0,-22.08,2024-04,Thursday,365.17,-0.060464988909275125
ORD-1881,2024-05-24 01:32:55.587793,CUST-0274,Furniture,North,230.1,12,0.0,18.29,2024-05,Friday,230.1,0.07948717948717948
ORD-1882,2023-10-17 14:09:18.279139,CUST-0003,Technology,East,48.36,8,0.0,69.75,2023-10,Tuesday,48.36,1.4423076923076923
ORD-1883,2023-01-11 05:24:09.724862,CUST-0028,Office Supplies,West,180.06,8,0.2,92.08,2023-01,Wednesday,144.048,0.6392313673220038
ORD-1884,2023-02-24 01:07:42.831415,CUST-0149,Furniture,East,202.91,2,0.2,24.29,2023-02,Friday,162.328,0.14963530629343058
ORD-1885,2024-10-20 01:25:00.150075,CUST-0028,Technology,North,616.76,14,0.3,66.09,2024-10,Sunday,431.73199999999997,0.15308107807621396
ORD-1886,2024-04-26 16:13:12.396198,CUST-0065,Technology,East,66.8,6,0.1,14.21,2024-04,Friday,60.12,0.23636061210911513
ORD-1887,2023-01-04 15:38:37.758879,CUST-0021,Technology,South,570.29,5,0.0,59.5,2023-01,Wednesday,570.29,0.10433288326991531
ORD-1888,2024-07-14 13:19:35.987994,CUST-0252,Office Supplies,West,63.84,2,0.2,42.38,2024-07,Sunday,51.072,0.8298088972431078
ORD-1889,2023-09-04 11:57:28.724362,CUST-0235,Furniture,East,158.8,12,0.0,48.05,2023-09,Monday,158.8,0.3025818639798488
ORD-1890,2024-02-19 20:20:17.408704,CUST-0227,Technology,West,514.81,10,0.0,11.34,2024-02,Monday,514.81,0.022027544142499175
ORD-1891,2023-03-09 22:10:30.315157,CUST-0013,Furniture,West,59.16,4,0.1,54.22,2023-03,Thursday,53.244,1.0183307039290812
ORD-1892,2023-10-22 08:05:31.365682,CUST-0049,Furniture,West,492.46,7,0.0,-19.59,2023-10,Sunday,492.46,-0.03977988059943955
ORD-1893,2023-09-29 07:56:09.484742,CUST-0118,Furniture,North,487.25,13,0.0,41.68,2023-09,Friday,487.25,0.08554130323242688
ORD-1894,2024-04-01 11:28:39.859929,CUST-0054,Furniture,West,406.47,1,0.1,-8.07,2024-04,Monday,365.82300000000004,-0.022059848615313963
ORD-1895,2024-05-01 18:55:17.258629,CUST-0138,Technology,East,163.39,9,0.0,-29.62,2024-05,Wednesday,163.39,-0.18128404431115738
ORD-1896,2023-02-05 10:08:42.261130,CUST-0053,Technology,East,176.57,10,0.3,-12.33,2023-02,Sunday,123.59899999999999,-0.09975808865767523
ORD-1897,2023-01-20 17:16:35.897948,CUST-0044,Office Supplies,North,305.9,12,0.1,17.52,2023-01,Friday,275.31,0.06363735425520323
ORD-1898,2023-08-16 03:26:44.602301,CUST-0053,Office Supplies,North,65.72,1,0.0,-1.71,2023-08,Wednesday,65.72,-0.02601947656725502
ORD-1899,2023-08-31 02:47:07.413706,CUST-0074,Office Supplies,West,511.53,12,0.0,53.78,2023-08,Thursday,511.53,0.10513557367114344
ORD-1900,2023-10-04 10:38:14.347173,CUST-0046,Office Supplies,South,168.04,5,0.1,34.78,2023-10,Wednesday,151.236,0.22997169985982177
ORD-1901,2023-05-28 21:34:29.234617,CUST-0013,Technology,West,159.22,7,0.0,90.87,2023-05,Sunday,159.22,0.5707197588242683
ORD-1902,2023-01-25 19:58:40.760380,CUST-0165,Technology,South,170.8,8,0.0,24.93,2023-01,Wednesday,170.8,0.14596018735362998
ORD-1903,2024-05-02 12:27:00.810405,CUST-0102,Technology,West,169.78,2,0.2,40.84,2024-05,Thursday,135.824,0.30068323713040407
ORD-1904,2024-04-24 02:52:09.964982,CUST-0280,Technology,East,141.34,4,0.1,141.96,2024-04,Wednesday,127.206,1.1159850950426866
ORD-1905,2024-10-13 20:25:19.959979,CUST-0258,Office Supplies,South,266.91,2,0.2,3.67,2024-10,Sunday,213.52800000000002,0.01718744145966805
ORD-1906,2024-07-27 16:50:39.919959,CUST-0138,Office Supplies,West,314.12,4,0.0,12.89,2024-07,Saturday,314.12,0.041035273144021396
ORD-1907,2023-10-01 21:17:11.915957,CUST-0163,Technology,South,55.33,6,0.1,102.21,2023-10,Sunday,49.797,2.0525332851376588
ORD-1908,2024-03-03 15:05:29.564782,CUST-0111,Technology,West,221.77,6,0.1,-27.41,2024-03,Sunday,199.59300000000002,-0.1373294654622156
ORD-1909,2024-06-28 02:55:46.073036,CUST-0102,Furniture,North,106.76,12,0.0,108.92,2024-06,Friday,106.76,1.020232296740352
ORD-1910,2024-10-05 10:50:29.114557,CUST-0017,Office Supplies,South,16.28,13,0.1,15.79,2024-10,Saturday,14.652000000000001,1.0776685776685775
ORD-1911,2024-04-07 16:28:20.050025,CUST-0268,Furniture,East,196.65,2,0.0,-20.0,2024-04,Sunday,196.65,-0.10170353419781338
ORD-1912,2024-07-06 21:16:28.694347,CUST-0182,Technology,South,195.52,11,0.3,84.31,2024-07,Saturday,136.864,0.6160129763853168
ORD-1913,2024-11-14 14:55:24.462231,CUST-0024,Office Supplies,North,120.28,4,0.1,14.93,2024-11,Thursday,108.25200000000001,0.13791892990429735
ORD-1914,2023-12-16 11:30:49.524762,CUST-0029,Office Supplies,North,118.03,4,0.1,139.46,2023-12,Saturday,106.227,1.3128488990557956
ORD-1915,2024-07-12 17:30:17.108554,CUST-0171,Furniture,West,71.78,14,0.0,34.87,2024-07,Friday,71.78,0.48578991362496515
ORD-1916,2023-05-13 22:14:06.423211,CUST-0228,Office Supplies,South,50.68,1,0.0,34.43,2023-05,Saturday,50.68,0.6793606945540647
ORD-1917,2023-06-25 15:40:04.202101,CUST-0188,Furniture,East,97.43,14,0.1,-5.17,2023-06,Sunday,87.68700000000001,-0.058959708964840846
ORD-1918,2023-03-15 00:52:35.177588,CUST-0230,Furniture,East,78.05,2,0.1,21.19,2023-03,Wednesday,70.245,0.3016584810306783
ORD-1919,2023-02-25 20:57:01.710855,CUST-0119,Technology,South,120.07,14,0.0,13.64,2023-02,Saturday,120.07,0.11360039976680271
ORD-1920,2024-06-21 21:56:05.882941,CUST-0156,Technology,North,43.47,3,0.0,109.88,2024-06,Friday,43.47,2.5277202668507015
ORD-1921,2024-07-10 12:55:06.453226,CUST-0272,Furniture,East,78.18,13,0.0,47.38,2024-07,Wednesday,78.18,0.6060373497058071
ORD-1922,2023-01-27 07:02:07.863931,CUST-0175,Furniture,West,239.43,11,0.1,72.33,2023-01,Friday,215.48700000000002,0.33565829957259596
ORD-1923,2023-09-18 00:14:24.432216,CUST-0104,Technology,West,295.88,5,0.0,35.91,2023-09,Monday,295.88,0.12136677031228875
ORD-1924,2023-04-18 17:29:33.886943,CUST-0092,Office Supplies,West,128.01,11,0.1,5.34,2023-04,Tuesday,115.20899999999999,0.04635054553029712
ORD-1925,2024-01-15 18:57:26.923461,CUST-0186,Technology,West,173.16,8,0.0,52.26,2024-01,Monday,173.16,0.3018018018018018
ORD-1926,2024-08-30 15:55:55.077538,CUST-0283,Technology,North,565.41,6,0.1,125.44,2024-08,Friday,508.86899999999997,0.24650745083705236
ORD-1927,2024-03-28 19:50:02.101050,CUST-0181,Furniture,East,280.49,3,0.0,-32.9,2024-03,Thursday,280.49,-0.11729473421512353
ORD-1928,2023-01-22 21:51:46.553276,CUST-0170,Furniture,South,623.44125,6,0.1,55.17,2023-01,Sunday,561.097125,0.09832522310642743
ORD-1929,2023-12-09 12:59:25.782891,CUST-0187,Office Supplies,South,240.08,7,0.0,119.79,2023-12,Saturday,240.08,0.49895868043985336
ORD-1930,2024-08-21 12:49:20.680340,CUST-0175,Office Supplies,West,40.19,6,0.0,-18.89,2024-08,Wednesday,40.19,-0.47001741726797713
ORD-1931,2023-01-15 23:20:22.811405,CUST-0222,Furniture,West,142.83,10,0.1,85.32,2023-01,Sunday,128.54700000000003,0.6637261079605123
ORD-1932,2023-01-09 18:20:42.621310,CUST-0233,Furniture,West,130.49,6,0.0,85.39,2023-01,Monday,130.49,0.6543796459498812
ORD-1933,2024-01-23 19:46:25.992996,CUST-0162,Office Supplies,West,359.22,1,0.0,-47.66,2024-01,Tuesday,359.22,-0.13267635432325592
ORD-1934,2024-10-28 19:45:42.771385,CUST-0134,Furniture,North,333.21,3,0.3,96.63,2024-10,Monday,233.24699999999996,0.4142818557151861
ORD-1935,2023-02-17 11:22:10.865432,CUST-0224,Furniture,West,181.87,7,0.3,-5.65,2023-02,Friday,127.309,-0.04438020878335389
ORD-1936,2024-07-09 10:37:31.125562,CUST-0153,Office Supplies,North,197.62,4,0.0,51.53,2024-07,Tuesday,197.62,0.2607529602266977
ORD-1937,2024-04-02 05:00:23.411705,CUST-0033,Furniture,West,85.57,12,0.3,91.45,2024-04,Tuesday,59.898999999999994,1.526736673400224
ORD-1938,2023-02-09 01:47:20.020010,CUST-0055,Office Supplies,West,356.26,4,0.1,102.0,2023-02,Thursday,320.634,0.31811972529426075
ORD-1939,2023-03-04 10:42:33.676838,CUST-0007,Office Supplies,East,133.45,7,0.0,-62.15,2023-03,Saturday,133.45,-0.4657174971899588
ORD-1940,2024-06-16 10:28:09.244622,CUST-0244,Office Supplies,East,42.1,9,0.0,137.32,2024-06,Sunday,42.1,3.2617577197149643
ORD-1941,2024-07-02 03:20:15.607803,CUST-0126,Furniture,East,97.41,14,0.3,115.08,2024-07,Tuesday,68.187,1.687711733908223
ORD-1942,2023-02-06 21:12:09.364682,CUST-0012,Office Supplies,West,135.45,11,0.0,93.12,2023-02,Monday,135.45,0.6874861572535992
ORD-1943,2023-11-12 21:11:26.143071,CUST-0016,Office Supplies,South,209.24,13,0.0,51.69,2023-11,Sunday,209.24,0.2470368954310839
ORD-1944,2023-07-10 23:46:18.789394,CUST-0208,Office Supplies,South,623.44125,13,0.0,3.86,2023-07,Monday,623.44125,0.006191441454988742
ORD-1945,2023-04-11 01:26:26.593296,CUST-0043,Furniture,East,289.18,2,0.1,-34.99,2023-04,Tuesday,260.262,-0.13444144746447811
ORD-1946,2024-08-20 10:31:45.352676,CUST-0135,Furniture,East,32.39,9,0.1,-67.43,2024-08,Tuesday,29.151,-2.313128194573085
ORD-1947,2024-01-25 15:35:44.872436,CUST-0228,Furniture,East,396.7,3,0.0,68.67,2024-01,Thursday,396.7,0.17310310057978323
ORD-1948,2024-12-23 07:56:52.706353,CUST-0111,Technology,West,221.15,6,0.3,93.09,2024-12,Monday,154.805,0.6013371661122057
ORD-1949,2023-10-25 23:44:09.124562,CUST-0160,Furniture,West,192.04,4,0.1,24.92,2023-10,Wednesday,172.83599999999998,0.14418292485361847
ORD-1950,2023-12-16 02:44:57.748874,CUST-0264,Office Supplies,West,266.69,1,0.1,2.34,2023-12,Saturday,240.02100000000002,0.009749146949641905
ORD-1951,2024-01-15 18:57:26.923461,CUST-0225,Furniture,East,212.52,9,0.1,34.19,2024-01,Monday,191.268,0.17875441788485266
ORD-1952,2023-05-01 03:28:54.267133,CUST-0217,Technology,East,24.99,11,0.1,-8.42,2023-05,Monday,22.491,-0.37437197101062647
ORD-1953,2024-08-04 08:53:47.213606,CUST-0045,Technology,East,402.09,6,0.0,31.3,2024-08,Sunday,402.09,0.07784326891989356
ORD-1954,2024-11-05 03:02:58.289144,CUST-0214,Technology,East,195.52,8,0.0,-11.87,2024-11,Tuesday,195.52,-0.06070990180032732
ORD-1955,2024-07-09 01:51:39.349674,CUST-0059,Office Supplies,North,301.74,2,0.0,66.72,2024-07,Tuesday,301.74,0.22111751839331875
ORD-1956,2024-11-02 04:56:04.082041,CUST-0132,Furniture,East,116.41,7,0.0,104.63,2024-11,Saturday,116.41,0.8988059445064857
ORD-1957,2023-01-05 00:24:29.534767,CUST-0104,Office Supplies,West,76.67,6,0.3,60.51,2023-01,Thursday,53.669,1.1274665076673684
ORD-1958,2024-05-04 17:02:11.465732,CUST-0195,Furniture,North,564.02,2,0.0,25.17,2024-05,Saturday,564.02,0.044626077089464915
ORD-1959,2024-08-12 18:28:38.059029,CUST-0157,Office Supplies,South,233.12,2,0.3,89.35,2024-08,Monday,163.184,0.5475414256299637
ORD-1960,2023-03-20 12:20:31.815907,CUST-0098,Office Supplies,South,298.77,4,0.3,31.13,2023-03,Monday,209.13899999999998,0.14884837356973116
ORD-1961,2023-05-04 10:21:40.250125,CUST-0226,Office Supplies,North,146.19,4,0.1,87.44,2023-05,Thursday,131.571,0.6645841408821093
ORD-1962,2024-10-18 23:07:24.822411,CUST-0205,Furniture,East,202.91,3,0.0,-8.17,2024-10,Friday,202.91,-0.040264156522596226
ORD-1963,2023-08-30 00:29:32.086043,CUST-0079,Furniture,North,103.24,8,0.0,-0.4,2023-08,Wednesday,103.24,-0.003874467260751647
ORD-1964,2024-02-08 03:52:40.580290,CUST-0124,Office Supplies,South,319.0,14,0.2,-29.33,2024-02,Thursday,255.20000000000002,-0.11492946708463948
ORD-1965,2024-10-01 01:40:07.803901,CUST-0218,Office Supplies,East,254.26,7,0.2,2.07,2024-10,Tuesday,203.40800000000002,0.010176590891213717
ORD-1966,2024-07-04 16:41:18.039019,CUST-0004,Office Supplies,North,222.8,2,0.0,88.88,2024-07,Thursday,222.8,0.3989228007181328
ORD-1967,2023-05-17 05:06:52.406203,CUST-0090,Furniture,South,126.26,3,0.1,-22.3,2023-05,Wednesday,113.634,-0.19624408187690304
ORD-1968,2023-12-23 01:16:21.490745,CUST-0104,Technology,West,240.88,10,0.1,-108.27,2023-12,Saturday,216.792,-0.4994187977416141
ORD-1969,2023-09-16 21:56:49.104552,CUST-0119,Technology,East,175.09,9,0.2,5.13,2023-09,Saturday,140.072,0.036624021931578044
ORD-1970,2024-03-22 14:50:21.910955,CUST-0133,Furniture,East,138.96,13,0.0,-40.42,2024-03,Friday,138.96,-0.2908750719631549
ORD-1971,2024-07-23 16:26:10.385192,CUST-0096,Technology,West,315.51,5,0.3,-0.26,2024-07,Tuesday,220.85699999999997,-0.0011772323267996941
ORD-1972,2023-06-19 19:26:15.787893,CUST-0143,Furniture,East,100.94,2,0.0,156.41,2023-06,Monday,100.94,1.5495343768575391
ORD-1973,2024-02-11 01:59:34.787393,CUST-0288,Technology,North,36.3,3,0.1,-23.34,2024-02,Sunday,32.67,-0.714416896235078
ORD-1974,2024-04-16 10:49:02.671335,CUST-0028,Office Supplies,North,56.0,8,0.3,68.01,2024-04,Tuesday,39.199999999999996,1.7349489795918371
ORD-1975,2024-09-04 18:37:59.939969,CUST-0278,Furniture,East,372.72,4,0.1,25.19,2024-09,Wednesday,335.44800000000004,0.07509360616250506
ORD-1976,2024-08-05 02:25:30.765382,CUST-0233,Furniture,South,197.43,14,0.0,52.35,2024-08,Monday,197.43,0.2651572709314694
ORD-1977,2024-12-11 06:43:24.102051,CUST-0017,Technology,West,251.26,2,0.0,-0.56,2024-12,Wednesday,251.26,-0.0022287670142481894
ORD-1978,2023-06-28 05:01:06.633316,CUST-0059,Technology,East,155.83,2,0.2,99.68,2023-06,Wednesday,124.66400000000002,0.7995892960277224
ORD-1979,2024-11-24 20:19:34.187093,CUST-0090,Furniture,North,178.81,6,0.0,55.61,2024-11,Sunday,178.81,0.31100050332755436
ORD-1980,2024-07-24 01:12:02.161080,CUST-0199,Technology,South,367.86,8,0.0,57.28,2024-07,Wednesday,367.86,0.15571141195019844
ORD-1981,2023-01-17 19:09:41.690845,CUST-0026,Technology,North,456.75,7,0.2,35.93,2023-01,Tuesday,365.40000000000003,0.09833059660645867
ORD-1982,2024-04-23 18:06:18.189094,CUST-0025,Furniture,South,289.55,4,0.0,105.36,2024-04,Tuesday,289.55,0.36387497841478156
ORD-1983,2023-10-11 17:55:29.864932,CUST-0267,Furniture,North,265.53,2,0.0,63.61,2023-10,Wednesday,265.53,0.23955861861183297
ORD-1984,2024-01-15 10:11:35.147573,CUST-0181,Technology,South,82.32,9,0.0,52.25,2024-01,Monday,82.32,0.6347181729834792
ORD-1985,2023-09-17 06:42:40.880440,CUST-0068,Office Supplies,West,265.32,4,0.0,69.16,2023-09,Sunday,265.32,0.26066636514397706
ORD-1986,2023-05-27 01:45:10.355177,CUST-0049,Technology,North,126.99,9,0.0,-75.6,2023-05,Saturday,126.99,-0.5953224663359319
ORD-1987,2024-12-10 04:25:48.774387,CUST-0175,Furniture,Unknown,339.28,5,0.0,41.27,2024-12,Tuesday,339.28,0.12163994340957324
ORD-1988,2024-10-25 12:52:56.788394,CUST-0052,Office Supplies,North,206.03,14,0.1,26.16,2024-10,Friday,185.427,0.14107977802585384
ORD-1989,2023-12-24 21:05:40.370185,CUST-0102,Technology,East,18.12,12,0.0,100.12,2023-12,Sunday,18.12,5.525386313465783
ORD-1990,2024-02-09 23:41:59.459729,CUST-0216,Technology,West,195.52,12,0.2,-12.06,2024-02,Friday,156.41600000000003,-0.07710208674304418
ORD-1991,2023-04-01 22:19:52.196098,CUST-0188,Furniture,North,300.85,11,0.0,42.07,2023-04,Saturday,300.85,0.13983712813694532
ORD-1992,2023-05-23 10:06:32.596298,CUST-0057,Furniture,East,623.44125,11,0.1,145.43,2023-05,Tuesday,561.097125,0.2591886386871079
ORD-1993,2024-10-21 03:42:35.477738,CUST-0047,Technology,South,213.13,14,0.2,28.46,2024-10,Monday,170.50400000000002,0.16691690517524513
ORD-1994,2023-05-02 23:18:13.146573,CUST-0159,Technology,East,176.33,7,0.2,-49.82,2023-05,Tuesday,141.06400000000002,-0.35317302784551685
ORD-1995,2023-08-18 08:01:55.257628,CUST-0174,Furniture,East,82.8,12,0.0,160.44,2023-08,Friday,82.8,1.9376811594202898
ORD-1997,2023-02-19 15:57:21.520760,CUST-0282,Furniture,West,305.84,2,0.0,-32.39,2023-02,Sunday,305.84,-0.10590504839131573
ORD-1998,2023-11-19 02:11:06.333166,CUST-0241,Furniture,East,252.61,6,0.0,-30.02,2023-11,Sunday,252.61,-0.1188393175250386
ORD-1468,2024-12-20 09:49:58.499249,CUST-0017,Technology,West,222.68,4,0.2,28.73,2024-12,Friday,178.144,0.16127402550745465
ORD-1149,2023-02-10 04:04:55.347673,CUST-0143,Office Supplies,South,203.67,14,0.1,-18.28,2023-02,Friday,183.303,-0.09972559096141362
ORD-231,2024-05-12 17:51:10.535267,CUST-0280,Technology,South,341.28,5,0.2,124.75,2024-05,Sunday,273.024,0.45691953820909514
ORD-573,2023-06-11 18:37:16.718359,CUST-0298,Office Supplies,North,59.79,7,0.0,87.03,2023-06,Sunday,59.79,1.4555945810336177
