Order_ID,Order_Date,Customer_ID,Category,Region,Sales,Quantity,Discount,Profit
ORD-0,2024-02-16 04:41:39.649824,CUST-0215,Office Supplies,North,115.23,10,0.0,84.17
ORD-1,2024-06-16 19:14:01.020510,CUST-0082,Furniture,West,224.49,7,0.1,1.97
ORD-2,2023-11-11 01:22:07.263631,CUST-0223,Furniture,South,378.47,10,0.0,89.83
ORD-3,2024-04-17 13:06:37.998999,,Office Supplies,South,989.9,2,0.0,9.72
ORD-4,2024-02-17 15:45:06.753376,CUST-0273,Office Supplies,West,215.62,4,0.1,-2.0
ORD-5,2024-02-04 20:59:54.597298,CUST-0014,Technology,South,28.73,11,0.0,4.18
ORD-6,2024-09-21 13:47:41.630815,CUST-0159,Office Supplies,East,462.75,6,0.0,-28.33
ORD-7,2024-01-17 06:00:54.027013,CUST-0152,TECH,West,272.6,3,0.0,-58.82
ORD-8,2024-08-21 04:03:28.904452,CUST-0108,TECH,South,351.25,3,0.0,-119.94
ORD-9,2023-02-14 04:29:24.882441,CUST-0188,Technology,West,35.35,6,,-33.28
ORD-10,2023-06-20 04:12:07.563781,CUST-0098,TECH,South,757.11,1,0.2,187.84
ORD-11,2024-03-28 02:18:18.549274,CUST-0131,Technology,East,434.87,14,0.0,58.7
ORD-12,2023-05-01 12:14:46.043021,CUST-0293,Office Supplies,East,231.59,1,0.3,141.85
ORD-13,2024-06-25 04:48:51.865932,CUST-0171,Furniture,South,421.46,5,0.1,10.91
ORD-14,2023-02-01 18:30:04.502251,CUST-0183,Office Supplies,East,72.96,1,0.3,1.9
ORD-15,2024-05-24 19:04:39.139569,CUST-0039,Office Supplies,,148.0,10,0.0,132.99
ORD-16,2024-02-15 02:24:04.322161,CUST-0015,furniture,South,153.38,8,0.1,52.55
ORD-17,2023-11-15 01:46:36.798399,CUST-0004,Office Supplies,East,49.36,2,0.3,-27.32
ORD-18,2024-09-08 01:30:45.922961,CUST-0210,furniture,West,496.08,6,0.0,67.98
ORD-19,2023-02-17 11:22:10.865432,CUST-0161,Technology,East,241.66,10,,105.05
ORD-20,2024-09-07 07:59:02.371185,CUST-0016,Furniture,West,465.86,10,0.3,-55.67
ORD-21,2024-05-01 10:09:25.482741,CUST-0108,TECH,East,225.26,5,,57.88
ORD-22,2023-10-08 19:48:35.657828,CUST-0227,Office Supplies,East,141.85,10,0.0,-51.7
ORD-23,2023-05-06 06:10:59.129564,CUST-0170,Office Supplies,West,208.37,12,0.0,101.81
ORD-24,2024-07-07 06:02:20.470235,CUST-0034,Technology,West,113.19,12,0.0,43.84
ORD-25,2024-06-08 18:25:01.950975,CUST-0251,Furniture,,295.11,4,,67.78
ORD-26,2023-10-21 23:19:39.589794,CUST-0247,Technology,South,298.45,1,0.0,16.95
ORD-27,2023-05-21 14:17:13.716858,CUST-0269,Office Supplies,North,97.32,14,0.1,-76.9
ORD-28,2024-03-19 16:43:27.703851,CUST-0141,Office Supplies,West,344.6,14,0.1,3.51
ORD-29,2023-12-15 17:59:05.972986,CUST-0274,TECH,South,342.83,3,0.0,85.79
ORD-30,2023-04-11 18:58:10.145072,CUST-0096,Office Supplies,West,137.63,13,0.0,149.62
ORD-31,2024-03-08 09:01:42.651325,CUST-0227,Furniture,North,173.16,12,0.1,46.94
ORD-32,2023-06-17 14:51:05.132566,CUST-0039,Office Supplies,,303.63,4,0.3,-11.18
ORD-33,2024-05-03 05:58:44.362181,CUST-0029,TECH,West,64.53,2,0.0,62.14
ORD-34,2023-01-08 16:03:07.293646,CUST-0245,Furniture,North,393.97,12,0.3,80.39
ORD-35,2023-04-03 00:37:27.523761,CUST-0236,Furniture,South,389.83,2,0.2,37.97
ORD-36,2023-09-30 18:59:36.588294,CUST-0185,Furniture,South,365.59,2,0.1,34.27
ORD-37,2023-11-09 14:18:40.160080,CUST-0272,Furniture,North,132.57,11,0.1,42.82
ORD-38,2024-08-01 10:46:53.006503,CUST-0236,furniture,West,369.76,1,0.0,32.61
ORD-39,2023-06-23 02:19:01.770885,CUST-0239,Technology,West,168.58,10,0.1,47.87
ORD-40,2024-01-31 03:03:41.510755,CUST-0266,Office Supplies,East,428.12,2,0.2,139.65
ORD-41,2023-07-06 05:50:05.702851,CUST-0065,Technology,North,91.96,6,0.0,-92.0
ORD-42,2024-09-14 15:16:17.888944,CUST-0177,Office Supplies,East,237.88,3,0.1,15.69
ORD-43,2024-07-01 09:48:32.056028,CUST-0003,TECH,South,60.08,10,0.0,-25.94
ORD-44,2023-09-13 06:18:11.345672,CUST-0142,TECH,East,120.06,5,0.2,100.85
ORD-45,2023-12-23 01:16:21.490745,CUST-0158,Office Supplies,East,109.55,1,0.1,21.55
ORD-46,2024-10-21 12:28:27.253626,CUST-0146,furniture,West,117.87,8,0.1,63.58
ORD-47,2023-03-11 00:28:05.642821,CUST-0293,Technology,North,96.55,13,0.0,115.64
ORD-48,2023-12-16 11:30:49.524762,CUST-0153,Office Supplies,East,136.29,4,,-34.86
ORD-49,2023-09-08 12:21:58.259129,CUST-0193,Furniture,West,93.84,9,0.0,-1.65
ORD-50,2023-12-16 11:30:49.524762,CUST-0073,Office Supplies,West,456.97,4,0.1,109.44
ORD-51,2023-07-25 05:34:58.049024,CUST-0140,Technology,East,56.44,14,0.1,-37.26
ORD-52,2024-11-24 11:33:42.411205,CUST-0187,TECH,East,186.29,2,0.2,0.37
ORD-53,2024-08-03 15:22:03.661830,CUST-0293,Technology,South,210.52,3,0.0,-66.02
ORD-54,2024-04-07 16:28:20.050025,CUST-0061,furniture,West,100.35,5,0.2,111.8
ORD-55,2023-10-31 11:12:05.762881,CUST-0198,Technology,East,190.61,12,0.0,-4.87
ORD-56,2024-07-11 23:58:33.556778,CUST-0295,furniture,South,457.22,10,0.1,51.07
ORD-57,2024-02-26 10:05:49.374687,CUST-0011,Technology,,465.45,13,0.2,70.56
ORD-58,2024-07-04 16:41:18.039019,CUST-0062,Office Supplies,North,186.92,13,0.2,-18.19
ORD-59,2024-11-03 15:59:31.185592,CUST-0226,Office Supplies,West,222.04,14,0.2,-84.24
ORD-60,2023-08-24 21:47:27.223611,CUST-0153,furniture,South,507.3,6,0.3,16.83
ORD-61,2023-01-08 07:17:15.517758,CUST-0199,Furniture,South,259.63,7,0.0,15.85
ORD-62,2023-11-03 18:04:51.745872,CUST-0052,furniture,North,393.48,4,,26.37
ORD-63,2023-03-02 14:53:14.797398,CUST-0260,Furniture,West,56.38,7,0.0,26.7
ORD-64,2024-04-18 15:24:13.326663,CUST-0059,Office Supplies,North,95.25,10,0.2,0.07
ORD-65,2023-05-22 07:48:57.268634,CUST-0072,furniture,North,63.17,3,0.1,-2.25
ORD-66,2023-08-08 02:37:45.532766,CUST-0148,Office Supplies,East,540.95,7,0.1,47.86
ORD-67,2023-04-26 00:46:49.404702,CUST-0063,Furniture,West,87.79,4,0.0,-19.43
ORD-68,2023-01-05 17:56:13.086543,CUST-0243,Office Supplies,South,211.41,13,0.1,24.28
ORD-69,2023-03-30 00:12:57.988994,CUST-0107,furniture,North,249.39,13,0.0,-3.78
ORD-70,2023-10-11 09:09:38.089044,CUST-0226,Furniture,West,160.15,8,0.0,47.74
ORD-71,2024-05-14 22:26:21.190595,CUST-0218,TECH,North,68.25,9,0.0,96.51
ORD-72,2023-07-25 23:06:41.600800,CUST-0241,Furniture,East,548.15,7,0.1,98.96
ORD-73,2023-11-24 13:39:02.971485,CUST-0259,TECH,West,265.55,8,0.0,107.36
ORD-74,2024-05-12 17:51:10.535267,CUST-0262,TECH,South,374.69,8,0.0,9.95
ORD-75,2023-02-03 05:33:31.605802,CUST-0005,Office Supplies,East,188.08,2,0.0,15.0
ORD-76,2024-05-22 14:29:28.484242,CUST-0261,Office Supplies,East,115.73,9,0.0,-46.14
ORD-77,2023-12-15 17:59:05.972986,CUST-0054,Office Supplies,South,497.39,6,0.3,9.45
ORD-78,2024-06-23 17:45:24.762381,CUST-0047,Technology,East,117.78,11,,11.59
ORD-79,2024-06-13 21:07:06.813406,CUST-0215,Furniture,East,175.97,4,0.0,-7.03
ORD-80,2023-07-05 12:18:22.151075,CUST-0177,Furniture,South,201.91,5,0.1,-7.31
ORD-81,2023-10-11 00:23:46.313156,CUST-0009,Furniture,North,113.39,10,0.2,-71.86
ORD-82,2024-12-18 22:46:31.395697,CUST-0099,Office Supplies,North,341.15,5,0.1,-50.51
ORD-83,2023-01-13 09:59:20.380190,CUST-0020,Office Supplies,South,398.23,7,0.2,32.67
ORD-84,2023-03-16 20:41:54.057028,CUST-0241,Technology,East,187.54,14,0.0,34.92
ORD-85,2024-02-08 03:52:40.580290,CUST-0061,TECH,North,92.32,9,0.1,58.98
ORD-86,2024-12-14 22:22:01.860930,CUST-0178,Office Supplies,West,48.4,7,0.0,14.47
ORD-87,2024-08-01 19:32:44.782391,CUST-0062,Office Supplies,South,168.17,9,0.0,30.7
ORD-88,2024-11-23 00:30:15.307653,CUST-0145,Office Supplies,West,406.0,4,0.1,105.03
ORD-89,2024-05-30 06:32:35.777888,CUST-0216,furniture,North,160.84,10,0.1,26.83
ORD-90,2024-01-10 07:29:30.285142,CUST-0003,TECH,West,425.95,14,0.0,-7.92
ORD-91,2024-01-08 20:26:03.181590,CUST-0160,furniture,West,651.2,10,0.1,-41.46
ORD-92,2024-05-31 00:04:19.329664,CUST-0227,TECH,North,400.57,4,0.2,77.85
ORD-93,2023-07-26 07:52:33.376688,CUST-0269,Furniture,North,143.95,6,0.3,-72.2
ORD-94,2024-02-17 06:59:14.977488,CUST-0120,furniture,North,73.0,8,0.1,-20.31
ORD-95,2024-10-17 12:03:57.718859,CUST-0089,Technology,West,216.54,14,0.1,55.11
ORD-96,2024-11-04 18:17:06.513256,CUST-0068,Furniture,West,719.18,9,0.1,-84.39
ORD-97,2024-07-01 18:34:23.831915,CUST-0098,TECH,North,154.77,1,0.0,-6.86
ORD-98,2023-09-14 08:35:46.673336,CUST-0267,Furniture,South,22.03,1,0.0,37.75
ORD-99,2023-05-27 10:31:02.131065,CUST-0105,Technology,North,131.44,13,0.0,7.0
ORD-100,2023-09-24 05:14:04.622311,CUST-0123,Furniture,South,443.29,8,0.1,-28.96
ORD-101,2024-07-30 14:57:34.127063,CUST-0029,Office Supplies,South,484.48,11,0.1,-5.61
ORD-102,2023-02-28 19:03:55.917958,CUST-0137,Technology,North,78.58,7,,79.02
ORD-103,2023-03-15 09:38:26.953476,,Office Supplies,North,77.31,9,0.2,139.88
ORD-104,2024-12-24 10:14:28.034017,CUST-0226,Office Supplies,South,334.43,11,0.0,38.37
ORD-105,2023-12-30 08:33:37.008504,CUST-0170,Office Supplies,North,67.01,3,0.0,-89.3
ORD-106,2023-04-09 05:37:07.713856,CUST-0009,furniture,South,88.42,10,0.0,64.09
ORD-107,2024-11-19 17:37:29.324662,CUST-0040,Furniture,North,550.25,12,0.2,6.22
ORD-108,2023-10-25 14:58:17.348674,CUST-0025,Office Supplies,North,250.03,5,0.2,-35.73
ORD-109,2024-04-17 13:06:37.998999,CUST-0261,TECH,East,112.24,3,,-18.02
ORD-110,2023-06-16 03:47:38.029014,CUST-0226,furniture,West,261.91,5,0.1,-15.47
ORD-111,2024-06-26 07:06:27.193596,CUST-0124,Office Supplies,South,70.42,10,0.3,-54.65
ORD-112,2024-10-01 01:40:07.803901,CUST-0038,Technology,North,340.2,1,0.1,26.22
ORD-113,2024-04-10 14:35:14.257128,CUST-0251,furniture,North,95.13,14,0.3,139.69
ORD-114,2024-01-07 00:36:44.302151,CUST-0176,furniture,South,100.87,11,0.2,-35.95
ORD-115,2024-09-21 22:33:33.406703,CUST-0090,Office Supplies,North,568.4,4,0.1,137.84
ORD-116,2023-04-18 17:29:33.886943,CUST-0037,Furniture,West,341.95,6,0.1,42.49
ORD-117,2024-09-30 08:08:24.252126,CUST-0176,Office Supplies,North,55.95,2,0.2,24.43
ORD-118,2023-09-20 13:35:26.863431,CUST-0284,Office Supplies,North,308.26,13,0.1,10.68
ORD-119,2024-10-09 02:29:06.873436,CUST-0081,Office Supplies,East,43.27,7,0.0,-18.37
ORD-120,2023-05-04 01:35:48.474237,CUST-0114,Furniture,West,405.84,8,0.0,47.51
ORD-121,2023-11-17 15:07:39.229614,CUST-0040,Technology,West,325.01,1,0.1,61.32
ORD-122,2024-01-28 22:28:30.855427,CUST-0224,Office Supplies,West,464.66,13,0.1,-115.51
ORD-123,2023-10-16 20:37:34.727363,CUST-0115,Office Supplies,West,170.59,4,0.0,182.58
ORD-124,2024-12-11 06:43:24.102051,CUST-0186,furniture,West,159.81,11,0.0,-78.66
ORD-125,2023-03-20 21:06:23.591795,CUST-0056,Office Supplies,East,33.43,4,0.0,-1.34
ORD-126,2023-10-06 15:13:25.002501,CUST-0040,Furniture,West,18.56,13,0.1,-123.5
ORD-127,2023-03-10 06:56:22.091045,CUST-0040,furniture,East,458.61,5,0.0,13.93
ORD-128,2023-05-19 09:42:03.061530,CUST-0237,Furniture,North,131.83,14,0.0,2.31
ORD-129,2023-06-29 16:04:33.736868,CUST-0289,Technology,South,34.68,12,0.0,-0.7
ORD-130,2024-01-24 13:18:09.544772,CUST-0262,Technology,North,73.72,12,0.0,48.26
ORD-131,2024-03-06 21:58:15.547773,CUST-0216,Office Supplies,West,41.04,4,0.3,15.37
ORD-132,2023-01-06 02:42:04.862431,CUST-0147,furniture,East,153.98,9,0.0,62.31
ORD-133,2024-11-01 11:24:20.530265,CUST-0168,Office Supplies,East,202.25,7,0.2,-44.24
ORD-134,2023-01-24 08:55:13.656828,CUST-0092,Office Supplies,North,317.32,13,0.1,34.64
ORD-135,2024-11-17 13:02:18.669334,CUST-0059,Furniture,East,122.13,2,,-7.9
ORD-136,2024-11-10 23:16:46.703351,CUST-0059,Office Supplies,North,231.66,1,0.0,7.78
ORD-137,2023-07-09 21:28:43.461730,CUST-0169,TECH,East,404.25,9,0.0,46.22
ORD-138,2024-05-14 04:54:37.638819,CUST-0269,Office Supplies,South,82.04,1,0.0,-0.26
ORD-139,2024-02-25 16:34:05.822911,CUST-0045,Office Supplies,West,12.84,6,0.0,23.69
ORD-140,2023-08-25 06:33:18.999499,CUST-0181,Office Supplies,East,322.96,2,0.2,-39.25
ORD-141,2024-06-29 22:45:04.952476,CUST-0170,Office Supplies,South,892.33,4,0.0,95.73
ORD-142,2024-02-01 14:07:08.614307,CUST-0191,Furniture,West,198.86,6,0.0,73.71
ORD-143,2024-02-29 08:12:43.581790,CUST-0155,Office Supplies,East,232.94,5,0.3,36.0
ORD-144,2024-07-09 19:23:22.901450,CUST-0188,Technology,North,188.19,11,0.1,15.44
ORD-145,2023-08-05 04:30:51.325662,CUST-0007,Furniture,North,172.47,6,0.0,23.74
ORD-146,2023-05-23 18:52:24.372186,CUST-0133,Furniture,North,59.69,3,0.0,94.44
ORD-147,2024-09-12 01:55:15.457728,CUST-0235,Furniture,East,370.19,5,0.0,69.46
ORD-148,2023-06-02 15:30:42.321160,CUST-0045,Office Supplies,West,121.64,2,,95.45
ORD-149,2023-04-16 04:08:31.455727,CUST-0249,furniture,West,83.75,7,0.3,9.49
ORD-150,2023-05-19 00:56:11.285642,CUST-0031,Furniture,East,286.75,3,0.3,59.0
ORD-151,2024-10-17 20:49:49.494747,CUST-0023,Furniture,South,204.61,1,,101.32
ORD-152,2024-07-06 12:30:36.918459,CUST-0160,Office Supplies,North,252.8,14,0.1,-25.57
ORD-153,2023-03-25 23:48:28.454227,CUST-0158,Technology,West,114.25,8,0.0,-29.34
ORD-154,2024-01-07 09:22:36.078039,CUST-0039,Technology,North,73.05,8,0.1,46.51
ORD-155,2023-01-15 14:34:31.035517,CUST-0082,Office Supplies,East,65.33,3,0.2,-44.1
ORD-156,2024-01-19 19:21:56.458229,CUST-0258,Technology,South,244.82,13,0.3,-78.95
ORD-157,2023-02-18 22:25:37.968984,CUST-0206,Technology,East,146.37,7,0.1,100.48
ORD-158,2023-03-15 00:52:35.177588,CUST-0077,furniture,East,101.35,9,0.1,110.93
ORD-159,2024-11-11 08:02:38.479239,CUST-0012,furniture,West,225.46,8,,-40.8
ORD-160,2023-10-12 11:27:13.416708,CUST-0295,Office Supplies,North,59.03,3,0.0,-55.92
ORD-161,2023-12-06 06:06:39.799899,CUST-0224,Office Supplies,North,187.25,13,0.3,-9.19
ORD-162,2024-01-21 15:11:15.337668,CUST-0013,Furniture,East,477.33,2,0.0,105.17
ORD-163,2024-01-27 02:39:11.975987,CUST-0046,Office Supplies,West,932.62,13,0.1,5.36
ORD-164,2023-07-03 07:43:11.495747,CUST-0155,TECH,West,323.09,10,0.0,35.68
ORD-165,2023-05-29 06:20:21.010505,CUST-0113,Office Supplies,East,443.84,7,0.1,49.5
ORD-166,2024-08-06 04:43:06.093046,CUST-0233,Furniture,South,220.93,7,0.1,40.43
ORD-167,2024-10-01 10:25:59.579789,CUST-0017,Technology,East,134.71,9,0.0,119.64
ORD-168,2023-10-21 14:33:47.813906,CUST-0223,Office Supplies,West,98.11,5,0.3,-13.19
ORD-169,2023-02-05 18:54:34.037018,CUST-0188,Furniture,North,201.7,4,0.2,23.87
ORD-170,2023-09-07 10:04:22.931465,CUST-0163,Office Supplies,East,100.16,8,0.2,43.95
ORD-171,2024-11-23 00:30:15.307653,CUST-0074,Office Supplies,North,86.22,14,0.0,27.06
ORD-172,2023-09-22 18:10:37.518759,CUST-0233,Technology,South,22.27,4,0.3,-43.15
ORD-173,2024-07-27 08:04:48.144072,CUST-0224,Furniture,East,214.98,4,0.0,-58.35
ORD-174,2023-12-17 13:48:24.852426,CUST-0060,Office Supplies,South,165.49,12,0.0,-59.61
ORD-175,2024-10-05 10:50:29.114557,CUST-0222,Office Supplies,North,220.93,14,0.0,73.58
ORD-176,2023-08-12 11:48:06.843421,CUST-0037,Office Supplies,West,714.85,12,0.1,-19.22
ORD-177,2024-12-18 22:46:31.395697,CUST-0278,Technology,West,70.69,2,0.3,58.16
ORD-178,2024-06-26 07:06:27.193596,CUST-0196,Office Supplies,West,98.31,13,0.0,35.2
ORD-179,2023-08-23 10:44:00.120060,CUST-0242,Office Supplies,North,382.29,1,0.0,-28.49
ORD-180,2024-10-16 09:46:22.391195,CUST-0219,TECH,South,421.89,4,0.3,-26.99
ORD-181,2024-01-11 09:47:05.612806,CUST-0192,Technology,South,126.71,7,0.1,38.04
ORD-182,2024-03-29 04:35:53.876938,CUST-0017,Furniture,,216.55,12,0.2,34.66
ORD-183,2023-07-03 07:43:11.495747,CUST-0012,Office Supplies,South,252.85,9,0.0,59.52
ORD-184,2023-10-07 17:31:00.330165,CUST-0193,Technology,North,143.7,9,0.2,2.55
ORD-185,2023-05-25 23:27:35.027513,CUST-0022,Technology,West,100.2,12,0.0,-20.8
ORD-186,2023-11-14 17:00:45.022511,CUST-0120,Furniture,North,58.28,10,,36.59
ORD-187,2023-10-17 22:55:10.055027,CUST-0210,TECH,East,182.67,1,0.1,115.2
ORD-188,2023-05-24 03:38:16.148074,CUST-0270,Office Supplies,North,350.51,5,0.2,-82.6
ORD-189,2023-03-17 05:27:45.832916,CUST-0192,Furniture,West,8760.75,7,0.0,-17.94
ORD-190,2024-01-15 01:25:43.371685,CUST-0175,Furniture,East,94.48,13,0.0,65.43
ORD-191,2024-11-17 21:48:10.445222,CUST-0285,Furniture,East,106.17,7,0.0,42.99
ORD-192,2024-07-29 21:25:50.575287,CUST-0204,furniture,West,348.09,10,0.0,66.3
ORD-193,2023-11-22 09:03:52.316158,CUST-0164,Furniture,North,491.73,6,0.0,4.22
ORD-194,2024-06-25 22:20:35.417708,CUST-0251,Furniture,West,164.43,11,0.2,-66.71
ORD-195,2024-09-17 22:09:03.871935,CUST-0227,furniture,North,286.25,10,0.0,130.29
ORD-196,2024-08-06 13:28:57.868934,CUST-0007,Office Supplies,West,137.3,4,0.2,95.03
ORD-197,2023-11-12 03:39:42.591295,CUST-0029,Furniture,North,531.37,3,0.0,28.55
ORD-198,2023-09-28 23:10:17.708854,CUST-0033,Furniture,East,267.26,12,0.0,-20.5
ORD-199,2024-04-06 14:10:44.722361,CUST-0134,Furniture,East,286.76,13,0.2,0.57
ORD-200,2023-07-25 14:20:49.824912,CUST-0079,Furniture,North,276.65,9,0.2,43.75
ORD-201,2024-01-08 11:40:11.405702,CUST-0058,Technology,West,207.12,12,0.1,14.9
ORD-202,2023-02-04 16:36:58.709354,CUST-0026,Furniture,East,223.52,13,0.0,29.13
ORD-203,2024-12-03 05:54:25.032516,,Furniture,West,431.05,10,0.1,126.61
ORD-204,2024-10-03 15:01:10.235117,CUST-0285,Technology,East,103.74,4,0.1,85.42
ORD-205,2023-06-26 17:57:39.529764,CUST-0004,Technology,West,217.5,8,0.0,-40.25
ORD-206,2024-06-06 05:03:59.519759,CUST-0099,Office Supplies,West,158.57,13,0.1,34.62
ORD-207,2023-03-25 23:48:28.454227,CUST-0039,Office Supplies,North,361.73,1,0.1,-1.22
ORD-208,2023-10-01 03:45:28.364182,CUST-0271,Office Supplies,South,288.26,7,0.0,47.88
ORD-209,2024-09-04 18:37:59.939969,CUST-0285,Office Supplies,West,113.81,12,,26.2
ORD-210,2024-03-12 00:40:20.410205,CUST-0157,Office Supplies,South,210.1,6,0.2,208.06
ORD-211,2023-07-17 04:45:58.979489,CUST-0075,Office Supplies,West,156.16,13,0.0,55.76
ORD-212,2024-01-22 17:28:50.665332,CUST-0288,TECH,North,195.28,12,0.1,21.95
ORD-213,2023-07-11 08:32:10.565282,CUST-0130,Furniture,North,111.47,1,0.0,140.58
ORD-214,2024-03-08 00:15:50.875437,CUST-0175,Technology,North,117.17,4,0.3,42.33
ORD-215,2024-11-10 23:16:46.703351,CUST-0084,Furniture,West,56.61,12,0.1,-61.12
ORD-216,2024-09-20 20:15:58.079039,CUST-0022,Technology,West,114.19,14,0.0,22.53
ORD-217,2024-04-07 07:42:28.274137,CUST-0027,Technology,East,418.85,5,0.0,66.82
ORD-218,2024-02-09 23:41:59.459729,CUST-0195,furniture,East,440.78,11,0.0,59.07
ORD-219,2024-10-26 06:24:40.340170,CUST-0236,Furniture,West,97.42,8,0.1,90.31
ORD-220,2023-07-30 17:02:54.687343,CUST-0092,Office Supplies,West,26.31,4,0.2,39.22
ORD-221,2023-09-06 16:32:39.379689,CUST-0021,Office Supplies,West,99.06,3,0.0,34.99
ORD-222,2023-07-23 00:59:47.393696,CUST-0084,Technology,East,142.9,2,0.0,-54.15
ORD-223,2024-08-06 04:43:06.093046,CUST-0262,Office Supplies,North,223.36,4,0.0,121.71
ORD-224,2024-12-22 14:25:09.154577,CUST-0147,Office Supplies,South,477.48,11,0.0,11.66
ORD-225,2024-01-05 13:33:17.198599,CUST-0257,Office Supplies,South,217.58,10,0.0,-28.77
ORD-226,2023-08-24 13:01:35.447723,CUST-0058,Office Supplies,West,211.99,14,0.1,187.67
ORD-227,2023-10-18 07:41:01.830915,CUST-0015,Office Supplies,North,312.8,13,0.2,130.81
ORD-228,2024-01-19 19:21:56.458229,CUST-0162,Furniture,South,107.76,4,,3.14
ORD-229,2024-08-22 23:52:47.783891,CUST-0163,TECH,West,212.41,13,,-82.84
ORD-230,2024-07-30 14:57:34.127063,CUST-0281,Technology,West,248.78,10,0.1,-13.11
ORD-231,2024-05-12 17:51:10.535267,CUST-0280,TECH,South,,5,0.2,124.75
ORD-232,2024-10-26 23:56:23.891945,CUST-0012,Furniture,West,290.71,13,,40.6
ORD-233,2024-12-24 10:14:28.034017,CUST-0274,furniture,West,446.62,7,0.0,-50.97
ORD-234,2024-05-09 10:58:24.552276,CUST-0271,furniture,East,128.27,9,0.0,77.04
ORD-235,2024-08-30 07:10:03.301650,CUST-0208,Technology,East,234.62,2,0.0,17.41
ORD-236,2024-07-12 08:44:25.332666,CUST-0027,Technology,South,9.13,5,0.1,-8.92
ORD-237,2024-05-15 15:58:04.742371,CUST-0072,Office Supplies,North,131.0,11,0.2,-4.37
ORD-238,2024-06-30 07:30:56.728364,CUST-0060,furniture,West,104.25,10,0.0,108.38
ORD-239,2024-04-02 22:32:06.963481,CUST-0145,Office Supplies,East,366.69,9,0.1,62.8
ORD-240,2023-03-11 00:28:05.642821,CUST-0093,Furniture,North,212.35,12,0.1,-59.16
ORD-241,2024-03-31 17:56:56.308154,CUST-0008,Office Supplies,North,258.46,14,0.0,52.03
ORD-242,2024-05-29 04:15:00.450225,CUST-0079,TECH,East,148.88,13,0.0,36.46
ORD-243,2024-05-26 06:08:06.243121,CUST-0027,furniture,South,287.67,3,0.0,4.78
ORD-244,2024-04-21 22:16:59.309654,CUST-0174,TECH,East,302.93,1,0.0,7.94
ORD-245,2024-12-24 10:14:28.034017,CUST-0050,Technology,West,127.94,2,0.3,-21.9
ORD-246,2023-08-19 19:05:22.361180,CUST-0199,Furniture,North,153.07,14,0.3,-9.75
ORD-247,2023-08-17 23:16:03.481740,CUST-0181,Furniture,West,168.29,6,0.3,47.38
ORD-248,2023-12-21 22:58:46.163081,CUST-0024,Furniture,South,204.59,5,0.2,13.35
ORD-249,2024-10-07 15:25:39.769884,CUST-0046,Furniture,North,68.88,1,0.2,62.74
ORD-250,2024-04-13 03:56:16.688344,CUST-0015,Office Supplies,South,79.09,1,0.2,-17.1
ORD-251,2024-05-19 16:22:34.277138,CUST-0153,Furniture,East,169.44,11,0.2,72.45
ORD-252,2023-09-16 21:56:49.104552,CUST-0222,Office Supplies,East,422.48,4,0.2,108.87
ORD-253,2024-06-24 02:31:16.538269,CUST-0206,TECH,West,327.92,12,0.1,29.59
ORD-254,2024-06-07 16:07:26.623311,CUST-0273,Office Supplies,West,85.02,4,0.0,61.24
ORD-255,2023-08-25 15:19:10.775387,CUST-0236,furniture,North,293.93,6,0.2,63.58
ORD-256,2023-04-26 18:18:32.956478,CUST-0228,Technology,South,102.18,6,0.0,-0.13
ORD-257,2024-09-12 19:26:59.009504,CUST-0009,Furniture,North,90.8,10,0.1,63.8
ORD-258,2024-03-31 17:56:56.308154,CUST-0166,Office Supplies,South,312.85,14,0.1,-106.11
ORD-259,2024-11-03 15:59:31.185592,CUST-0214,Furniture,North,97.85,6,0.0,-129.99
ORD-260,2024-04-04 00:49:42.291145,CUST-0117,Office Supplies,West,84.0,1,,10.23
ORD-261,2023-09-07 10:04:22.931465,CUST-0072,Technology,East,205.66,10,0.0,68.01
ORD-262,2023-08-31 02:47:07.413706,CUST-0064,Furniture,North,114.65,9,0.0,24.9
ORD-263,2024-12-30 15:14:08.224112,,Furniture,East,,11,0.0,74.75
ORD-264,2024-11-06 14:06:25.392696,CUST-0209,Office Supplies,East,140.88,7,0.3,-42.1
ORD-265,2024-05-25 03:50:30.915457,CUST-0072,TECH,West,77.74,7,0.1,82.97
ORD-266,2024-09-10 23:37:40.130065,CUST-0277,Technology,South,203.12,11,0.1,127.73
ORD-267,2024-08-18 14:42:26.473236,CUST-0274,Technology,East,697.45,7,0.3,-11.78
ORD-268,2024-06-29 22:45:04.952476,CUST-0095,Furniture,South,,2,0.0,76.26
ORD-269,2024-04-03 16:03:50.515257,CUST-0166,Technology,South,461.69,2,0.0,31.37
ORD-270,2024-09-18 06:54:55.647823,CUST-0032,Technology,West,196.51,6,0.0,56.51
ORD-271,2024-02-19 20:20:17.408704,CUST-0011,Technology,East,189.16,7,0.2,127.61
ORD-272,2024-11-07 16:24:00.720360,CUST-0217,TECH,East,259.41,3,0.1,49.64
ORD-273,2024-07-09 01:51:39.349674,CUST-0289,Office Supplies,North,62.51,13,0.0,75.87
ORD-274,2023-06-11 01:05:33.166583,CUST-0102,TECH,North,161.99,4,0.0,-45.78
ORD-275,2023-07-25 14:20:49.824912,CUST-0267,TECH,South,236.26,14,0.0,74.02
ORD-276,2024-04-16 10:49:02.671335,CUST-0214,Furniture,North,381.53,12,0.1,126.6
ORD-277,2024-07-13 19:47:52.436218,CUST-0179,Office Supplies,East,47.97,3,0.0,-25.41
ORD-278,2024-10-30 06:49:09.874937,CUST-0088,TECH,East,958.58,7,0.0,10.62
ORD-279,2024-05-29 13:00:52.226113,CUST-0041,Furniture,North,222.18,7,0.0,71.17
ORD-280,2024-05-29 21:46:44.002001,CUST-0076,Office Supplies,East,127.92,4,0.2,56.87
ORD-281,2024-02-19 20:20:17.408704,CUST-0046,TECH,West,169.33,13,0.2,-51.58
ORD-282,2024-08-20 10:31:45.352676,CUST-0160,Office Supplies,West,240.82,7,0.1,39.89
ORD-283,2024-08-24 19:42:06.663331,CUST-0080,Furniture,East,15.81,5,0.2,10.04
ORD-284,2023-12-14 06:55:38.869434,CUST-0086,Office Supplies,East,,1,0.1,-28.12
ORD-285,2024-02-08 03:52:40.580290,CUST-0092,Furniture,West,340.48,10,,111.4
ORD-286,2023-09-12 21:32:19.569784,CUST-0148,Office Supplies,West,80.61,4,0.0,30.33
ORD-287,2023-02-10 21:36:38.899449,CUST-0161,Furniture,East,732.01,7,0.1,88.98
ORD-288,2023-01-01 08:45:51.775887,CUST-0202,Technology,North,228.89,13,0.1,-40.4
ORD-289,2023-08-23 01:58:08.344172,CUST-0242,Office Supplies,South,69.24,2,0.0,65.34
ORD-290,2023-03-21 23:23:58.919459,CUST-0002,Technology,East,83.74,2,0.2,93.7
ORD-291,2024-08-03 06:36:11.885942,CUST-0225,Technology,South,328.7,1,0.0,15.47
ORD-292,2023-11-08 20:46:56.608304,CUST-0289,Office Supplies,West,265.03,2,0.0,0.17
ORD-293,2024-10-04 08:32:53.786893,CUST-0233,Technology,West,259.79,10,0.0,-48.26
ORD-294,2024-03-31 17:56:56.308154,CUST-0077,Furniture,South,,14,0.0,-22.08
ORD-295,2023-05-21 05:31:21.940970,CUST-0116,Office Supplies,North,225.85,8,0.1,2.84
ORD-296,2024-06-04 18:00:32.416208,CUST-0154,Furniture,South,281.9,11,0.1,-28.55
ORD-297,2024-08-29 13:38:19.749874,CUST-0103,TECH,East,311.57,8,0.2,-16.08
ORD-298,2024-02-26 01:19:57.598799,CUST-0194,Furniture,East,219.27,8,0.2,39.49
ORD-299,2024-01-28 22:28:30.855427,CUST-0166,Office Supplies,South,185.84,1,0.0,46.67
ORD-300,2024-09-15 08:48:01.440720,CUST-0090,Technology,West,89.32,1,0.1,95.45
ORD-301,2023-09-24 05:14:04.622311,CUST-0174,Office Supplies,West,199.04,12,0.3,-15.71
ORD-302,2024-09-10 23:37:40.130065,CUST-0122,Furniture,North,188.35,10,0.0,31.39
ORD-303,2024-09-24 20:40:27.613806,CUST-0143,Office Supplies,South,232.07,4,0.1,4.94
ORD-304,2024-06-09 11:56:45.502751,CUST-0106,Technology,South,137.17,6,0.2,0.7
ORD-305,2023-03-31 20:02:16.868434,CUST-0123,Technology,West,217.59,8,0.1,11.03
ORD-306,2023-11-01 22:15:32.866433,CUST-0009,Office Supplies,South,214.76,13,0.0,18.23
ORD-307,2024-06-17 21:31:36.348174,CUST-0262,Office Supplies,East,216.3,2,0.0,45.02
ORD-308,2023-03-15 18:24:18.729364,CUST-0073,Office Supplies,East,83.04,13,0.1,10.18
ORD-309,2024-03-16 18:36:33.496748,CUST-0223,Technology,North,61.96,3,,103.64
ORD-310,2023-02-14 13:15:16.658329,CUST-0041,Office Supplies,East,594.43,6,0.0,-72.26
ORD-311,2023-05-27 01:45:10.355177,CUST-0204,Office Supplies,West,330.11,10,,93.24
ORD-312,2023-10-07 17:31:00.330165,,Furniture,North,167.9,4,0.0,7.89
ORD-313,2023-04-17 23:57:50.335167,CUST-0178,Furniture,West,203.07,12,0.0,18.67
ORD-314,2023-04-12 21:15:45.472736,CUST-0084,Furniture,East,145.14,2,0.1,29.42
ORD-315,2024-11-10 05:45:03.151575,CUST-0111,Furniture,West,234.55,7,0.1,72.34
ORD-316,2023-11-19 10:56:58.109054,CUST-0251,Office Supplies,West,228.43,4,0.0,-22.82
ORD-317,2024-08-19 08:14:10.025012,CUST-0007,Technology,West,234.61,8,0.0,-9.41
ORD-318,2023-03-13 22:34:59.849924,CUST-0084,Furniture,South,91.02,8,0.3,60.03
ORD-319,2023-12-25 05:51:32.146073,CUST-0208,TECH,North,292.71,7,,-71.89
ORD-320,2024-12-05 19:15:27.463731,CUST-0022,Furniture,West,213.88,10,0.0,27.95
ORD-321,2024-07-14 04:33:44.212106,CUST-0003,Technology,South,227.76,9,0.0,-17.86
ORD-322,2023-10-02 06:03:03.691845,CUST-0127,Technology,East,7.64,4,0.2,-30.49
ORD-323,2023-02-22 05:18:23.951975,CUST-0297,Office Supplies,East,,7,0.1,-68.31
ORD-324,2023-08-11 00:44:39.739869,CUST-0188,Furniture,South,325.72,10,0.0,76.34
ORD-325,2024-03-22 23:36:13.686843,CUST-0014,Technology,West,225.63,10,,39.53
ORD-326,2024-02-23 20:44:46.943471,CUST-0012,Office Supplies,,396.24,12,0.0,-10.34
ORD-327,2023-03-09 22:10:30.315157,CUST-0087,TECH,West,300.92,1,0.1,20.13
ORD-328,2024-05-07 15:09:05.672836,CUST-0012,Office Supplies,South,198.84,4,0.1,-35.57
ORD-329,2023-06-19 01:54:32.236118,CUST-0025,TECH,West,308.95,2,0.1,-2.17
ORD-330,2024-05-16 00:43:56.518259,CUST-0243,Furniture,West,22.99,9,0.0,18.1
ORD-331,2024-10-17 03:18:05.942971,CUST-0122,Technology,West,445.45,5,0.2,33.84
ORD-332,2023-08-29 15:43:40.310155,CUST-0147,Technology,North,86.89,3,,53.52
ORD-333,2023-10-06 15:13:25.002501,CUST-0055,Technology,North,85.3,4,0.1,-78.35
ORD-334,2023-12-15 09:13:14.197098,CUST-0238,Furniture,South,385.45,6,0.1,53.71
ORD-335,2024-12-14 22:22:01.860930,CUST-0173,Technology,East,105.58,10,0.0,-73.53
ORD-336,2023-05-27 19:16:53.906953,CUST-0221,Office Supplies,East,48.33,1,0.3,55.89
ORD-337,2024-05-14 22:26:21.190595,CUST-0119,Technology,West,128.13,7,,17.2
ORD-338,2024-12-26 06:03:46.913456,CUST-0183,Office Supplies,North,1.82,8,0.2,95.49
ORD-339,2024-07-14 04:33:44.212106,CUST-0288,furniture,South,265.52,7,0.1,-10.47
ORD-340,2023-02-23 07:35:59.279639,CUST-0300,Furniture,West,264.64,7,,76.85
ORD-341,2024-03-03 15:05:29.564782,CUST-0082,furniture,North,139.89,9,0.0,-40.04
ORD-342,2023-11-12 03:39:42.591295,CUST-0211,furniture,West,516.4,13,0.1,36.35
ORD-343,2024-09-25 05:26:19.389694,CUST-0150,furniture,North,41.75,4,0.1,-92.28
ORD-344,2024-11-04 00:45:22.961480,CUST-0037,Office Supplies,South,164.11,14,0.1,82.98
ORD-345,2023-06-28 05:01:06.633316,CUST-0059,Office Supplies,East,227.47,7,0.3,133.61
ORD-346,2023-12-05 21:20:48.024012,CUST-0131,TECH,West,88.47,9,0.2,-11.89
ORD-347,2024-12-16 09:25:28.964482,CUST-0202,Furniture,,36.91,5,0.0,37.36
ORD-348,2024-08-30 07:10:03.301650,CUST-0243,Office Supplies,South,234.19,2,0.0,56.63
ORD-349,2023-07-20 20:24:36.738369,CUST-0035,Technology,North,270.24,5,0.0,-63.02
ORD-350,2023-05-04 01:35:48.474237,CUST-0093,Technology,West,47.06,4,0.1,-14.95
ORD-351,2023-11-15 01:46:36.798399,CUST-0207,Furniture,West,49.16,8,0.0,-18.66
ORD-352,2023-08-22 17:12:16.568284,CUST-0213,Technology,West,,5,0.0,174.42
ORD-353,2024-10-20 01:25:00.150075,CUST-0159,furniture,South,398.49,9,0.2,92.75
ORD-354,2024-12-22 14:25:09.154577,CUST-0024,Furniture,North,134.98,9,0.3,16.98
ORD-355,2023-06-22 08:47:18.219109,CUST-0293,TECH,West,526.23,3,,76.74
ORD-356,2024-12-20 01:04:06.723361,CUST-0004,Furniture,East,367.8,13,,42.67
ORD-357,2023-02-24 18:39:26.383191,CUST-0220,Office Supplies,East,811.84,10,0.2,65.58
ORD-358,2024-06-09 03:10:53.726863,CUST-0020,Furniture,East,4229.25,6,0.0,-33.21
ORD-359,2024-04-27 09:44:55.947973,CUST-0152,Furniture,East,385.21,6,0.3,112.4
ORD-360,2024-08-19 17:00:01.800900,CUST-0050,TECH,West,444.9,4,0.0,-16.06
ORD-361,2023-04-06 16:16:05.282641,CUST-0177,Office Supplies,East,57.92,11,0.2,-12.96
ORD-362,2024-10-14 13:57:03.511755,CUST-0096,Office Supplies,East,126.09,13,0.1,65.41
ORD-363,2023-02-22 05:18:23.951975,CUST-0105,Furniture,North,320.91,10,0.3,50.75
ORD-364,2023-05-06 23:42:42.681340,CUST-0250,Office Supplies,East,187.44,3,0.1,31.39
ORD-365,2023-08-16 12:12:36.378189,CUST-0117,Office Supplies,East,135.05,1,0.0,80.38
ORD-366,2024-01-07 00:36:44.302151,CUST-0228,Office Supplies,West,442.45,12,0.1,-39.66
ORD-367,2024-08-05 11:11:22.541270,CUST-0066,Office Supplies,East,90.07,7,0.0,140.66
ORD-368,2023-11-18 08:39:22.781390,CUST-0262,furniture,West,126.84,5,,-0.04
ORD-369,2023-01-01 08:45:51.775887,CUST-0295,Office Supplies,East,275.38,14,0.1,24.7
ORD-370,2023-11-24 04:53:11.195597,CUST-0243,Office Supplies,North,,10,0.1,141.59
ORD-371,2024-04-29 14:20:06.603301,CUST-0186,Office Supplies,South,41.41,7,,-12.57
ORD-372,2023-04-03 09:23:19.299649,CUST-0246,Technology,North,349.99,1,0.1,91.38
ORD-373,2024-09-03 16:20:24.612306,CUST-0125,Office Supplies,West,124.79,8,0.0,17.14
ORD-374,2023-06-15 01:30:02.701350,,Office Supplies,South,194.91,3,0.0,-20.51
ORD-375,2024-01-23 02:14:42.441220,CUST-0131,Office Supplies,North,302.57,7,0.1,6.98
ORD-376,2024-03-08 00:15:50.875437,CUST-0237,TECH,East,,12,0.3,63.98
ORD-377,2024-01-06 07:05:00.750375,CUST-0018,Office Supplies,West,482.51,3,0.2,90.86
ORD-378,2023-01-03 22:06:54.207103,,Technology,South,72.25,14,,43.54
ORD-379,2024-04-03 16:03:50.515257,CUST-0021,Office Supplies,West,88.14,3,0.0,-65.88
ORD-380,2024-02-14 17:38:12.546273,CUST-0225,Furniture,East,167.21,10,0.0,68.13
ORD-381,2024-09-06 05:41:27.043521,CUST-0282,Technology,North,400.34,9,0.0,21.47
ORD-382,2023-10-25 14:58:17.348674,CUST-0008,Office Supplies,South,211.25,13,0.2,-36.15
ORD-383,2023-03-17 14:13:37.608804,CUST-0100,furniture,East,226.22,2,0.0,50.78
ORD-384,2024-02-26 10:05:49.374687,CUST-0240,TECH,West,76.85,14,0.0,98.03
ORD-385,2023-05-28 04:02:45.682841,CUST-0087,furniture,East,179.94,4,0.1,30.4
ORD-386,2023-02-25 03:25:18.159079,CUST-0298,Furniture,North,141.52,6,0.1,85.4
ORD-387,2023-01-20 08:30:44.122061,CUST-0014,Technology,West,94.1,14,0.2,57.74
ORD-388,2024-02-22 09:41:19.839919,CUST-0002,Office Supplies,West,253.32,3,0.1,58.52
ORD-389,2024-09-11 08:23:31.905952,CUST-0293,furniture,South,227.21,12,0.1,11.67
ORD-390,2024-12-10 13:11:40.550275,CUST-0041,Technology,West,385.75,10,0.1,79.12
ORD-391,2023-08-17 23:16:03.481740,CUST-0111,furniture,North,185.61,14,0.3,84.85
ORD-392,2023-08-02 23:55:40.670335,CUST-0014,Office Supplies,West,188.5,10,0.0,77.56
ORD-393,2024-08-24 19:42:06.663331,CUST-0231,Office Supplies,West,280.75,7,0.0,11.17
ORD-394,2024-12-28 01:53:05.792896,CUST-0084,Furniture,North,332.95,7,0.0,89.1
ORD-395,2024-06-10 23:00:12.606303,CUST-0130,Technology,East,431.96,5,0.0,53.18
ORD-396,2024-06-11 16:31:56.158079,CUST-0231,Office Supplies,West,64.72,3,0.3,-28.34
ORD-397,2023-02-07 14:43:52.916458,CUST-0145,Office Supplies,East,157.44,2,0.0,7.11
ORD-398,2024-11-15 17:12:59.789894,CUST-0028,Technology,North,442.85,4,,-1.82
ORD-399,2023-04-03 09:23:19.299649,CUST-0066,Office Supplies,South,201.33,14,0.0,-89.27
ORD-400,2024-04-01 11:28:39.859929,CUST-0163,Furniture,,255.76,13,0.3,90.2
ORD-401,2024-02-19 11:34:25.632816,CUST-0229,Office Supplies,West,79.82,4,0.2,216.07
ORD-402,2023-07-05 21:04:13.926963,CUST-0261,Office Supplies,East,89.25,11,0.1,102.5
ORD-403,2024-06-30 07:30:56.728364,CUST-0164,Office Supplies,West,523.49,8,0.2,39.77
ORD-404,2023-02-05 18:54:34.037018,CUST-0287,Furniture,South,733.75,8,0.0,-0.95
ORD-405,2023-02-25 12:11:09.934967,CUST-0010,Furniture,East,102.68,13,0.1,-25.51
ORD-406,2024-11-19 00:05:45.772886,CUST-0195,Office Supplies,South,128.43,5,0.0,39.04
ORD-407,2023-11-30 09:52:51.385692,CUST-0118,Technology,West,566.36,13,0.1,88.1
ORD-408,2024-12-01 18:50:57.928964,CUST-0270,Furniture,,281.72,6,0.2,-10.47
ORD-409,2023-11-17 06:21:47.453726,CUST-0080,Office Supplies,South,80.57,8,0.0,183.86
ORD-410,2023-05-04 01:35:48.474237,CUST-0093,TECH,South,236.67,1,0.3,-53.04
ORD-411,2024-09-23 09:37:00.510255,CUST-0266,Furniture,West,158.83,5,0.0,43.47
ORD-412,2023-10-27 19:33:28.004002,CUST-0257,Office Supplies,East,284.71,4,0.1,34.22
ORD-413,2024-03-09 02:33:26.203101,CUST-0133,Technology,West,210.0,4,,30.4
ORD-414,2024-09-28 12:19:05.372686,CUST-0276,TECH,West,133.24,11,0.2,-4.13
ORD-415,2023-12-16 02:44:57.748874,CUST-0264,Technology,East,150.06,2,0.1,34.95
ORD-416,2024-09-14 06:30:26.113056,,Technology,West,197.69,10,0.2,3.01
ORD-417,2023-02-28 10:18:04.142071,CUST-0001,furniture,West,35.41,1,,107.27
ORD-418,2024-08-08 09:18:16.748374,CUST-0064,Office Supplies,North,134.02,14,0.0,127.25
ORD-419,2023-10-20 03:30:20.710355,CUST-0284,furniture,North,276.34,6,0.1,6.69
ORD-420,2023-05-25 23:27:35.027513,CUST-0121,Furniture,East,99.69,7,0.1,-68.7
ORD-421,2024-04-19 17:41:48.654327,CUST-0107,TECH,,181.21,5,0.0,49.06
ORD-422,2023-10-25 14:58:17.348674,CUST-0175,Office Supplies,East,120.44,8,0.0,46.9
ORD-423,2024-12-09 02:08:13.446723,CUST-0204,Office Supplies,West,339.3,9,0.0,36.31
ORD-424,2024-07-11 15:12:41.780890,CUST-0165,Office Supplies,West,218.64,11,0.1,61.98
ORD-425,2024-12-01 18:50:57.928964,CUST-0120,Technology,South,153.26,11,0.3,112.89
ORD-426,2024-05-31 17:36:02.881440,CUST-0044,Furniture,East,638.24,2,0.2,79.98
ORD-427,2024-02-27 21:09:16.478239,CUST-0156,furniture,West,183.05,11,0.1,61.89
ORD-428,2024-03-20 19:01:03.031515,CUST-0207,furniture,North,278.29,13,0.0,75.23
ORD-429,2023-05-27 01:45:10.355177,CUST-0108,Furniture,East,331.34,4,0.0,45.09
ORD-430,2023-08-22 08:26:24.792396,CUST-0251,furniture,North,1003.14,11,0.0,-26.73
ORD-431,2024-01-21 15:11:15.337668,CUST-0130,Technology,South,284.16,9,0.1,117.03
ORD-432,2023-09-08 21:07:50.035017,CUST-0293,Technology,,87.58,5,0.0,36.16
ORD-433,2023-06-17 14:51:05.132566,CUST-0020,Office Supplies,East,121.15,3,0.1,-26.76
ORD-434,2023-12-15 09:13:14.197098,CUST-0282,Office Supplies,East,188.96,6,,-37.68
ORD-435,2024-11-27 00:54:44.842421,CUST-0285,Furniture,West,176.97,3,0.2,-25.07
ORD-436,2023-06-21 06:29:42.891445,CUST-0001,Office Supplies,West,76.64,14,0.2,-43.96
ORD-437,2024-05-25 12:36:22.691345,CUST-0119,TECH,East,981.42,5,0.2,70.13
ORD-438,2024-01-17 14:46:45.802901,CUST-0035,Furniture,East,353.08,3,0.0,19.49
ORD-439,2023-10-01 12:31:20.140070,CUST-0198,furniture,South,450.08,6,0.0,76.56
ORD-440,2024-09-10 06:05:56.578289,CUST-0245,Office Supplies,South,724.65,12,0.3,100.17
ORD-441,2023-01-14 12:16:55.707853,CUST-0059,Office Supplies,East,326.01,10,0.2,84.65
ORD-442,2023-03-25 15:02:36.678339,CUST-0161,Technology,West,219.37,5,0.1,68.04
ORD-443,2024-05-21 20:57:44.932466,CUST-0179,furniture,West,525.88,14,0.0,47.25
ORD-444,2023-07-25 05:34:58.049024,CUST-0206,Office Supplies,East,222.87,9,0.1,18.58
ORD-445,2023-06-09 14:02:06.063031,CUST-0012,Office Supplies,North,145.9,3,0.0,22.58
ORD-446,2024-10-18 23:07:24.822411,CUST-0276,Office Supplies,North,19.98,6,0.0,65.06
ORD-447,2024-04-21 22:16:59.309654,CUST-0181,Furniture,South,329.78,8,0.0,-27.68
ORD-448,2023-01-10 11:52:26.173086,CUST-0242,Office Supplies,North,488.45,7,0.1,26.77
ORD-449,2023-03-24 03:59:09.574787,CUST-0216,Office Supplies,North,230.06,6,0.0,-14.57
ORD-450,2024-04-19 17:41:48.654327,CUST-0251,Office Supplies,North,309.01,14,0.0,100.38
ORD-451,2023-10-19 01:12:45.382691,CUST-0299,Technology,West,81.22,2,0.2,73.02
ORD-452,2024-08-18 23:28:18.249124,CUST-0126,Office Supplies,North,78.43,7,0.1,158.25
ORD-453,2023-04-14 08:19:12.576288,CUST-0217,Office Supplies,West,707.25,8,0.1,-15.46
ORD-454,2023-11-17 15:07:39.229614,,Office Supplies,East,200.52,1,0.1,-9.03
ORD-455,2023-12-17 05:02:33.076538,CUST-0185,Technology,East,218.74,9,,33.45
ORD-456,2024-07-03 05:37:50.935467,CUST-0039,furniture,West,,4,0.0,-13.53
ORD-457,2023-06-15 01:30:02.701350,CUST-0223,Office Supplies,South,82.94,8,0.0,62.26
ORD-458,2024-01-08 02:54:19.629814,CUST-0184,Technology,East,301.63,10,0.1,26.94
ORD-459,2024-11-07 07:38:08.944472,CUST-0178,Office Supplies,West,,7,0.0,0.69
ORD-460,2023-10-25 14:58:17.348674,CUST-0294,Office Supplies,West,128.31,14,0.1,95.26
ORD-461,2023-08-29 06:57:48.534267,CUST-0151,Office Supplies,North,454.96,13,0.1,-80.98
ORD-462,2024-07-16 00:23:03.091545,CUST-0126,Office Supplies,East,203.57,10,,62.53
ORD-463,2023-07-19 09:21:09.634817,CUST-0234,Technology,South,145.56,7,0.3,-3.07
ORD-464,2024-03-19 16:43:27.703851,CUST-0008,furniture,South,842.28,2,,79.01
ORD-465,2024-01-27 11:25:03.751875,CUST-0129,Furniture,North,,1,0.0,93.38
ORD-466,2024-07-14 13:19:35.987994,CUST-0264,Technology,North,462.59,4,0.3,-106.58
ORD-467,2023-01-06 20:13:48.414207,CUST-0157,Office Supplies,East,280.63,12,0.0,17.3
ORD-468,2024-03-12 09:26:12.186093,CUST-0005,Furniture,West,221.46,2,0.1,33.49
ORD-469,2024-03-29 22:07:37.428714,CUST-0086,Furniture,South,432.53,8,0.2,-111.47
ORD-470,2023-02-27 08:00:28.814407,CUST-0175,Office Supplies,East,229.47,10,0.0,43.67
ORD-471,2023-06-23 19:50:45.322661,CUST-0290,Furniture,West,21.47,7,0.1,-1.68
ORD-472,2024-01-26 09:07:28.424212,CUST-0193,Furniture,North,66.31,8,0.0,-42.34
ORD-473,2024-05-24 19:04:39.139569,CUST-0119,Office Supplies,East,725.69,11,0.0,-9.03
ORD-474,2023-07-08 19:11:08.134067,CUST-0218,Office Supplies,South,261.56,6,,-19.4
ORD-475,2023-02-05 18:54:34.037018,CUST-0114,Technology,East,184.05,1,0.0,-4.25
ORD-476,2024-11-30 07:47:30.825412,CUST-0145,Office Supplies,South,459.78,14,0.0,41.11
ORD-477,2024-10-07 15:25:39.769884,CUST-0026,TECH,West,116.62,13,0.1,88.87
ORD-478,2024-01-23 02:14:42.441220,CUST-0136,Office Supplies,North,268.22,13,0.3,25.33
ORD-479,2023-04-12 21:15:45.472736,CUST-0232,Technology,West,285.39,12,0.0,96.17
ORD-480,2024-05-16 00:43:56.518259,CUST-0076,furniture,West,149.11,9,0.0,-32.76
ORD-481,2023-07-01 03:08:00.840420,CUST-0289,Technology,South,253.92,6,0.3,39.17
ORD-482,2023-04-20 22:04:44.542271,CUST-0001,Office Supplies,West,96.07,12,0.0,156.4
ORD-483,2023-03-07 17:35:19.659829,CUST-0147,Technology,West,71.71,13,0.0,-65.43
ORD-484,2023-08-10 07:12:56.188094,CUST-0287,Furniture,West,205.92,10,0.2,-67.73
ORD-485,2024-02-14 17:38:12.546273,CUST-0142,Office Supplies,North,350.64,1,0.1,106.8
ORD-486,2023-09-13 06:18:11.345672,CUST-0053,Office Supplies,West,256.88,1,0.3,43.23
ORD-487,2023-12-29 06:16:01.680840,CUST-0069,Office Supplies,South,206.35,8,0.0,-6.09
ORD-488,2024-02-20 22:37:52.736368,CUST-0090,Furniture,West,161.95,6,,-37.78
ORD-489,2023-03-11 09:13:57.418709,CUST-0220,TECH,West,159.27,8,,27.84
ORD-490,2023-04-03 00:37:27.523761,CUST-0192,Technology,North,59.79,8,0.0,38.01
ORD-491,2023-12-24 21:05:40.370185,CUST-0063,Office Supplies,North,496.56,11,0.0,38.31
ORD-492,2023-12-05 12:34:56.248124,CUST-0073,TECH,South,286.81,14,,-38.37
ORD-493,2024-03-08 09:01:42.651325,CUST-0161,Office Supplies,,390.49,8,0.1,9.78
ORD-494,2024-04-12 01:38:41.360680,CUST-0169,TECH,West,248.19,10,0.1,-4.08
ORD-495,2024-05-06 12:51:30.345172,CUST-0089,Office Supplies,East,127.47,7,0.1,68.79
ORD-496,2023-02-16 09:04:35.537768,CUST-0176,Furniture,East,56.16,7,0.2,-34.83
ORD-497,2023-01-07 04:59:40.190095,CUST-0269,Technology,North,204.4,10,0.3,34.56
ORD-498,2024-10-25 04:07:05.012506,CUST-0073,Technology,South,89.53,4,0.0,188.05
ORD-499,2024-10-03 23:47:02.011005,CUST-0245,Technology,East,107.29,9,0.0,-38.92
ORD-500,2023-07-26 07:52:33.376688,,TECH,East,518.82,12,0.3,-14.84
ORD-501,2023-07-27 18:56:00.480240,CUST-0159,Technology,East,461.41,2,0.3,24.37
ORD-502,2024-05-06 12:51:30.345172,CUST-0098,Technology,South,245.21,11,0.1,-146.54
ORD-503,2024-11-23 00:30:15.307653,CUST-0102,furniture,West,,9,,-55.61
ORD-504,2023-09-08 03:36:06.483241,CUST-0132,Technology,West,46.93,10,0.2,48.64
ORD-505,2024-10-24 19:21:13.236618,CUST-0102,Office Supplies,West,31.99,3,0.0,19.46
ORD-506,2023-08-17 05:44:19.929964,CUST-0019,furniture,South,329.24,14,0.3,93.28
ORD-507,2024-04-23 18:06:18.189094,CUST-0082,Furniture,North,342.67,13,0.1,15.71
ORD-508,2024-12-18 22:46:31.395697,CUST-0279,Technology,North,72.12,2,0.0,10.43
ORD-509,2023-11-08 12:01:04.832416,CUST-0129,furniture,East,79.65,13,0.0,-12.17
ORD-510,2024-09-07 16:44:54.147073,CUST-0089,Technology,West,303.95,4,0.2,9.43
ORD-511,2023-12-17 22:34:16.628314,CUST-0213,Technology,North,410.17,5,,-42.7
ORD-512,2024-08-29 22:24:11.525762,CUST-0143,Technology,,389.99,2,0.0,21.15
ORD-513,2023-02-26 05:42:53.486743,CUST-0065,Office Supplies,East,561.82,13,0.0,-28.28
ORD-514,2023-06-28 13:46:58.409204,CUST-0076,furniture,East,763.31,1,0.1,-42.65
ORD-515,2024-05-29 13:00:52.226113,,Furniture,East,142.66,10,0.3,-8.37
ORD-516,2023-10-14 07:16:32.296148,CUST-0143,Furniture,West,69.95,11,0.2,57.07
ORD-517,2024-02-16 13:27:31.425712,CUST-0093,Office Supplies,South,70.85,5,0.1,38.54
ORD-518,2024-12-13 20:04:26.533266,CUST-0224,Office Supplies,East,102.94,9,0.1,70.06
ORD-519,2024-06-01 02:21:54.657328,CUST-0291,Office Supplies,West,240.26,12,0.0,-25.39
ORD-520,2024-10-31 17:52:36.978489,CUST-0102,furniture,West,190.45,12,0.1,29.21
ORD-521,2023-03-31 11:16:25.092546,CUST-0267,Office Supplies,East,128.86,5,0.0,132.11
ORD-522,2024-03-13 20:29:39.289644,CUST-0110,Office Supplies,West,213.31,12,0.3,113.85
ORD-523,2024-01-23 19:46:25.992996,CUST-0265,Furniture,East,120.64,11,0.0,-46.48
ORD-524,2024-07-01 18:34:23.831915,CUST-0003,Office Supplies,West,313.77,10,0.2,-30.5
ORD-525,2024-09-14 15:16:17.888944,CUST-0085,Technology,North,426.39,9,0.0,131.85
ORD-526,2023-10-04 19:24:06.123061,CUST-0282,Furniture,West,,14,0.1,57.09
ORD-527,2023-07-16 02:28:23.651825,CUST-0117,Office Supplies,East,131.87,13,0.0,18.56
ORD-528,2024-11-21 04:40:56.428214,CUST-0221,Furniture,South,283.82,12,0.0,11.86
ORD-529,2024-11-03 07:13:39.409704,CUST-0154,Furniture,North,317.29,10,0.0,43.65
ORD-530,2023-12-02 23:13:53.816908,CUST-0153,Office Supplies,North,224.8,6,0.2,44.4
ORD-531,2023-05-29 15:06:12.786393,CUST-0012,Furniture,East,76.29,3,0.0,-1.99
ORD-532,2023-07-11 08:32:10.565282,CUST-0133,Technology,East,,4,0.2,20.21
ORD-533,2023-10-30 00:08:38.659329,CUST-0293,furniture,East,280.79,4,0.1,-4.09
ORD-534,2024-07-12 08:44:25.332666,CUST-0300,Office Supplies,East,455.76,1,0.1,40.12
ORD-535,2023-11-26 09:28:21.850925,CUST-0228,TECH,West,173.88,3,0.1,-14.25
ORD-536,2024-11-05 20:34:41.840920,CUST-0271,Office Supplies,South,24.34,3,,-46.06
ORD-537,2023-01-13 18:45:12.156078,CUST-0043,Office Supplies,West,400.52,13,0.0,118.52
ORD-538,2023-09-07 18:50:14.707353,CUST-0021,TECH,West,60.19,14,0.0,25.83
ORD-539,2023-01-07 22:31:23.741870,CUST-0107,Furniture,North,232.85,1,,131.82
ORD-540,2023-04-27 20:36:08.284142,CUST-0117,TECH,East,343.82,13,0.0,-85.94
ORD-541,2024-10-18 23:07:24.822411,CUST-0124,Furniture,North,53.44,9,0.3,-56.97
ORD-542,2023-07-06 14:35:57.478739,CUST-0281,Office Supplies,North,335.82,11,0.0,58.01
ORD-543,2023-05-26 16:59:18.579289,CUST-0292,Furniture,South,90.83,1,0.2,25.88
ORD-544,2023-08-27 11:08:29.654827,CUST-0203,Technology,,416.68,9,0.0,-39.46
ORD-545,2023-12-21 14:12:54.387193,CUST-0051,Technology,East,169.42,1,,98.19
ORD-546,2024-11-27 00:54:44.842421,CUST-0271,Technology,West,93.22,2,0.1,-22.19
ORD-547,2023-06-21 15:15:34.667333,CUST-0277,Office Supplies,South,245.27,2,0.0,101.91
ORD-548,2024-03-01 19:16:10.685342,CUST-0141,Office Supplies,South,116.49,14,0.0,25.77
ORD-549,2024-02-12 04:17:10.115057,CUST-0275,Furniture,West,153.43,6,0.0,-34.2
ORD-550,2024-05-17 20:33:15.397698,CUST-0290,Office Supplies,South,426.05,7,0.2,-10.12
ORD-551,2023-11-01 04:43:49.314657,CUST-0052,TECH,East,385.13,11,0.0,112.33
ORD-552,2024-10-27 17:28:07.443721,CUST-0027,Office Supplies,South,118.29,1,0.0,12.14
ORD-553,2023-09-23 02:56:29.294647,CUST-0157,furniture,East,114.19,3,0.1,88.34
ORD-554,2024-12-24 19:00:19.809904,CUST-0239,furniture,North,102.34,2,0.1,114.03
ORD-555,2023-11-08 12:01:04.832416,CUST-0156,Office Supplies,South,576.88,8,0.0,25.17
ORD-556,2023-01-19 06:13:08.794397,CUST-0291,Technology,East,156.38,9,0.0,16.61
ORD-557,2024-09-08 10:16:37.698849,CUST-0136,Furniture,West,311.19,13,0.2,5.7
ORD-558,2024-09-20 11:30:06.303151,CUST-0144,Furniture,West,293.6,2,,51.13
ORD-559,2023-07-29 14:45:19.359679,CUST-0106,Furniture,South,460.81,2,0.0,120.36
ORD-560,2024-03-18 23:11:44.152076,CUST-0158,Office Supplies,South,130.37,10,0.2,-43.62
ORD-561,2024-02-24 05:30:38.719359,CUST-0146,Office Supplies,North,106.76,9,0.0,43.15
ORD-562,2023-02-24 09:53:34.607303,CUST-0002,Office Supplies,North,369.12,14,0.0,40.55
ORD-563,2023-04-25 07:15:05.852926,CUST-0077,Office Supplies,South,190.45,4,0.1,-78.25
ORD-564,2023-07-27 18:56:00.480240,CUST-0132,Office Supplies,West,115.16,5,0.0,-23.25
ORD-565,2024-05-13 11:22:54.087043,CUST-0090,Technology,West,245.65,13,0.1,-10.95
ORD-566,2023-04-22 00:22:19.869934,CUST-0263,Technology,North,138.36,11,0.3,75.84
ORD-567,2024-09-18 06:54:55.647823,CUST-0108,Furniture,West,639.08,9,,86.34
ORD-568,2023-09-06 16:32:39.379689,CUST-0074,Furniture,East,164.2,6,0.0,-82.52
ORD-569,2023-11-02 15:47:16.418209,CUST-0039,Technology,East,290.82,10,0.0,68.35
ORD-570,2024-10-21 12:28:27.253626,CUST-0159,Office Supplies,East,242.6,12,,60.6
ORD-571,2024-01-29 07:14:22.631315,CUST-0071,Technology,South,73.14,9,0.0,64.7
ORD-572,2024-01-01 21:54:39.439719,CUST-0241,Office Supplies,West,132.9,9,0.2,39.16
ORD-573,2023-06-11 18:37:16.718359,,Office Supplies,North,59.79,7,0.0,87.03
ORD-574,2023-08-12 11:48:06.843421,CUST-0036,Furniture,West,130.73,14,0.0,100.29
ORD-575,2023-12-29 06:16:01.680840,CUST-0084,Office Supplies,East,300.7,12,0.0,-68.03
ORD-576,2023-04-07 01:01:57.058529,CUST-0263,Technology,West,151.1,10,0.3,27.08
ORD-577,2024-01-28 22:28:30.855427,CUST-0172,Office Supplies,South,227.98,9,0.3,14.73
ORD-578,2024-08-05 11:11:22.541270,CUST-0173,Technology,North,589.78,5,0.0,-4.36
ORD-579,2024-01-02 06:40:31.215607,CUST-0047,furniture,South,269.04,5,0.3,2.73
ORD-580,2024-08-22 23:52:47.783891,CUST-0141,Office Supplies,North,179.05,12,0.0,41.21
ORD-581,2023-01-02 11:03:27.103551,CUST-0118,Technology,North,279.51,8,0.0,-47.8
ORD-582,2024-02-16 04:41:39.649824,CUST-0277,Office Supplies,North,181.03,10,0.2,70.24
ORD-583,2024-03-21 03:46:54.807403,CUST-0214,Office Supplies,South,387.52,4,0.1,7.85
ORD-584,2023-10-10 06:52:02.761380,CUST-0220,Technology,South,140.89,9,0.0,82.48
ORD-585,2023-11-16 21:35:55.677838,CUST-0026,Office Supplies,East,298.56,7,0.0,-7.2
ORD-586,2023-12-28 21:30:09.904952,,Office Supplies,West,257.38,7,,-10.45
ORD-587,2023-11-19 10:56:58.109054,CUST-0271,Furniture,North,45.91,13,0.3,-26.73
ORD-588,2024-05-16 09:29:48.294147,CUST-0010,Office Supplies,North,174.09,3,0.3,-6.86
ORD-589,2023-01-17 19:09:41.690845,CUST-0121,furniture,East,350.67,4,0.0,-18.09
ORD-590,2023-11-13 05:57:17.918959,CUST-0125,furniture,South,337.8,7,0.2,56.08
ORD-591,2023-10-28 04:19:19.779889,CUST-0170,Technology,South,119.9,11,0.0,92.83
ORD-592,2023-12-08 10:41:50.455227,CUST-0072,Technology,East,187.95,11,,53.27
ORD-593,2024-11-04 00:45:22.961480,CUST-0152,Office Supplies,South,289.7,14,0.0,25.35
ORD-594,2023-08-28 04:40:13.206603,CUST-0208,Office Supplies,East,103.77,5,0.0,59.21
ORD-595,2023-04-08 20:51:15.937968,CUST-0049,Furniture,East,263.97,12,0.1,27.81
ORD-596,2023-05-15 18:03:25.302651,CUST-0154,Office Supplies,East,20.27,3,0.3,31.71
ORD-597,2023-08-20 21:22:57.688844,CUST-0293,Office Supplies,East,169.02,1,0.2,11.6
ORD-598,2024-02-17 06:59:14.977488,CUST-0068,TECH,South,258.55,7,0.0,80.2
ORD-599,2024-09-10 06:05:56.578289,CUST-0050,Office Supplies,East,447.13,6,0.1,-123.96
ORD-600,2024-09-06 05:41:27.043521,CUST-0152,Office Supplies,West,,10,0.3,-97.97
ORD-601,2023-08-28 13:26:04.982491,CUST-0019,Office Supplies,East,182.87,7,0.0,91.63
ORD-602,2023-02-13 10:57:41.330665,CUST-0100,Technology,West,970.81,14,0.3,18.21
ORD-603,2023-10-31 02:26:13.986993,CUST-0060,Technology,East,352.92,2,,85.03
ORD-604,2024-10-22 23:31:54.357178,CUST-0167,Furniture,North,143.59,13,0.0,-6.48
ORD-605,2024-08-17 03:38:59.369684,CUST-0202,Office Supplies,East,253.99,12,0.0,130.45
ORD-606,2024-01-30 18:17:49.734867,CUST-0146,furniture,South,97.26,4,0.0,21.81
ORD-607,2024-12-21 20:53:25.602801,CUST-0164,Office Supplies,South,579.4,2,0.0,56.96
ORD-608,2024-05-14 22:26:21.190595,CUST-0242,Office Supplies,East,137.65,8,0.1,3.17
ORD-609,2023-09-28 05:38:34.157078,CUST-0069,Technology,South,185.63,7,0.2,-23.83
ORD-610,2024-06-30 16:16:48.504252,CUST-0175,furniture,East,151.19,1,0.1,-74.46
ORD-611,2023-02-12 08:40:06.003001,CUST-0049,Furniture,East,,2,0.0,77.14
ORD-612,2024-11-07 16:24:00.720360,CUST-0108,Technology,East,343.57,2,0.2,53.73
ORD-613,2023-10-16 11:51:42.951475,CUST-0226,furniture,West,69.61,4,0.2,35.62
ORD-614,2024-02-24 23:02:22.271135,CUST-0161,Office Supplies,West,253.07,3,,-38.32
ORD-615,2024-06-01 02:21:54.657328,CUST-0119,TECH,South,120.31,1,0.0,114.93
ORD-616,2024-12-06 04:01:19.239619,CUST-0149,Technology,West,263.61,12,0.2,36.35
ORD-617,2024-01-05 13:33:17.198599,CUST-0150,Technology,North,101.4,14,,72.17
ORD-618,2024-08-30 15:55:55.077538,CUST-0293,Technology,East,628.56,2,0.1,29.82
ORD-619,2024-01-30 18:17:49.734867,CUST-0143,Furniture,North,189.4,11,0.0,-35.37
ORD-620,2023-08-20 03:51:14.137068,CUST-0160,Furniture,East,543.9,9,0.0,89.55
ORD-621,2023-07-06 23:21:49.254627,CUST-0011,Office Supplies,East,452.85,13,0.3,57.05
ORD-622,2024-10-09 20:00:50.425212,CUST-0138,Office Supplies,East,322.51,1,0.0,19.12
ORD-623,2023-10-20 12:16:12.486243,CUST-0078,Office Supplies,East,243.05,9,,56.02
ORD-624,2024-02-13 15:20:37.218609,CUST-0077,furniture,West,143.96,7,0.3,79.05
ORD-625,2024-08-29 13:38:19.749874,CUST-0254,furniture,South,333.83,2,0.0,69.61
ORD-626,2024-02-21 16:09:36.288144,CUST-0258,Technology,East,49.43,2,0.1,-72.68
ORD-627,2023-07-24 03:17:22.721360,CUST-0291,furniture,North,218.35,5,0.0,-59.41
ORD-628,2024-08-16 01:21:24.042021,CUST-0263,Technology,North,109.27,13,0.0,73.97
ORD-629,2023-06-27 20:15:14.857428,CUST-0085,Office Supplies,South,261.72,5,0.2,-11.77
ORD-630,2024-04-05 03:07:17.618809,CUST-0146,Furniture,East,283.42,4,0.2,-32.92
ORD-631,2024-11-27 18:26:28.394197,CUST-0042,Office Supplies,West,531.84,12,0.0,52.33
ORD-632,2023-11-24 04:53:11.195597,CUST-0125,Technology,South,507.37,10,0.3,-34.74
ORD-633,2024-04-17 21:52:29.774887,CUST-0167,Office Supplies,North,,10,0.0,1.25
ORD-634,2024-03-18 14:25:52.376188,CUST-0241,Technology,West,413.79,13,0.1,81.14
ORD-635,2023-09-14 17:21:38.449224,CUST-0280,Furniture,East,186.11,12,0.1,-60.85
ORD-636,2024-06-20 19:38:30.555277,CUST-0188,Technology,East,101.01,3,0.0,-52.1
ORD-637,2023-07-31 19:20:30.015007,CUST-0019,furniture,North,497.14,4,,-66.66
ORD-638,2023-10-16 03:05:51.175587,CUST-0068,Technology,North,132.26,10,0.2,-21.67
ORD-639,2023-11-11 01:22:07.263631,CUST-0218,TECH,East,113.13,4,0.1,34.96
ORD-640,2023-03-31 20:02:16.868434,CUST-0102,furniture,North,263.53,2,0.1,-7.13
ORD-641,2024-12-26 06:03:46.913456,CUST-0042,TECH,North,210.09,5,0.0,120.2
ORD-642,2024-02-06 08:03:21.700850,CUST-0288,TECH,West,22.24,5,0.0,57.32
ORD-643,2023-02-25 20:57:01.710855,CUST-0167,furniture,North,251.27,5,0.2,28.87
ORD-644,2024-09-05 03:23:51.715857,CUST-0109,Technology,South,261.94,11,,106.04
ORD-645,2024-06-16 10:28:09.244622,CUST-0036,Furniture,West,,11,0.3,-49.85
ORD-646,2023-12-30 17:19:28.784392,CUST-0232,Office Supplies,South,462.08,10,0.0,81.99
ORD-647,2024-02-09 23:41:59.459729,CUST-0229,Office Supplies,East,366.87,1,0.1,15.82
ORD-648,2023-09-12 04:00:36.018009,CUST-0164,Office Supplies,East,503.74,6,0.0,2.68
ORD-649,2024-04-22 15:48:42.861430,CUST-0073,Office Supplies,East,,11,0.0,66.66
ORD-650,2024-12-30 06:28:16.448224,CUST-0136,TECH,East,308.6,2,0.1,5.25
ORD-651,2024-03-29 22:07:37.428714,CUST-0070,furniture,East,303.63,7,0.1,40.91
ORD-652,2024-02-03 18:42:19.269634,CUST-0196,furniture,East,146.66,4,0.0,24.01
ORD-653,2024-01-26 17:53:20.200100,CUST-0269,Office Supplies,South,98.27,5,0.1,48.39
ORD-654,2024-01-04 02:29:50.095047,CUST-0049,Furniture,East,381.75,5,0.2,-0.42
ORD-655,2023-02-03 23:05:15.157578,CUST-0130,Furniture,North,191.51,5,0.0,85.61
ORD-656,2024-10-09 11:14:58.649324,CUST-0005,Office Supplies,East,578.99,2,0.2,-92.65
ORD-657,2023-12-16 11:30:49.524762,CUST-0027,Furniture,South,539.65,5,0.0,68.45
ORD-658,2024-01-05 04:47:25.422711,CUST-0160,Furniture,North,72.17,3,0.1,-83.47
ORD-659,2023-06-15 01:30:02.701350,CUST-0149,TECH,East,197.53,4,0.3,-15.21
ORD-660,2024-03-24 01:53:49.014507,CUST-0264,Technology,North,252.19,13,0.1,61.34
ORD-661,2023-11-29 16:21:07.833916,CUST-0230,Office Supplies,West,79.4,2,,-90.82
ORD-662,2023-03-21 05:52:15.367683,CUST-0200,Furniture,South,295.67,4,0.0,39.99
ORD-663,2023-06-22 17:33:09.994997,CUST-0050,Office Supplies,West,300.63,13,0.1,-52.28
ORD-664,2023-06-07 09:26:55.407703,CUST-0067,Furniture,North,328.07,9,0.1,-28.14
ORD-665,2023-05-05 03:53:23.801900,CUST-0300,TECH,South,250.36,8,0.2,-30.9
ORD-666,2023-07-20 20:24:36.738369,CUST-0058,Office Supplies,West,179.06,13,0.3,-50.6
ORD-667,2024-08-20 01:45:53.576788,CUST-0259,Office Supplies,East,215.58,14,0.2,-73.78
ORD-668,2024-04-24 02:52:09.964982,CUST-0130,Office Supplies,South,83.71,11,0.2,154.27
ORD-669,2024-04-11 08:06:57.808904,CUST-0215,Furniture,West,321.12,12,0.0,19.05
ORD-670,2024-10-03 15:01:10.235117,CUST-0172,Technology,West,39.65,3,0.0,-44.25
ORD-671,2023-05-11 00:07:12.216108,CUST-0258,Technology,East,213.49,1,0.1,-3.73
ORD-672,2023-01-09 00:48:59.069534,CUST-0102,Technology,West,338.9,1,0.1,32.2
ORD-673,2024-10-13 20:25:19.959979,CUST-0209,Furniture,,319.56,6,,7.28
ORD-674,2023-07-10 06:14:35.237618,CUST-0291,Office Supplies,West,385.27,3,0.0,-46.01
ORD-675,2024-10-12 09:21:52.856428,CUST-0286,Office Supplies,West,262.51,4,0.0,-23.95
ORD-676,2024-11-10 05:45:03.151575,CUST-0116,furniture,North,109.74,1,0.1,101.14
ORD-677,2024-02-15 02:24:04.322161,CUST-0264,Office Supplies,South,170.92,8,0.3,-54.16
ORD-678,2023-10-20 12:16:12.486243,CUST-0150,Office Supplies,West,299.26,1,,-89.82
ORD-679,2024-03-15 07:33:06.393196,CUST-0300,Technology,West,21.47,5,0.0,6.72
ORD-680,2024-03-31 00:25:12.756378,CUST-0036,Technology,South,451.82,6,0.0,-85.9
ORD-681,2024-12-05 10:29:35.687843,CUST-0287,Office Supplies,North,403.55,2,0.1,-24.59
ORD-682,2023-10-05 21:41:41.450725,CUST-0208,Office Supplies,East,79.2,7,0.0,-45.12
ORD-683,2024-09-06 05:41:27.043521,CUST-0106,Office Supplies,East,171.06,7,,-44.59
ORD-684,2023-06-11 01:05:33.166583,CUST-0158,furniture,West,98.24,1,0.1,34.17
ORD-685,2024-08-18 14:42:26.473236,CUST-0121,Office Supplies,East,128.23,4,0.0,45.42
ORD-686,2023-10-08 11:02:43.881940,CUST-0055,TECH,East,66.53,12,0.0,-18.35
ORD-687,2024-01-06 15:50:52.526263,CUST-0012,Office Supplies,South,244.45,13,0.0,24.34
ORD-688,2024-05-07 06:23:13.896948,CUST-0145,TECH,East,291.93,4,0.3,-21.34
ORD-689,2023-07-08 01:39:24.582291,CUST-0136,furniture,North,189.1,5,0.0,54.05
ORD-690,2024-01-15 10:11:35.147573,CUST-0003,Office Supplies,West,315.66,1,0.0,-58.66
ORD-691,2023-10-16 20:37:34.727363,CUST-0144,furniture,North,288.12,1,,39.91
ORD-692,2023-05-03 08:04:04.922461,CUST-0030,Furniture,North,521.55,7,0.0,44.46
ORD-693,2024-10-12 18:07:44.632316,CUST-0237,TECH,East,374.83,9,0.2,170.16
ORD-694,2023-04-04 20:26:46.403201,CUST-0279,Technology,West,176.86,1,0.0,-75.27
ORD-695,2023-07-01 03:08:00.840420,CUST-0115,Furniture,East,424.27,2,0.1,189.35
ORD-696,2023-11-23 20:07:19.419709,CUST-0104,Technology,South,374.8,6,0.0,75.4
ORD-697,2023-02-28 01:32:12.366183,CUST-0118,TECH,South,559.67,6,0.0,139.64
ORD-698,2024-07-01 01:02:40.280140,CUST-0005,Furniture,West,78.55,2,0.1,84.32
ORD-699,2023-11-07 18:29:21.280640,CUST-0248,Office Supplies,West,85.07,9,0.0,-26.61
ORD-700,2024-09-08 01:30:45.922961,CUST-0121,Technology,West,60.04,4,0.1,69.47
ORD-701,2024-12-06 04:01:19.239619,CUST-0286,furniture,North,68.88,13,0.0,-9.94
ORD-702,2023-09-09 14:39:33.586793,CUST-0149,Office Supplies,West,238.63,7,0.2,24.71
ORD-703,2024-09-12 01:55:15.457728,CUST-0084,Furniture,East,460.49,6,,-40.48
ORD-704,2023-05-19 09:42:03.061530,CUST-0231,Furniture,West,162.15,11,0.0,-10.72
ORD-705,2024-07-26 14:33:04.592296,CUST-0288,Office Supplies,East,28.88,13,0.0,83.82
ORD-706,2024-12-13 20:04:26.533266,CUST-0161,Office Supplies,North,27.94,11,0.3,56.28
ORD-707,2023-12-16 02:44:57.748874,CUST-0272,TECH,East,402.73,3,0.1,91.45
ORD-708,2023-09-09 23:25:25.362681,CUST-0038,Furniture,North,49.54,8,0.0,-53.87
ORD-709,2024-06-13 12:21:15.037518,CUST-0226,Technology,East,77.68,7,0.1,-82.23
ORD-710,2024-08-20 10:31:45.352676,CUST-0142,Furniture,East,408.88,9,0.0,96.1
ORD-711,2024-04-16 10:49:02.671335,CUST-0292,Furniture,North,,3,0.0,91.66
ORD-712,2024-11-09 12:13:19.599799,CUST-0151,Office Supplies,,253.32,1,,42.69
ORD-713,2024-08-07 07:00:41.420710,CUST-0114,Office Supplies,South,152.56,2,0.2,55.15
ORD-714,2024-06-09 20:42:37.278639,CUST-0237,Technology,East,331.99,12,0.2,81.9
ORD-715,2024-03-10 22:22:45.082541,CUST-0066,TECH,East,131.25,11,0.0,40.89
ORD-716,2024-11-12 01:34:22.031015,CUST-0258,Technology,South,504.31,12,0.0,62.2
ORD-717,2024-01-25 06:49:53.096548,CUST-0249,TECH,West,144.29,1,0.3,78.89
ORD-718,2024-07-30 14:57:34.127063,CUST-0180,furniture,East,5.49,11,0.0,24.39
ORD-719,2023-04-14 17:05:04.352176,CUST-0190,Office Supplies,South,185.71,5,0.0,9.26
ORD-720,2023-05-25 14:41:43.251625,CUST-0154,furniture,South,373.89,10,0.0,52.92
ORD-721,2023-01-05 00:24:29.534767,CUST-0196,Technology,,451.65,14,0.1,165.88
ORD-722,2024-08-18 05:56:34.697348,CUST-0262,Furniture,South,209.87,2,0.0,-20.86
ORD-723,2024-04-28 20:48:23.051525,CUST-0143,Technology,South,114.94,3,0.0,4.16
ORD-724,2024-12-02 12:22:41.480740,CUST-0101,Furniture,East,75.57,8,0.3,-75.38
ORD-725,2024-04-10 23:21:06.033016,CUST-0244,Office Supplies,East,100.76,10,0.1,56.09
ORD-726,2023-07-01 20:39:44.392196,CUST-0012,Technology,North,493.44,14,0.0,-1.8
ORD-727,2023-10-02 23:34:47.243621,CUST-0239,Furniture,West,352.05,5,0.2,-54.02
ORD-728,2023-01-13 09:59:20.380190,CUST-0049,Furniture,West,99.8,4,0.0,26.18
ORD-729,2023-09-23 02:56:29.294647,CUST-0042,TECH,West,315.06,5,0.1,119.68
ORD-730,2023-11-06 16:11:45.952976,CUST-0166,Technology,West,363.1,10,0.1,8.88
ORD-731,2023-02-02 12:01:48.054027,CUST-0082,Furniture,North,427.16,6,0.0,14.37
ORD-732,2023-10-11 00:23:46.313156,CUST-0291,Technology,East,276.45,12,0.0,117.34
ORD-733,2023-08-09 13:41:12.636318,CUST-0158,Office Supplies,East,221.66,7,0.2,29.7
ORD-734,2024-12-11 06:43:24.102051,CUST-0216,Office Supplies,West,272.36,14,,-42.46
ORD-735,2023-12-20 20:41:10.835417,CUST-0158,TECH,North,216.02,13,0.1,71.34
ORD-736,2024-08-16 10:07:15.817908,CUST-0134,Technology,East,243.19,9,0.0,97.48
ORD-737,2024-01-08 20:26:03.181590,CUST-0067,Office Supplies,North,284.1,1,0.0,17.98
ORD-738,2023-06-02 06:44:50.545272,CUST-0007,furniture,North,128.85,4,0.0,37.83
ORD-739,2023-02-11 15:08:22.451225,CUST-0014,furniture,West,274.72,12,0.0,-48.67
ORD-740,2023-08-13 22:51:33.946973,CUST-0073,Furniture,East,171.5,12,0.1,-22.24
ORD-741,2024-12-04 08:12:00.360180,CUST-0163,Furniture,West,87.17,9,0.1,10.02
ORD-742,2024-03-21 03:46:54.807403,CUST-0066,Furniture,West,265.84,5,0.0,34.62
ORD-743,2023-10-29 06:36:55.107553,CUST-0130,Technology,South,128.6,8,0.0,-7.18
ORD-744,2024-07-10 12:55:06.453226,CUST-0206,Technology,East,143.58,12,0.1,7.75
ORD-745,2024-08-25 04:27:58.439219,CUST-0276,Technology,North,329.37,1,0.0,22.57
ORD-746,2024-07-07 14:48:12.246123,CUST-0256,TECH,East,225.33,4,,-29.88
ORD-747,2024-02-05 23:17:29.924962,CUST-0266,Technology,West,415.99,12,0.1,13.87
ORD-748,2023-05-31 10:55:31.665832,CUST-0025,Furniture,North,463.05,14,0.3,99.36
ORD-749,2024-05-25 21:22:14.467233,CUST-0281,Office Supplies,West,418.82,12,0.3,-5.76
ORD-750,2024-06-10 23:00:12.606303,CUST-0253,Office Supplies,West,248.46,9,0.3,-24.06
ORD-751,2023-09-23 20:28:12.846423,CUST-0289,Office Supplies,East,186.86,13,0.0,155.11
ORD-752,2024-04-19 17:41:48.654327,CUST-0164,Technology,West,432.2,1,,43.54
ORD-753,2024-01-08 11:40:11.405702,CUST-0095,furniture,North,177.34,1,0.0,-16.37
ORD-754,2023-10-05 12:55:49.674837,CUST-0270,Office Supplies,West,132.08,4,0.0,68.61
ORD-755,2023-09-04 11:57:28.724362,CUST-0110,Office Supplies,South,7.24,14,0.1,45.37
ORD-756,2024-06-01 11:07:46.433216,CUST-0238,Technology,North,193.81,3,0.0,-4.21
ORD-757,2024-11-21 22:12:39.979990,CUST-0025,Office Supplies,West,61.87,7,0.0,27.06
ORD-758,2023-06-16 12:33:29.804902,CUST-0141,Furniture,East,195.21,11,0.0,12.51
ORD-759,2023-12-02 14:28:02.041020,CUST-0117,Office Supplies,West,83.01,3,0.0,89.4
ORD-760,2023-03-11 17:59:49.194597,CUST-0025,Furniture,North,558.97,1,0.2,70.88
ORD-761,2023-09-27 12:06:50.605302,CUST-0079,TECH,East,1292.0,12,0.0,-98.58
ORD-762,2024-09-17 04:37:20.320160,CUST-0068,Furniture,South,49.39,11,0.1,144.17
ORD-763,2024-02-14 17:38:12.546273,CUST-0173,Office Supplies,East,35.35,10,,12.7
ORD-764,2024-07-27 16:50:39.919959,CUST-0012,Office Supplies,South,125.56,2,0.1,133.34
ORD-765,2023-12-23 18:48:05.042521,CUST-0288,TECH,East,96.18,10,0.1,72.96
ORD-766,2024-01-04 02:29:50.095047,CUST-0128,Furniture,South,408.03,13,,44.89
ORD-767,2023-02-04 16:36:58.709354,CUST-0096,Furniture,West,293.87,4,0.0,24.35
ORD-768,2024-09-08 01:30:45.922961,CUST-0092,Furniture,West,35.09,1,0.1,195.53
ORD-769,2023-08-30 18:01:15.637818,CUST-0141,Furniture,East,393.9,1,0.3,13.7
ORD-770,2024-03-18 23:11:44.152076,CUST-0031,Furniture,West,124.0,12,,-10.28
ORD-771,2024-10-04 08:32:53.786893,CUST-0020,Technology,,172.36,14,0.1,-4.88
ORD-772,2023-01-14 03:31:03.931965,CUST-0146,Furniture,East,23.62,8,0.0,30.06
ORD-773,2024-10-20 10:10:51.925962,CUST-0160,Furniture,East,366.62,7,,29.96
ORD-774,2024-05-23 08:01:12.036018,CUST-0043,furniture,North,91.92,14,0.0,90.24
ORD-775,2024-09-19 09:12:30.975487,CUST-0254,Office Supplies,West,628.67,8,0.0,75.49
ORD-776,2024-07-19 07:15:49.074537,CUST-0130,Office Supplies,West,113.26,13,0.0,75.57
ORD-777,2023-04-12 12:29:53.696848,CUST-0060,Office Supplies,North,384.37,4,0.1,16.31
ORD-778,2023-03-20 21:06:23.591795,CUST-0151,TECH,East,80.75,6,0.2,70.59
ORD-779,2023-11-13 05:57:17.918959,CUST-0287,Furniture,South,117.54,13,0.3,76.88
ORD-780,2023-11-15 10:32:28.574287,CUST-0005,furniture,West,135.55,3,0.2,25.24
ORD-781,2024-10-26 23:56:23.891945,CUST-0266,Technology,East,,11,0.0,46.75
ORD-782,2024-04-18 06:38:21.550775,CUST-0130,Furniture,North,92.19,13,0.1,76.8
ORD-783,2024-11-26 07:23:01.290645,CUST-0267,TECH,North,66.19,8,0.2,42.67
ORD-784,2023-01-23 06:37:38.329164,CUST-0178,Office Supplies,West,128.75,4,0.1,48.39
ORD-785,2023-08-06 06:48:26.653326,CUST-0253,Furniture,North,139.25,3,,114.43
ORD-786,2024-11-25 22:37:09.514757,CUST-0056,furniture,East,263.17,4,0.3,43.14
ORD-787,2023-09-23 20:28:12.846423,CUST-0083,Technology,West,133.66,6,0.1,-6.46
ORD-788,2024-05-13 11:22:54.087043,CUST-0099,Technology,South,98.0,11,0.0,-50.74
ORD-789,2023-05-25 14:41:43.251625,CUST-0149,Furniture,East,139.35,7,0.2,36.79
ORD-790,2023-09-12 21:32:19.569784,CUST-0156,Office Supplies,West,62.67,7,,10.11
ORD-791,2024-01-16 12:29:10.475237,CUST-0190,Technology,South,35.28,14,0.0,78.5
ORD-792,2023-03-06 06:31:52.556278,CUST-0263,Office Supplies,South,329.26,12,0.3,124.66
ORD-793,2024-08-20 01:45:53.576788,CUST-0080,Office Supplies,West,297.39,4,0.0,-31.78
ORD-794,2023-05-25 05:55:51.475737,CUST-0252,Furniture,West,111.96,8,0.1,-23.15
ORD-795,2023-06-12 03:23:08.494247,CUST-0097,Furniture,North,234.6,7,0.1,28.55
ORD-796,2024-04-03 16:03:50.515257,CUST-0260,furniture,South,48.3,2,0.2,-18.0
ORD-797,2024-12-08 17:22:21.670835,CUST-0260,Office Supplies,South,72.16,13,0.3,16.68
ORD-798,2023-01-28 09:19:43.191595,CUST-0103,TECH,East,168.28,8,0.0,-2.17
ORD-799,2023-04-07 09:47:48.834417,CUST-0040,Office Supplies,West,357.47,9,0.0,-30.47
ORD-800,2023-06-15 19:01:46.253126,CUST-0273,Technology,West,779.24,5,0.2,79.55
ORD-801,2024-10-26 06:24:40.340170,CUST-0101,Office Supplies,South,228.71,4,0.0,34.52
ORD-802,2023-09-19 20:03:43.311655,CUST-0221,Office Supplies,North,238.52,4,0.1,139.82
ORD-803,2023-09-26 01:03:23.501750,CUST-0124,Furniture,North,206.21,13,0.0,51.54
ORD-804,2024-05-28 19:29:08.674337,CUST-0231,Office Supplies,,123.48,4,0.0,107.31
ORD-805,2024-08-02 13:04:28.334167,CUST-0178,Office Supplies,East,427.37,6,0.2,-13.73
ORD-806,2023-11-07 09:43:29.504752,CUST-0063,TECH,East,40.68,11,0.2,-14.47
ORD-807,2024-07-12 08:44:25.332666,CUST-0116,Technology,West,170.44,4,0.0,163.25
ORD-808,2024-05-22 14:29:28.484242,CUST-0191,Furniture,West,316.61,7,0.0,-6.53
ORD-809,2023-02-22 05:18:23.951975,CUST-0062,Furniture,East,212.63,7,0.0,-26.95
ORD-810,2023-11-19 19:42:49.884942,CUST-0256,Furniture,East,59.29,5,0.1,-40.27
ORD-811,2024-02-03 18:42:19.269634,CUST-0007,Office Supplies,North,45.51,13,0.0,144.95
ORD-812,2024-02-14 17:38:12.546273,CUST-0155,Technology,South,170.49,5,0.1,13.52
ORD-813,2023-05-25 05:55:51.475737,CUST-0092,TECH,West,36.09,10,0.2,54.2
ORD-814,2024-01-18 17:04:21.130565,CUST-0014,Furniture,West,569.76,8,0.2,39.08
ORD-815,2023-12-12 19:52:11.765882,,Office Supplies,East,199.91,7,0.0,-13.4
ORD-816,2023-11-22 00:18:00.540270,CUST-0086,Office Supplies,North,302.35,14,0.2,12.22
ORD-817,2024-06-28 20:27:29.624812,CUST-0133,Technology,North,387.75,7,,80.74
ORD-818,2024-07-04 07:55:26.263131,CUST-0183,Office Supplies,North,192.25,6,0.0,-43.55
ORD-819,2024-08-02 21:50:20.110055,CUST-0062,Technology,East,280.41,7,0.0,70.45
ORD-820,2024-03-04 17:23:04.892446,CUST-0219,Technology,East,197.76,7,0.1,116.04
ORD-821,2024-03-02 04:02:02.461230,CUST-0246,Furniture,East,186.0,10,0.0,47.54
ORD-822,2023-07-27 10:10:08.704352,CUST-0230,Technology,North,204.68,14,0.2,110.0
ORD-823,2024-01-23 19:46:25.992996,CUST-0079,Furniture,South,1098.73,2,0.3,-52.28
ORD-824,2023-02-09 10:33:11.795897,CUST-0149,Technology,South,351.84,14,0.1,-79.8
ORD-825,2024-09-18 15:40:47.423711,CUST-0138,Office Supplies,West,927.68,10,0.2,44.56
ORD-826,2024-01-24 22:04:01.320660,CUST-0065,Office Supplies,South,198.75,2,0.2,-5.18
ORD-827,2024-03-17 12:08:17.048524,CUST-0013,TECH,South,565.37,14,0.0,82.73
ORD-828,2023-12-08 01:55:58.679339,CUST-0213,furniture,West,89.99,10,0.0,11.37
ORD-829,2023-05-25 23:27:35.027513,CUST-0242,furniture,West,371.21,7,0.3,38.83
ORD-830,2024-03-31 00:25:12.756378,CUST-0213,Office Supplies,South,40.91,14,,34.86
ORD-831,2023-08-20 03:51:14.137068,CUST-0181,Technology,West,120.98,10,0.2,36.77
ORD-832,2024-02-27 03:37:32.926463,CUST-0173,Office Supplies,South,174.9,7,,-2.56
ORD-833,2024-03-09 02:33:26.203101,CUST-0160,furniture,,19.62,7,0.0,-51.88
ORD-834,2024-03-28 02:18:18.549274,CUST-0164,Office Supplies,North,124.85,5,0.0,16.85
ORD-835,2023-09-25 07:31:39.949974,CUST-0188,TECH,South,468.67,1,0.0,117.0
ORD-836,2023-03-27 10:51:55.557778,CUST-0191,TECH,North,342.09,14,0.0,-6.53
ORD-837,2024-11-12 10:20:13.806903,CUST-0256,Technology,North,74.72,2,0.3,-6.86
ORD-838,2023-08-28 22:11:56.758379,CUST-0183,Office Supplies,West,320.85,13,,39.46
ORD-839,2023-10-01 21:17:11.915957,CUST-0117,Furniture,East,351.79,9,0.3,-40.63
ORD-840,2023-08-03 08:41:32.446223,CUST-0282,furniture,West,,8,0.1,90.21
ORD-841,2024-01-12 20:50:32.716358,CUST-0196,Furniture,North,276.55,8,0.0,-34.9
ORD-842,2024-02-05 14:31:38.149074,CUST-0034,furniture,East,161.52,10,0.0,12.64
ORD-843,2023-12-15 00:27:22.421210,CUST-0052,Office Supplies,East,413.34,1,0.0,182.33
ORD-844,2023-06-29 07:18:41.960980,CUST-0112,Office Supplies,East,383.62,6,0.2,-38.55
ORD-845,2023-11-30 01:06:59.609804,CUST-0252,TECH,North,536.41,9,0.1,118.34
ORD-846,2024-04-10 23:21:06.033016,CUST-0082,Technology,,429.27,8,,37.27
ORD-847,2024-04-02 13:46:15.187593,CUST-0232,Office Supplies,,70.02,3,0.3,45.74
ORD-848,2024-07-17 02:40:38.419209,CUST-0227,Office Supplies,West,163.97,4,0.0,-18.56
ORD-849,2024-03-13 02:57:55.737868,CUST-0233,Office Supplies,South,4.5,3,0.0,77.93
ORD-850,2024-09-04 01:06:16.388194,CUST-0221,Technology,North,78.84,6,0.2,8.04
ORD-851,2024-03-10 22:22:45.082541,CUST-0042,Office Supplies,West,100.09,14,0.0,-38.87
ORD-852,2023-03-03 17:10:50.125062,CUST-0021,TECH,North,132.21,9,0.2,117.34
ORD-853,2024-06-01 02:21:54.657328,CUST-0042,furniture,East,494.25,8,0.1,6.85
ORD-854,2023-12-12 02:20:28.214107,CUST-0113,Office Supplies,South,311.06,13,0.0,-81.56
ORD-855,2023-10-17 22:55:10.055027,CUST-0105,Technology,West,401.09,10,0.1,13.88
ORD-856,2023-08-20 03:51:14.137068,CUST-0192,Office Supplies,West,362.19,4,0.1,78.48
ORD-857,2024-03-20 10:15:11.255627,CUST-0017,Office Supplies,North,139.04,2,0.3,68.9
ORD-858,2024-07-16 09:08:54.867433,CUST-0120,TECH,West,412.79,13,0.0,-8.45
ORD-859,2023-01-11 05:24:09.724862,CUST-0129,Furniture,East,127.92,8,0.3,-28.65
ORD-860,2024-03-09 20:05:09.754877,CUST-0130,Office Supplies,North,551.91,8,0.2,-51.97
ORD-861,2024-06-11 16:31:56.158079,CUST-0060,Office Supplies,East,118.98,14,0.2,28.63
ORD-862,2023-05-04 10:21:40.250125,CUST-0048,Office Supplies,North,,12,0.0,39.06
ORD-863,2024-09-02 05:16:57.508754,CUST-0029,Office Supplies,West,244.46,11,0.1,72.54
ORD-864,2024-07-08 17:05:47.573786,CUST-0097,Technology,North,36.18,6,0.1,21.06
ORD-865,2024-05-21 20:57:44.932466,CUST-0010,Technology,North,125.86,14,0.1,19.28
ORD-866,2024-11-08 18:41:36.048024,CUST-0242,Technology,West,198.23,8,0.2,13.29
ORD-867,2024-05-13 11:22:54.087043,CUST-0232,Furniture,North,103.15,9,0.1,39.16
ORD-868,2023-07-02 05:25:36.168084,CUST-0277,Office Supplies,North,154.77,13,0.3,21.98
ORD-869,2024-09-05 12:09:43.491745,CUST-0284,Furniture,North,422.62,1,0.0,86.35
ORD-870,2023-07-06 05:50:05.702851,CUST-0203,Office Supplies,North,129.42,9,0.3,48.65
ORD-871,2024-05-07 23:54:57.448724,CUST-0247,Office Supplies,South,39.57,2,0.0,36.48
ORD-872,2023-03-20 21:06:23.591795,CUST-0290,Furniture,East,16.93,14,0.3,27.5
ORD-873,2024-04-28 12:02:31.275637,CUST-0264,Office Supplies,West,187.48,13,,-26.51
ORD-874,2024-02-26 18:51:41.150575,CUST-0214,Furniture,South,189.75,1,0.0,29.96
ORD-875,2024-10-29 04:31:34.547273,CUST-0200,TECH,West,821.37,8,0.1,-8.79
ORD-876,2024-02-04 03:28:11.045522,CUST-0079,TECH,East,227.24,8,0.2,50.79
ORD-877,2024-04-10 14:35:14.257128,CUST-0173,Technology,West,200.05,11,0.0,17.47
ORD-878,2024-06-09 03:10:53.726863,CUST-0069,TECH,East,139.84,4,0.1,129.86
ORD-879,2024-10-22 23:31:54.357178,CUST-0087,Technology,East,193.23,8,0.0,-45.72
ORD-880,2023-06-12 03:23:08.494247,CUST-0101,Office Supplies,,563.04,7,0.3,-156.03
ORD-881,2023-11-16 12:50:03.901950,CUST-0008,Furniture,North,562.09,13,0.3,46.06
ORD-882,2024-03-16 01:04:49.944972,CUST-0200,Technology,West,255.35,2,0.2,-8.59
ORD-883,2023-03-02 14:53:14.797398,CUST-0087,Technology,,64.71,5,0.2,39.66
ORD-884,2023-02-02 20:47:39.829914,CUST-0043,Technology,South,212.21,14,0.2,-44.14
ORD-885,2023-09-18 09:00:16.208104,CUST-0109,Technology,West,46.8,10,0.0,144.54
ORD-886,2024-11-17 21:48:10.445222,CUST-0152,Office Supplies,East,367.12,4,0.1,6.81
ORD-887,2024-07-21 11:50:59.729864,CUST-0017,Technology,South,142.06,3,0.1,-12.48
ORD-888,2023-01-14 21:02:47.483741,CUST-0133,TECH,North,25.61,1,,143.43
ORD-889,2024-02-24 14:16:30.495247,CUST-0148,Office Supplies,North,105.04,5,0.2,80.42
ORD-890,2024-06-22 06:41:57.658829,CUST-0277,Technology,South,271.99,10,0.1,113.37
ORD-891,2023-03-04 19:28:25.452726,CUST-0232,Office Supplies,North,454.43,8,0.2,19.67
ORD-892,2023-08-27 02:22:37.878939,CUST-0228,Technology,West,219.51,12,0.0,32.81
ORD-893,2023-10-02 23:34:47.243621,CUST-0139,Technology,North,322.68,9,0.2,-5.8
ORD-894,2024-03-29 22:07:37.428714,CUST-0211,Furniture,West,429.75,7,0.1,-12.81
ORD-895,2024-08-29 13:38:19.749874,CUST-0028,Technology,North,309.82,12,0.0,53.89
ORD-896,2024-01-30 18:17:49.734867,CUST-0051,Furniture,North,316.52,11,0.1,7.89
ORD-897,2024-09-06 14:27:18.819409,CUST-0261,Technology,East,171.46,1,0.2,163.25
ORD-898,2023-06-23 11:04:53.546773,CUST-0261,Office Supplies,West,203.67,1,0.1,80.55
ORD-899,2023-06-16 03:47:38.029014,CUST-0008,Technology,West,208.15,1,0.1,143.0
ORD-900,2023-10-30 08:54:30.435217,CUST-0138,Furniture,West,54.68,2,0.2,-103.72
ORD-901,2023-11-23 11:21:27.643821,CUST-0038,Technology,North,206.55,1,0.2,143.73
ORD-902,2024-05-20 09:54:17.828914,CUST-0111,Office Supplies,West,108.18,4,0.3,-113.1
ORD-903,2024-12-16 00:39:37.188594,CUST-0220,furniture,South,183.0,10,0.0,-45.65
ORD-904,2024-01-09 22:43:38.509254,CUST-0223,TECH,East,351.68,9,,-75.16
ORD-905,2023-05-21 23:03:05.492746,CUST-0136,TECH,North,94.07,12,0.1,44.58
ORD-906,2024-12-29 21:42:24.672336,CUST-0256,Technology,South,238.69,4,0.2,28.91
ORD-907,2023-05-07 17:14:26.233116,CUST-0049,Technology,North,280.78,13,0.2,77.7
ORD-908,2023-03-11 00:28:05.642821,CUST-0292,Furniture,West,297.48,4,0.0,24.69
ORD-909,2023-07-04 01:14:55.047523,CUST-0078,Office Supplies,South,,7,0.0,103.51
ORD-910,2024-03-19 07:57:35.927963,CUST-0105,Office Supplies,West,287.05,14,0.2,-25.96
ORD-911,2024-07-13 02:16:08.884442,CUST-0169,Technology,East,499.07,11,0.1,104.89
ORD-912,2024-05-23 08:01:12.036018,CUST-0217,TECH,West,368.83,9,0.2,28.16
ORD-913,2024-06-06 22:35:43.071535,,Furniture,East,218.91,7,0.1,171.35
ORD-914,2023-10-28 13:05:11.555777,CUST-0190,TECH,South,355.87,1,0.0,82.31
ORD-915,2023-12-05 21:20:48.024012,CUST-0255,Technology,East,19.78,1,0.0,11.78
ORD-916,2023-12-07 17:10:06.903451,CUST-0266,Technology,South,323.25,4,0.2,27.96
ORD-917,2024-02-21 07:23:44.512256,CUST-0149,Furniture,South,25.16,4,0.0,-30.55
ORD-918,2023-02-18 13:39:46.193096,CUST-0164,Furniture,East,54.24,1,0.2,51.56
ORD-919,2023-01-21 19:34:11.225612,CUST-0140,Office Supplies,North,253.33,6,0.0,11.75
ORD-920,2024-07-30 14:57:34.127063,CUST-0258,Technology,East,157.53,10,0.2,73.45
ORD-921,2023-09-07 18:50:14.707353,CUST-0269,Furniture,West,113.99,2,0.0,-50.28
ORD-922,2023-09-03 00:54:01.620810,CUST-0181,Office Supplies,East,200.65,11,0.0,10.22
ORD-923,2023-03-04 19:28:25.452726,CUST-0160,furniture,South,89.14,5,0.2,-39.57
ORD-924,2024-11-07 07:38:08.944472,CUST-0288,furniture,,135.9,8,0.1,-35.84
ORD-925,2023-10-25 06:12:25.572786,CUST-0288,TECH,East,289.34,3,0.0,66.36
ORD-926,2024-03-03 23:51:21.340670,CUST-0226,Office Supplies,East,16.16,9,,97.47
ORD-927,2023-01-29 20:23:10.295147,CUST-0011,Office Supplies,North,56.37,7,0.0,-109.95
ORD-928,2023-11-20 04:28:41.660830,CUST-0010,Technology,East,155.06,9,0.1,141.71
ORD-929,2024-03-27 08:46:34.997498,CUST-0271,Office Supplies,South,531.81,1,0.0,114.25
ORD-930,2023-03-15 18:24:18.729364,,Furniture,North,320.62,5,0.0,-50.8
ORD-931,2023-10-06 15:13:25.002501,CUST-0183,Office Supplies,West,277.54,12,0.1,79.61
ORD-932,2024-04-02 05:00:23.411705,CUST-0153,Office Supplies,South,396.15,13,0.0,2.39
ORD-933,2024-09-12 10:41:07.233616,CUST-0124,Office Supplies,West,143.32,3,0.2,24.11
ORD-934,2024-04-01 11:28:39.859929,CUST-0114,Office Supplies,South,395.56,4,0.0,66.12
ORD-935,2024-09-06 05:41:27.043521,CUST-0278,Office Supplies,South,127.46,4,0.2,58.8
ORD-936,2024-07-21 20:36:51.505752,CUST-0213,Furniture,East,252.39,11,0.0,-4.38
ORD-937,2024-06-18 15:03:19.899949,CUST-0172,Technology,East,79.33,12,0.0,-4.63
ORD-938,2024-06-04 09:14:40.640320,CUST-0288,Office Supplies,,514.96,7,0.0,-1.09
ORD-939,2023-01-17 19:09:41.690845,CUST-0174,Technology,South,151.48,10,0.2,98.57
ORD-940,2024-04-03 16:03:50.515257,CUST-0113,Furniture,East,108.78,11,0.1,-81.71
ORD-941,2024-04-29 23:05:58.379189,CUST-0122,Office Supplies,South,302.59,8,0.3,20.29
ORD-942,2024-07-19 16:01:40.850425,CUST-0032,Technology,West,131.89,11,0.1,124.35
ORD-943,2024-03-01 19:16:10.685342,CUST-0222,Office Supplies,East,109.55,10,0.2,72.22
ORD-944,2024-06-09 03:10:53.726863,CUST-0119,Office Supplies,South,43.68,5,0.1,93.06
ORD-945,2024-07-14 22:05:27.763881,CUST-0039,Office Supplies,East,276.27,13,0.0,21.12
ORD-946,2024-05-24 19:04:39.139569,CUST-0268,TECH,South,253.97,13,0.0,-39.81
ORD-947,2024-08-03 06:36:11.885942,CUST-0233,Office Supplies,East,116.99,12,0.1,33.34
ORD-948,2024-11-28 03:12:20.170085,CUST-0018,Office Supplies,North,70.4,10,0.1,-11.34
ORD-949,2024-04-13 03:56:16.688344,CUST-0149,Technology,East,504.11,7,0.0,163.84
ORD-950,2023-08-28 04:40:13.206603,CUST-0149,Office Supplies,North,463.17,3,0.2,20.51
ORD-951,2023-06-21 15:15:34.667333,CUST-0126,Office Supplies,North,223.39,3,0.1,68.25
ORD-952,2024-12-22 14:25:09.154577,CUST-0238,Office Supplies,East,503.96,3,0.1,132.14
ORD-953,2023-12-21 05:27:02.611305,CUST-0135,Technology,West,669.57,12,0.0,-35.8
ORD-954,2024-01-13 23:08:08.044022,CUST-0151,Office Supplies,West,294.42,4,0.1,-106.78
ORD-955,2024-05-09 02:12:32.776388,CUST-0236,Furniture,East,105.52,6,0.0,59.4
ORD-956,2023-09-26 09:49:15.277638,CUST-0224,Office Supplies,South,3227.25,5,0.0,70.7
ORD-957,2023-10-13 22:30:40.520260,CUST-0203,furniture,West,81.58,8,0.2,5.15
ORD-958,2023-12-20 03:09:27.283641,CUST-0256,Furniture,North,525.4,14,0.0,-39.38
ORD-959,2023-05-11 08:53:03.991995,CUST-0086,TECH,West,164.27,14,0.0,48.59
ORD-960,2023-12-21 14:12:54.387193,CUST-0150,Office Supplies,West,538.82,12,0.0,28.58
ORD-961,2024-06-06 13:49:51.295647,CUST-0235,TECH,East,361.87,13,0.1,49.33
ORD-962,2023-09-01 13:50:34.517258,CUST-0022,TECH,West,289.7,5,0.0,-37.98
ORD-963,2023-05-16 20:21:00.630315,CUST-0285,Office Supplies,West,740.24,11,0.0,49.49
ORD-964,2024-01-12 12:04:40.940470,CUST-0269,Furniture,North,119.03,12,0.1,79.17
ORD-965,2024-02-23 03:13:03.391695,CUST-0258,Furniture,South,101.37,5,0.1,-60.35
ORD-966,2024-05-15 15:58:04.742371,CUST-0029,Furniture,North,240.08,14,,117.62
ORD-967,2023-09-04 11:57:28.724362,CUST-0213,Technology,East,399.31,10,0.0,45.27
ORD-968,2023-02-02 12:01:48.054027,CUST-0283,Office Supplies,East,22.08,2,0.0,81.06
ORD-969,2024-09-02 05:16:57.508754,CUST-0050,Office Supplies,East,357.78,12,0.1,-46.74
ORD-970,2023-09-12 12:46:27.793896,CUST-0095,Office Supplies,East,74.33,11,0.0,70.96
ORD-971,2024-05-03 23:30:27.913956,CUST-0088,TECH,West,11.25,11,0.3,-68.68
ORD-972,2024-03-14 14:01:22.841420,CUST-0044,Furniture,East,348.12,5,0.1,-26.89
ORD-973,2023-07-16 20:00:07.203601,CUST-0278,Furniture,East,711.12,12,0.0,45.8
ORD-974,2023-09-24 22:45:48.174087,CUST-0171,Furniture,East,128.24,7,0.2,13.44
ORD-975,2023-11-13 23:29:01.470735,CUST-0189,TECH,East,303.3,2,0.0,31.65
ORD-976,2023-01-15 14:34:31.035517,CUST-0184,Technology,East,486.38,14,,145.64
ORD-977,2023-09-27 20:52:42.381190,CUST-0003,Office Supplies,East,404.22,13,0.3,30.71
ORD-978,2024-09-22 16:05:16.958479,CUST-0191,Furniture,West,316.14,6,0.1,72.58
ORD-979,2024-12-11 15:29:15.877938,CUST-0118,Office Supplies,West,502.27,7,0.0,25.99
ORD-980,2023-07-02 22:57:19.719859,CUST-0019,Furniture,East,205.39,5,0.0,24.22
ORD-981,2023-12-16 20:16:41.300650,CUST-0023,TECH,West,262.67,9,0.0,-28.7
ORD-982,2024-03-02 12:47:54.237118,,Technology,West,42.53,14,0.0,52.09
ORD-983,2024-03-22 23:36:13.686843,CUST-0295,Office Supplies,East,486.58,4,0.1,182.13
ORD-984,2023-12-05 21:20:48.024012,CUST-0108,furniture,East,27.46,14,,35.27
ORD-985,2024-09-29 23:22:32.476238,CUST-0281,Furniture,West,29.05,14,0.1,13.98
ORD-986,2023-06-17 23:36:56.908454,CUST-0128,Technology,North,34.49,13,0.2,98.41
ORD-987,2023-09-24 22:45:48.174087,CUST-0229,furniture,East,1164.62,10,0.2,91.37
ORD-988,2023-10-02 06:03:03.691845,CUST-0111,Office Supplies,East,169.45,1,0.3,56.34
ORD-989,2023-12-04 10:17:20.920460,CUST-0136,Technology,South,280.64,14,0.0,11.5
ORD-990,2023-11-28 14:03:32.506253,CUST-0186,Office Supplies,West,291.99,8,0.1,98.67
ORD-991,2024-07-31 08:29:17.678839,CUST-0144,Office Supplies,East,,8,0.2,37.26
ORD-992,2024-07-27 08:04:48.144072,CUST-0072,Furniture,South,313.93,7,0.3,84.83
ORD-993,2024-04-10 23:21:06.033016,CUST-0129,Office Supplies,South,218.28,8,,-19.16
ORD-994,2023-05-23 01:20:40.820410,CUST-0261,Technology,West,103.68,2,0.2,-5.2
ORD-995,2024-08-13 12:00:21.610805,CUST-0003,TECH,West,300.04,3,0.0,35.81
ORD-996,2023-11-19 02:11:06.333166,CUST-0104,Technology,East,171.65,9,0.1,-44.11
ORD-997,2023-04-04 02:55:02.851425,CUST-0224,furniture,East,310.52,1,0.0,7.81
ORD-998,2023-09-16 13:10:57.328664,CUST-0010,furniture,North,83.46,8,0.1,-46.77
ORD-999,2024-11-02 04:56:04.082041,CUST-0231,Furniture,East,205.66,8,0.1,-62.69
ORD-1000,2024-12-10 21:57:32.326163,CUST-0219,Office Supplies,West,231.25,7,0.2,176.16
ORD-1001,2023-06-13 23:12:27.373686,CUST-0066,Furniture,South,629.72,13,,-6.54
ORD-1002,2023-01-04 06:52:45.982991,CUST-0112,Technology,South,404.19,14,0.2,-1.26
ORD-1003,2023-10-28 13:05:11.555777,CUST-0013,TECH,East,363.97,11,0.0,34.81
ORD-1004,2023-10-19 01:12:45.382691,CUST-0086,Furniture,North,582.22,5,0.0,-33.7
ORD-1005,2024-04-06 22:56:36.498249,CUST-0234,Technology,West,142.02,4,0.3,-0.1
ORD-1006,2024-04-10 05:49:22.481240,CUST-0090,Technology,South,146.33,10,0.0,140.06
ORD-1007,2023-11-16 21:35:55.677838,CUST-0054,Office Supplies,West,184.95,10,0.0,51.49
ORD-1008,2024-01-11 09:47:05.612806,CUST-0012,Office Supplies,East,365.93,13,0.0,89.16
ORD-1009,2024-02-22 00:55:28.064032,CUST-0209,Office Supplies,East,184.49,10,0.1,124.42
ORD-1010,2024-01-06 15:50:52.526263,CUST-0014,Furniture,West,220.78,14,0.0,42.64
ORD-1011,2024-10-28 02:13:59.219609,CUST-0121,Furniture,West,549.86,10,,16.73
ORD-1012,2023-05-17 05:06:52.406203,CUST-0020,Furniture,South,129.22,6,,-56.03
ORD-1013,2024-02-02 07:38:52.166083,CUST-0075,Office Supplies,North,73.64,12,,7.03
ORD-1014,2023-02-22 22:50:07.503751,CUST-0243,Furniture,West,158.35,11,0.0,20.25
ORD-1015,2023-03-23 10:27:26.023011,CUST-0223,furniture,West,118.76,1,,-18.44
ORD-1016,2024-04-05 20:39:01.170585,CUST-0070,Office Supplies,East,332.75,13,,122.71
ORD-1017,2023-03-06 06:31:52.556278,CUST-0211,Technology,South,21.32,5,,96.14
ORD-1018,2024-10-20 01:25:00.150075,CUST-0101,Office Supplies,South,,14,0.2,89.13
ORD-1019,2023-11-08 03:15:13.056528,CUST-0186,Office Supplies,,121.11,4,0.2,23.03
ORD-1020,2024-04-21 13:31:07.533766,CUST-0132,TECH,South,48.7,4,0.0,-31.98
ORD-1021,2023-01-23 15:23:30.105052,CUST-0111,Furniture,East,313.95,7,0.3,109.68
ORD-1022,2024-03-28 19:50:02.101050,CUST-0132,Office Supplies,East,570.56,9,0.0,50.12
ORD-1023,2024-11-16 10:44:43.341670,CUST-0020,Technology,North,237.79,8,0.0,76.38
ORD-1024,2023-10-29 15:22:46.883441,CUST-0024,Furniture,South,38.47,11,,67.15
ORD-1025,2023-10-17 22:55:10.055027,CUST-0227,Furniture,East,,13,0.1,48.64
ORD-1026,2023-09-09 05:53:41.810905,CUST-0154,Office Supplies,East,45.11,14,0.0,149.98
ORD-1027,2024-06-25 22:20:35.417708,CUST-0293,Furniture,South,124.53,12,,-9.44
ORD-1028,2024-12-13 20:04:26.533266,CUST-0230,Office Supplies,East,445.28,8,,11.46
ORD-1029,2024-08-19 08:14:10.025012,CUST-0202,Furniture,West,142.7,5,0.0,128.47
ORD-1030,2023-02-07 23:29:44.692346,CUST-0038,furniture,North,213.36,6,0.3,34.92
ORD-1031,2024-02-14 17:38:12.546273,CUST-0260,Technology,East,245.51,2,0.0,22.44
ORD-1032,2023-07-06 05:50:05.702851,CUST-0188,Technology,East,120.54,13,0.0,14.82
ORD-1033,2023-05-21 05:31:21.940970,CUST-0057,Technology,South,296.64,11,0.0,70.76
ORD-1034,2023-05-28 12:48:37.458729,CUST-0020,furniture,North,52.68,14,0.0,16.24
ORD-1035,2023-10-28 04:19:19.779889,CUST-0273,Furniture,,406.47,3,0.0,9.51
ORD-1036,2023-07-08 19:11:08.134067,CUST-0119,furniture,West,72.94,5,0.0,69.77
ORD-1037,2023-06-23 11:04:53.546773,CUST-0071,Technology,East,102.54,2,,35.6
ORD-1038,2023-09-16 13:10:57.328664,CUST-0004,Technology,North,171.21,3,0.2,-30.57
ORD-1039,2024-11-19 17:37:29.324662,CUST-0221,Office Supplies,West,289.65,4,0.3,31.92
ORD-1040,2024-09-01 02:59:22.181090,CUST-0014,Furniture,East,245.84,6,0.2,113.67
ORD-1041,2024-11-22 06:58:31.755877,CUST-0003,Office Supplies,South,32.38,5,0.0,75.92
ORD-1042,2023-10-09 04:34:27.433716,CUST-0216,Technology,East,140.12,10,,121.08
ORD-1043,2024-06-17 03:59:52.796398,CUST-0229,Furniture,East,37.95,4,0.3,-13.88
ORD-1044,2024-01-17 23:32:37.578789,CUST-0186,Technology,East,496.5,13,0.0,94.21
ORD-1045,2023-12-30 17:19:28.784392,CUST-0055,Furniture,West,579.35,2,0.0,-8.91
ORD-1046,2024-08-02 21:50:20.110055,CUST-0254,Furniture,West,144.78,12,0.2,-43.94
ORD-1047,2023-09-04 20:43:20.500250,CUST-0024,Furniture,West,142.64,11,0.2,-18.18
ORD-1048,2023-09-18 09:00:16.208104,CUST-0162,Furniture,North,182.63,5,0.3,37.88
ORD-1049,2024-06-24 20:03:00.090045,CUST-0158,Office Supplies,South,468.11,5,0.0,91.68
ORD-1050,2023-01-30 22:40:45.622811,CUST-0082,Furniture,East,48.87,11,0.0,48.62
ORD-1051,2024-03-02 12:47:54.237118,CUST-0159,TECH,East,185.8,7,0.1,20.8
ORD-1052,2024-02-09 14:56:07.683841,CUST-0188,Office Supplies,East,203.03,1,0.1,-31.93
ORD-1053,2024-02-07 01:35:05.252626,CUST-0060,Furniture,East,65.11,4,0.0,72.32
ORD-1054,2023-06-16 12:33:29.804902,CUST-0211,Technology,North,8.06,11,0.0,87.82
ORD-1055,2024-11-25 05:05:25.962981,CUST-0152,furniture,North,254.69,5,0.1,47.9
ORD-1056,2023-01-01 00:00:00.000000,CUST-0109,Technology,South,171.7,8,0.2,-33.14
ORD-1057,2023-01-19 06:13:08.794397,CUST-0076,Furniture,East,320.18,12,0.0,78.52
ORD-1058,2023-09-07 18:50:14.707353,CUST-0030,furniture,West,463.84,12,0.1,103.63
ORD-1059,2023-09-19 11:17:51.535767,CUST-0117,Technology,West,597.91,8,0.3,121.98
ORD-1060,2024-10-17 12:03:57.718859,CUST-0192,Furniture,East,344.82,1,,3.74
ORD-1061,2024-06-20 10:52:38.779389,CUST-0019,Furniture,North,112.8,5,0.0,56.18
ORD-1062,2023-06-13 14:26:35.597798,CUST-0173,Office Supplies,,43.36,10,0.0,-2.07
ORD-1063,2023-11-18 08:39:22.781390,CUST-0228,Furniture,West,100.23,1,,-25.34
ORD-1064,2023-06-27 20:15:14.857428,CUST-0183,furniture,North,1411.28,1,0.0,124.99
ORD-1065,2024-10-27 17:28:07.443721,CUST-0113,Office Supplies,West,240.77,2,0.2,63.87
ORD-1066,2023-01-13 01:13:28.604302,CUST-0183,TECH,East,102.37,2,0.1,107.56
ORD-1067,2024-05-15 15:58:04.742371,CUST-0146,Office Supplies,North,333.91,9,0.0,-43.49
ORD-1068,2023-02-04 07:51:06.933466,CUST-0116,Furniture,West,264.25,4,0.2,47.31
ORD-1069,2024-02-04 20:59:54.597298,CUST-0113,Furniture,East,78.13,3,0.2,60.5
ORD-1070,2024-07-28 19:08:15.247623,CUST-0251,Office Supplies,North,165.16,11,0.1,-19.93
ORD-1071,2023-02-25 20:57:01.710855,CUST-0251,Technology,South,193.54,1,0.0,119.27
ORD-1072,2023-04-01 22:19:52.196098,CUST-0118,Technology,West,144.68,12,,15.27
ORD-1073,2023-09-03 18:25:45.172586,CUST-0161,Office Supplies,West,127.06,2,0.1,57.22
ORD-1074,2023-06-09 14:02:06.063031,CUST-0198,Furniture,South,242.37,6,0.1,-3.02
ORD-1075,2023-02-12 17:25:57.778889,CUST-0260,Furniture,South,34.16,9,0.3,-41.66
ORD-1076,2023-10-09 04:34:27.433716,CUST-0148,Technology,North,318.19,5,0.1,84.78
ORD-1077,2024-11-29 23:01:39.049524,CUST-0240,Furniture,East,263.61,4,0.2,52.74
ORD-1078,2024-04-30 07:51:50.155077,CUST-0047,Office Supplies,South,109.26,13,,44.24
ORD-1079,2023-04-08 12:05:24.162081,CUST-0198,Technology,East,468.84,5,0.0,13.31
ORD-1080,2024-12-25 12:32:03.361680,CUST-0047,TECH,North,357.8,9,0.1,51.11
ORD-1081,2024-01-29 07:14:22.631315,CUST-0078,Office Supplies,East,105.23,12,,105.97
ORD-1082,2023-03-27 19:37:47.333666,CUST-0124,Furniture,North,296.57,13,0.0,-11.03
ORD-1083,2023-05-22 16:34:49.044522,CUST-0075,Technology,West,114.37,7,0.0,63.62
ORD-1084,2023-12-28 03:58:26.353176,CUST-0137,Technology,West,185.93,8,,42.15
ORD-1085,2024-10-03 15:01:10.235117,CUST-0090,Office Supplies,West,238.48,4,0.3,18.94
ORD-1086,2023-10-06 06:27:33.226613,CUST-0061,TECH,East,102.55,11,,-68.73
ORD-1087,2024-11-05 20:34:41.840920,CUST-0138,furniture,North,334.91,8,0.0,29.28
ORD-1088,2023-05-27 01:45:10.355177,CUST-0050,Furniture,South,205.78,6,0.0,70.36
ORD-1089,2023-08-16 12:12:36.378189,CUST-0259,Furniture,South,219.46,5,0.0,49.44
ORD-1090,2023-10-07 17:31:00.330165,CUST-0107,Office Supplies,East,205.2,13,0.2,-56.32
ORD-1091,2024-04-29 05:34:14.827413,CUST-0113,Technology,North,,12,0.1,104.82
ORD-1092,2023-12-02 05:42:10.265132,CUST-0254,Furniture,North,455.38,7,0.0,128.88
ORD-1093,2024-03-25 04:11:24.342171,CUST-0118,Technology,West,566.41,6,0.0,23.43
ORD-1094,2024-04-02 05:00:23.411705,CUST-0198,Technology,East,878.32,3,0.1,168.66
ORD-1095,2023-11-08 03:15:13.056528,CUST-0051,Furniture,North,73.66,5,0.1,-19.77
ORD-1096,2024-12-06 21:33:02.791395,CUST-0245,Technology,South,189.51,9,0.0,-46.33
ORD-1097,2023-07-30 17:02:54.687343,CUST-0035,TECH,North,202.89,7,,-30.89
ORD-1098,2023-01-28 00:33:51.415707,CUST-0069,Furniture,West,98.41,12,0.0,44.71
ORD-1099,2023-06-08 11:44:30.735367,CUST-0049,Office Supplies,West,63.2,4,0.2,-76.7
ORD-1100,2023-02-07 05:58:01.140570,CUST-0074,Office Supplies,East,194.06,7,0.3,11.35
ORD-1101,2024-06-11 16:31:56.158079,CUST-0192,furniture,North,561.25,5,0.1,206.07
ORD-1102,2024-09-22 16:05:16.958479,CUST-0261,TECH,North,95.51,11,0.0,-60.23
ORD-1103,2023-10-06 15:13:25.002501,CUST-0070,Office Supplies,East,59.78,13,0.0,-2.83
ORD-1104,2023-09-27 03:20:58.829414,CUST-0090,Technology,South,234.15,2,0.3,-32.16
ORD-1105,2023-10-21 23:19:39.589794,CUST-0260,Office Supplies,East,357.34,13,0.0,12.91
ORD-1106,2024-04-30 07:51:50.155077,CUST-0126,Office Supplies,,177.36,6,0.2,9.11
ORD-1107,2023-02-05 10:08:42.261130,CUST-0231,Office Supplies,West,282.41,7,,-10.17
ORD-1108,2024-11-14 23:41:16.238119,CUST-0295,Furniture,East,249.4,8,,20.62
ORD-1109,2023-10-19 01:12:45.382691,CUST-0129,Office Supplies,West,199.89,6,0.1,67.99
ORD-1110,2024-05-10 22:01:51.655827,CUST-0280,Office Supplies,West,68.34,8,0.3,113.12
ORD-1111,2023-11-10 07:50:23.711855,CUST-0100,Furniture,East,45.37,7,,12.93
ORD-1112,2023-06-08 11:44:30.735367,CUST-0297,TECH,North,150.88,2,0.0,30.35
ORD-1113,2023-06-12 20:54:52.046023,CUST-0182,Furniture,North,85.03,14,0.0,57.8
ORD-1114,2024-05-01 01:23:33.706853,CUST-0174,Furniture,North,,6,0.0,-44.15
ORD-1115,2023-04-01 13:34:00.420210,CUST-0188,Office Supplies,East,344.68,9,0.0,20.84
ORD-1116,2023-03-02 06:07:23.021510,CUST-0057,Technology,North,188.76,12,0.3,-0.33
ORD-1117,2024-07-03 05:37:50.935467,CUST-0031,Furniture,East,402.96,6,0.1,87.12
ORD-1118,2023-12-25 23:23:15.697848,CUST-0084,Office Supplies,North,384.31,4,0.3,135.11
ORD-1119,2024-05-10 22:01:51.655827,CUST-0152,TECH,East,242.77,7,0.2,-16.62
ORD-1120,2024-01-08 02:54:19.629814,CUST-0036,Office Supplies,South,486.95,3,0.2,106.8
ORD-1121,2023-07-17 13:31:50.755377,CUST-0213,Office Supplies,North,20.74,5,0.1,-57.5
ORD-1122,2023-10-04 19:24:06.123061,CUST-0106,furniture,West,410.02,1,0.0,42.04
ORD-1123,2024-02-17 06:59:14.977488,CUST-0220,Furniture,West,78.1,10,0.3,45.6
ORD-1124,2024-08-02 04:18:36.558279,CUST-0163,Office Supplies,East,,3,0.1,-59.03
ORD-1125,2023-01-30 05:09:02.071035,CUST-0220,Office Supplies,West,102.55,8,0.1,-19.71
ORD-1126,2023-02-18 04:53:54.417208,CUST-0270,Office Supplies,South,627.23,9,0.0,-25.54
ORD-1127,2023-10-18 16:26:53.606803,CUST-0120,Office Supplies,South,268.7,9,,-48.68
ORD-1128,2023-11-25 07:10:46.523261,CUST-0182,Furniture,East,296.63,10,,-129.97
ORD-1129,2023-02-20 00:43:13.296648,CUST-0106,Office Supplies,North,294.39,2,0.1,17.57
ORD-1130,2023-03-08 19:52:54.987493,CUST-0217,Furniture,North,715.08,4,0.1,24.79
ORD-1131,2024-06-04 00:28:48.864432,CUST-0205,Technology,North,92.53,5,0.2,24.32
ORD-1132,2024-05-09 02:12:32.776388,CUST-0070,Office Supplies,East,194.11,3,0.0,75.94
ORD-1133,2023-10-14 07:16:32.296148,CUST-0044,Office Supplies,East,543.44,13,0.0,-86.27
ORD-1134,2024-07-13 02:16:08.884442,CUST-0228,furniture,East,131.56,11,0.2,7.14
ORD-1135,2024-11-15 17:12:59.789894,CUST-0184,Technology,South,220.45,1,0.0,183.6
ORD-1136,2023-12-25 23:23:15.697848,CUST-0107,Furniture,West,63.56,6,0.1,83.21
ORD-1137,2023-01-25 19:58:40.760380,CUST-0084,TECH,West,465.62,14,0.1,83.55
ORD-1138,2023-07-19 00:35:17.858929,CUST-0250,Furniture,South,132.3,10,0.0,-31.0
ORD-1139,2024-10-18 05:35:41.270635,CUST-0021,Furniture,North,244.79,2,0.0,18.25
ORD-1140,2023-01-19 23:44:52.346173,CUST-0196,Technology,South,238.61,9,0.0,-107.99
ORD-1141,2024-06-21 21:56:05.882941,CUST-0178,Office Supplies,West,553.82,1,0.0,65.13
ORD-1142,2023-03-16 11:56:02.281140,CUST-0007,Office Supplies,East,65.91,11,0.1,114.02
ORD-1143,2023-02-15 15:32:51.985992,CUST-0070,Furniture,South,145.37,9,0.2,-56.99
ORD-1144,2024-10-08 08:57:23.321660,CUST-0127,Office Supplies,West,159.03,7,,-39.53
ORD-1145,2023-01-16 08:06:14.587293,CUST-0160,Office Supplies,East,124.36,11,0.0,28.08
ORD-1146,2024-10-10 04:46:42.201100,CUST-0248,TECH,West,242.02,13,0.3,39.2
ORD-1147,2024-12-29 04:10:41.120560,CUST-0203,Furniture,East,129.7,10,0.0,-2.5
ORD-1148,2024-11-27 00:54:44.842421,CUST-0148,furniture,West,314.69,2,0.1,-18.92
ORD-1149,2023-02-10 04:04:55.347673,CUST-0143,Office Supplies,South,155.7,14,0.1,-18.28
ORD-1150,2023-10-05 12:55:49.674837,CUST-0199,furniture,South,231.51,6,0.1,27.06
ORD-1151,2024-09-07 16:44:54.147073,CUST-0154,Technology,South,169.52,8,0.2,65.17
ORD-1152,2024-03-16 09:50:41.720860,CUST-0142,Technology,East,508.63,2,0.0,27.04
ORD-1153,2023-11-06 07:25:54.177088,CUST-0165,Office Supplies,West,,5,0.0,21.31
ORD-1154,2023-02-04 07:51:06.933466,,Furniture,East,214.39,13,0.3,-75.56
ORD-1155,2024-12-29 04:10:41.120560,CUST-0082,Furniture,South,64.18,12,0.0,82.02
ORD-1156,2024-05-25 03:50:30.915457,CUST-0069,furniture,West,606.83,11,0.0,26.92
ORD-1157,2024-12-07 15:04:46.343171,CUST-0131,furniture,North,323.12,6,0.0,3.8
ORD-1158,2024-07-17 11:26:30.195097,CUST-0087,Office Supplies,North,15.64,3,0.0,45.31
ORD-1159,2023-11-25 07:10:46.523261,CUST-0218,Furniture,West,95.27,14,0.1,-20.63
ORD-1160,2023-05-12 02:24:47.543771,CUST-0161,Office Supplies,West,465.48,12,0.1,5.05
ORD-1161,2023-11-25 07:10:46.523261,CUST-0178,Technology,South,710.84,2,0.0,36.46
ORD-1162,2024-09-19 17:58:22.751375,CUST-0117,Office Supplies,South,245.21,11,0.0,-10.71
ORD-1163,2023-04-13 06:01:37.248624,CUST-0196,Technology,West,233.57,6,0.2,-68.74
ORD-1164,2024-03-20 19:01:03.031515,CUST-0086,TECH,West,120.07,3,0.2,-78.51
ORD-1165,2024-11-20 02:23:21.100550,CUST-0289,Furniture,,169.82,2,,56.74
ORD-1166,2024-03-20 19:01:03.031515,CUST-0081,Office Supplies,East,236.32,1,,28.13
ORD-1167,2023-09-01 05:04:42.741370,CUST-0152,Office Supplies,West,122.84,14,,26.01
ORD-1168,2023-02-03 14:19:23.381690,CUST-0061,Office Supplies,East,37.12,8,0.2,-39.71
ORD-1169,2023-09-03 00:54:01.620810,CUST-0061,Furniture,West,158.09,1,0.1,28.77
ORD-1170,2024-12-20 01:04:06.723361,CUST-0028,Furniture,East,349.88,12,0.0,5.97
ORD-1171,2023-01-22 21:51:46.553276,CUST-0043,furniture,West,,5,0.1,-6.0
ORD-1172,2023-08-20 03:51:14.137068,CUST-0169,Office Supplies,East,363.48,11,0.0,25.5
ORD-1173,2024-01-28 04:56:47.303651,CUST-0086,Office Supplies,West,36.58,6,0.3,47.79
ORD-1174,2024-06-04 18:00:32.416208,CUST-0177,TECH,,170.05,11,0.1,134.99
ORD-1175,2024-10-23 17:03:37.908954,CUST-0017,Technology,South,111.97,12,0.2,63.92
ORD-1176,2024-01-11 09:47:05.612806,CUST-0098,Furniture,South,140.11,12,0.0,81.45
ORD-1177,2024-06-27 18:09:54.297148,CUST-0198,Office Supplies,North,246.32,3,0.1,96.28
ORD-1178,2023-08-09 04:55:20.860430,CUST-0098,Office Supplies,East,221.97,14,0.0,-15.84
ORD-1179,2023-09-06 16:32:39.379689,CUST-0065,Technology,East,3.94,7,0.0,10.75
ORD-1180,2024-11-07 07:38:08.944472,CUST-0005,Technology,South,96.76,2,0.0,-24.29
ORD-1181,2023-07-14 15:24:56.548274,CUST-0002,Technology,West,293.82,7,0.0,-10.91
ORD-1182,2024-06-05 11:32:15.967983,CUST-0022,Office Supplies,East,54.39,2,0.1,4.31
ORD-1183,2023-11-02 15:47:16.418209,CUST-0112,furniture,North,267.5,5,0.1,-12.34
ORD-1184,2024-07-14 22:05:27.763881,CUST-0057,Furniture,West,100.21,7,0.3,43.45
ORD-1185,2023-08-24 04:15:43.671835,CUST-0066,Furniture,East,237.35,11,0.1,55.97
ORD-1186,2023-03-26 17:20:12.006003,CUST-0098,Office Supplies,,314.27,11,0.0,-48.37
ORD-1187,2023-07-10 23:46:18.789394,CUST-0144,Furniture,South,210.01,14,,11.28
ORD-1188,2023-05-06 23:42:42.681340,CUST-0125,Furniture,West,215.03,3,0.1,11.93
ORD-1189,2024-01-26 09:07:28.424212,CUST-0167,furniture,,132.29,14,0.1,-58.34
ORD-1190,2023-07-19 00:35:17.858929,CUST-0086,TECH,North,140.24,11,0.1,-15.97
ORD-1191,2024-12-19 16:18:14.947473,CUST-0076,Office Supplies,North,100.64,4,0.3,82.41
ORD-1192,2024-02-07 01:35:05.252626,CUST-0294,Office Supplies,East,330.61,1,0.0,81.63
ORD-1193,2024-10-02 03:57:43.131565,CUST-0059,Office Supplies,East,60.31,3,0.0,-67.75
ORD-1194,2024-11-01 11:24:20.530265,CUST-0138,Office Supplies,North,190.24,9,0.2,58.33
ORD-1195,2024-12-11 15:29:15.877938,CUST-0099,Furniture,South,36.15,10,0.0,-58.22
ORD-1196,2024-02-05 05:45:46.373186,CUST-0192,TECH,North,92.4,5,0.3,5.91
ORD-1197,2023-10-17 14:09:18.279139,CUST-0243,Furniture,East,136.56,8,0.1,24.16
ORD-1198,2023-04-01 13:34:00.420210,CUST-0049,Office Supplies,East,76.36,2,0.1,75.17
ORD-1199,2023-01-17 19:09:41.690845,CUST-0032,Furniture,South,138.42,3,0.2,19.52
ORD-1200,2024-02-22 18:27:11.615807,CUST-0277,furniture,East,124.65,7,0.0,-30.83
ORD-1201,2023-03-19 18:48:48.264132,CUST-0020,Technology,West,575.16,14,0.3,-41.04
ORD-1202,2023-03-28 21:55:22.661330,CUST-0154,TECH,East,,10,,40.08
ORD-1203,2024-01-30 00:46:06.183091,CUST-0068,Technology,East,384.84,4,0.1,-8.03
ORD-1204,2023-05-08 10:46:09.784892,CUST-0214,Office Supplies,North,110.91,9,,5.48
ORD-1205,2023-02-08 17:01:28.244122,CUST-0143,Furniture,North,50.99,14,0.0,88.23
ORD-1206,2023-10-31 02:26:13.986993,CUST-0232,Technology,West,30.81,7,0.3,56.09
ORD-1207,2023-01-18 03:55:33.466733,CUST-0213,Office Supplies,East,248.61,14,0.0,125.21
ORD-1208,2024-08-05 19:57:14.317158,CUST-0079,Office Supplies,South,123.58,11,0.0,-31.09
ORD-1209,2023-05-03 16:49:56.698349,CUST-0214,Furniture,East,55.88,12,0.0,-12.55
ORD-1210,2024-01-19 01:50:12.906453,CUST-0116,Furniture,North,362.69,1,0.0,41.02
ORD-1211,2023-10-21 05:47:56.038019,CUST-0092,Office Supplies,South,44.97,4,0.0,139.13
ORD-1212,2024-04-12 10:24:33.136568,CUST-0270,Office Supplies,East,287.22,10,,-17.69
ORD-1213,2023-01-03 13:21:02.431215,CUST-0168,Technology,South,195.52,11,0.3,32.3
ORD-1214,2023-08-16 20:58:28.154077,CUST-0058,Furniture,East,165.83,6,0.0,109.27
ORD-1215,2024-11-21 04:40:56.428214,CUST-0284,Office Supplies,North,342.43,6,0.0,33.0
ORD-1216,2024-04-10 23:21:06.033016,CUST-0026,Furniture,West,145.99,10,0.3,91.2
ORD-1217,2024-09-18 06:54:55.647823,CUST-0066,Furniture,South,76.25,6,0.0,147.45
ORD-1218,2023-09-20 04:49:35.087543,CUST-0248,Office Supplies,West,491.03,5,0.0,47.71
ORD-1219,2023-04-21 06:50:36.318159,CUST-0254,Furniture,West,114.04,3,0.1,57.51
ORD-1220,2023-08-21 23:40:33.016508,CUST-0044,Furniture,,,2,0.1,74.58
ORD-1221,2023-01-21 02:02:27.673836,,Office Supplies,West,162.47,3,0.0,-24.26
ORD-1222,2023-09-22 18:10:37.518759,CUST-0042,Office Supplies,West,70.34,9,0.2,-58.89
ORD-1223,2023-07-11 17:18:02.341170,CUST-0227,Furniture,East,547.18,3,0.1,39.51
ORD-1224,2023-06-22 17:33:09.994997,CUST-0262,Furniture,North,4059.25,3,0.0,-7.51
ORD-1225,2023-01-10 20:38:17.948974,CUST-0167,Furniture,East,337.7,1,,93.17
ORD-1226,2023-01-29 02:51:26.743371,CUST-0279,Furniture,East,90.76,2,0.1,48.86
ORD-1227,2024-03-28 11:04:10.325162,CUST-0089,Technology,North,206.81,11,0.0,92.15
ORD-1228,2024-05-29 13:00:52.226113,CUST-0178,Office Supplies,West,372.03,12,0.0,-42.1
ORD-1229,2023-05-13 22:14:06.423211,CUST-0197,Office Supplies,South,177.02,3,0.0,90.09
ORD-1230,2023-08-31 20:18:50.965482,CUST-0267,Office Supplies,South,118.81,2,0.1,-107.93
ORD-1231,2023-07-11 17:18:02.341170,CUST-0268,Technology,North,137.46,8,0.0,-37.18
ORD-1232,2023-09-12 21:32:19.569784,CUST-0074,furniture,South,69.2,6,0.1,67.93
ORD-1233,2024-05-02 12:27:00.810405,CUST-0008,Technology,North,78.44,7,0.0,-0.15
ORD-1234,2023-11-19 02:11:06.333166,CUST-0297,Technology,East,403.89,1,0.2,5.62
ORD-1235,2024-01-12 03:18:49.164582,CUST-0164,Office Supplies,North,38.07,6,0.2,36.43
ORD-1236,2024-01-10 16:15:22.061030,CUST-0085,Technology,East,123.84,2,0.1,115.32
ORD-1237,2024-08-24 02:10:23.111555,CUST-0072,Office Supplies,West,430.77,13,0.2,-85.31
ORD-1238,2023-12-02 05:42:10.265132,CUST-0055,Furniture,South,21.38,6,,104.92
ORD-1239,2023-10-01 12:31:20.140070,CUST-0047,Furniture,West,71.29,3,0.1,108.45
ORD-1240,2023-05-13 04:42:22.871435,,Office Supplies,South,406.96,7,0.0,-0.26
ORD-1241,2024-10-09 20:00:50.425212,CUST-0104,TECH,East,466.86,3,0.1,-11.69
ORD-1242,2024-07-13 02:16:08.884442,CUST-0210,Office Supplies,North,274.25,9,0.3,22.92
ORD-1243,2024-04-18 15:24:13.326663,CUST-0042,Technology,East,114.0,3,0.0,-12.97
ORD-1244,2024-07-12 08:44:25.332666,CUST-0268,Office Supplies,North,245.41,7,0.0,50.69
ORD-1245,2023-10-21 23:19:39.589794,CUST-0263,Office Supplies,North,446.61,12,0.1,58.5
ORD-1246,2023-09-27 12:06:50.605302,CUST-0259,Furniture,North,157.19,4,0.2,-63.23
ORD-1247,2024-11-27 00:54:44.842421,CUST-0283,Furniture,East,421.78,8,0.2,-25.22
ORD-1248,2024-01-15 01:25:43.371685,CUST-0114,furniture,East,1163.91,14,0.0,-41.11
ORD-1249,2024-03-19 16:43:27.703851,CUST-0040,Office Supplies,East,283.34,2,0.0,42.88
ORD-1250,2024-08-27 00:17:17.318659,CUST-0220,Office Supplies,North,236.94,8,,82.34
ORD-1251,2023-06-26 17:57:39.529764,CUST-0129,furniture,South,113.92,9,0.0,-34.41
ORD-1252,2023-01-10 20:38:17.948974,CUST-0008,Furniture,East,44.49,13,0.0,81.92
ORD-1253,2023-09-18 09:00:16.208104,CUST-0101,TECH,North,86.88,8,0.1,-25.49
ORD-1254,2024-01-23 19:46:25.992996,CUST-0176,Office Supplies,South,240.7,6,0.3,73.12
ORD-1255,2024-12-22 14:25:09.154577,CUST-0107,Office Supplies,West,28.37,10,0.2,12.98
ORD-1256,2024-04-18 06:38:21.550775,CUST-0101,Office Supplies,North,494.14,1,,3.5
ORD-1257,2024-04-02 22:32:06.963481,CUST-0260,Furniture,South,418.16,7,0.0,98.55
ORD-1258,2023-02-01 00:58:20.950475,CUST-0246,Furniture,East,487.85,1,0.0,137.26
ORD-1259,2024-06-30 16:16:48.504252,CUST-0275,Technology,West,206.63,7,0.0,-86.5
ORD-1260,2023-02-15 15:32:51.985992,CUST-0032,furniture,East,,14,0.3,65.97
ORD-1261,2023-10-24 03:54:50.245122,CUST-0137,Technology,South,446.77,2,0.1,40.64
ORD-1262,2023-07-15 17:42:31.875937,CUST-0012,Furniture,South,87.25,8,0.0,69.47
ORD-1263,2023-02-22 14:04:15.727863,CUST-0016,Office Supplies,North,11.78,2,0.2,-56.31
ORD-1264,2024-07-19 07:15:49.074537,CUST-0129,Furniture,East,79.95,3,0.0,-35.06
ORD-1265,2024-03-27 00:00:43.221610,CUST-0063,Furniture,West,125.5,13,0.1,-10.29
ORD-1266,2023-01-09 18:20:42.621310,CUST-0109,Technology,East,154.24,12,0.3,42.78
ORD-1267,2024-08-08 09:18:16.748374,CUST-0021,Office Supplies,East,108.79,3,0.0,-13.96
ORD-1268,2024-06-01 11:07:46.433216,CUST-0158,Furniture,North,318.24,1,0.0,10.62
ORD-1269,2023-01-25 02:26:57.208604,CUST-0269,Furniture,South,165.36,5,0.0,79.83
ORD-1270,2023-03-26 17:20:12.006003,CUST-0162,TECH,South,88.2,5,0.0,152.93
ORD-1271,2023-02-09 10:33:11.795897,CUST-0260,Furniture,North,720.63,10,0.0,75.55
ORD-1272,2024-03-02 21:33:46.013006,CUST-0102,Office Supplies,East,212.09,5,0.2,81.56
ORD-1273,2023-02-10 04:04:55.347673,CUST-0223,Office Supplies,West,199.99,14,0.0,19.09
ORD-1274,2023-03-24 21:30:53.126563,CUST-0059,Furniture,West,428.95,13,,-23.44
ORD-1275,2023-02-10 04:04:55.347673,CUST-0247,Furniture,North,83.33,9,0.0,10.44
ORD-1276,2024-06-29 05:13:21.400700,CUST-0128,Office Supplies,South,645.31,6,0.0,26.53
ORD-1277,2023-01-13 01:13:28.604302,CUST-0283,Technology,West,232.07,6,0.0,-39.61
ORD-1278,2023-08-16 03:26:44.602301,CUST-0025,Office Supplies,West,115.25,3,0.2,78.91
ORD-1279,2024-10-18 23:07:24.822411,CUST-0131,Technology,East,540.28,5,0.1,121.17
ORD-1280,2024-12-16 09:25:28.964482,CUST-0196,TECH,West,216.15,10,0.3,37.35
ORD-1281,2024-05-23 08:01:12.036018,CUST-0281,Technology,West,319.91,7,0.2,95.04
ORD-1282,2023-09-30 18:59:36.588294,CUST-0154,Office Supplies,East,24.16,3,,102.51
ORD-1283,2023-08-05 22:02:34.877438,CUST-0133,Office Supplies,West,35.0,2,0.2,-32.08
ORD-1284,2024-07-29 21:25:50.575287,CUST-0227,Technology,South,155.39,5,0.0,-74.27
ORD-1285,2023-06-04 20:05:52.976488,,Technology,North,163.68,3,0.3,0.06
ORD-1286,2023-08-12 11:48:06.843421,CUST-0265,Office Supplies,East,445.92,5,,35.75
ORD-1287,2024-07-16 17:54:46.643321,CUST-0134,Technology,East,52.86,9,,-41.77
ORD-1288,2023-09-10 08:11:17.138569,CUST-0211,Furniture,West,569.69,11,0.0,115.33
ORD-1289,2024-04-21 13:31:07.533766,CUST-0060,Office Supplies,West,445.54,10,0.1,146.93
ORD-1290,2024-05-05 10:33:55.017508,CUST-0213,Office Supplies,West,484.5,1,0.0,40.75
ORD-1291,2024-10-05 02:04:37.338669,CUST-0216,Furniture,West,67.49,4,0.0,-28.91
ORD-1292,2024-06-19 08:35:03.451725,CUST-0226,Furniture,North,274.55,10,0.2,59.18
ORD-1293,2024-12-22 05:39:17.378689,,Technology,South,398.1,5,,-29.1
ORD-1294,2023-04-25 16:00:57.628814,CUST-0076,Office Supplies,West,244.0,2,0.1,98.59
ORD-1295,2023-11-16 21:35:55.677838,CUST-0286,Office Supplies,South,206.44,12,0.3,16.11
ORD-1296,2024-12-27 08:21:22.241120,CUST-0277,Office Supplies,West,,2,0.0,73.64
ORD-1297,2024-10-06 04:22:12.666333,CUST-0156,Office Supplies,East,120.49,1,0.0,84.11
ORD-1298,2024-05-26 06:08:06.243121,CUST-0248,Furniture,North,370.36,14,0.1,62.28
ORD-1299,2024-04-24 02:52:09.964982,CUST-0218,Technology,North,468.13,8,0.0,137.12
ORD-1300,2024-06-17 03:59:52.796398,,Technology,South,98.09,2,0.3,40.7
ORD-1301,2023-08-30 09:15:23.861930,CUST-0163,Technology,North,373.82,3,0.0,-0.19
ORD-1302,2023-04-11 18:58:10.145072,CUST-0180,Technology,South,98.88,12,0.1,-96.13
ORD-1303,2024-09-24 20:40:27.613806,CUST-0034,Office Supplies,South,121.96,2,0.1,-107.04
ORD-1304,2024-08-09 02:50:00.300150,CUST-0041,Furniture,North,35.68,4,0.0,69.12
ORD-1305,2024-07-11 06:26:50.005002,CUST-0075,Office Supplies,West,215.93,14,,18.97
ORD-1306,2023-08-16 12:12:36.378189,CUST-0279,Furniture,North,187.74,1,0.1,-18.92
ORD-1307,2023-07-08 01:39:24.582291,CUST-0176,TECH,,127.21,3,0.1,-36.83
ORD-1308,2024-05-16 09:29:48.294147,CUST-0150,Furniture,South,461.02,5,0.3,74.46
ORD-1309,2023-11-04 11:36:35.297648,CUST-0273,Furniture,East,488.4,10,0.0,-29.01
ORD-1310,2024-06-20 10:52:38.779389,CUST-0108,furniture,South,213.97,1,0.3,127.84
ORD-1311,2024-11-07 16:24:00.720360,CUST-0139,TECH,East,178.92,4,0.0,171.06
ORD-1312,2023-05-08 10:46:09.784892,CUST-0271,Technology,West,644.56,6,0.0,-24.0
ORD-1313,2024-08-18 05:56:34.697348,CUST-0289,Furniture,East,184.36,4,,70.19
ORD-1314,2024-09-08 01:30:45.922961,CUST-0212,Furniture,North,96.11,7,0.3,56.4
ORD-1315,2023-10-28 04:19:19.779889,CUST-0272,Office Supplies,South,144.49,14,0.0,-29.26
ORD-1316,2024-02-28 14:41:00.030015,CUST-0066,Furniture,West,194.82,7,0.1,-28.92
ORD-1317,2023-10-04 19:24:06.123061,CUST-0248,Furniture,East,282.57,6,,22.64
ORD-1318,2023-11-24 22:24:54.747373,CUST-0156,Office Supplies,West,75.7,9,0.0,-38.3
ORD-1319,2023-03-30 08:58:49.764882,CUST-0047,TECH,North,2357.0,2,0.0,95.48
ORD-1320,2023-07-17 22:17:42.531265,CUST-0201,Office Supplies,West,356.67,13,0.1,15.23
ORD-1321,2024-01-24 04:32:17.768884,CUST-0148,Technology,West,63.76,10,0.0,-37.24
ORD-1322,2023-03-25 06:16:44.902451,CUST-0124,Technology,East,324.56,8,0.0,24.66
ORD-1323,2023-07-19 18:07:01.410705,CUST-0001,Office Supplies,West,147.86,8,0.3,57.99
ORD-1324,2023-12-02 14:28:02.041020,CUST-0247,Technology,West,31.31,11,0.0,-13.47
ORD-1325,2024-03-31 00:25:12.756378,CUST-0128,Furniture,North,202.11,10,0.3,-89.59
ORD-1326,2023-01-02 19:49:18.879439,CUST-0191,Furniture,East,188.42,14,0.1,37.58
ORD-1327,2024-05-06 04:05:38.569284,CUST-0067,Technology,North,430.01,14,0.1,-43.02
ORD-1328,2023-06-20 12:57:59.339669,CUST-0004,Furniture,East,231.28,11,0.2,-17.62
ORD-1329,2024-10-02 21:29:26.683341,CUST-0294,TECH,West,393.77,4,0.1,58.15
ORD-1330,2023-01-28 00:33:51.415707,CUST-0143,Furniture,West,335.54,6,0.0,-5.27
ORD-1331,2023-01-02 02:17:35.327663,CUST-0191,Office Supplies,North,545.8,11,0.0,21.53
ORD-1332,2024-11-13 21:23:40.910455,CUST-0021,Office Supplies,South,,6,0.2,117.18
ORD-1333,2023-08-24 13:01:35.447723,CUST-0227,Furniture,South,132.42,5,0.0,8.88
ORD-1334,2023-02-12 17:25:57.778889,CUST-0117,Furniture,North,453.09,14,0.0,151.28
ORD-1335,2023-11-18 08:39:22.781390,CUST-0142,Technology,West,151.49,1,,74.39
ORD-1336,2024-08-17 21:10:42.921460,CUST-0039,furniture,South,600.35,3,,-25.88
ORD-1337,2023-07-03 16:29:03.271635,CUST-0252,furniture,North,232.66,7,0.0,1.42
ORD-1338,2023-12-12 11:06:19.989995,CUST-0207,Office Supplies,East,192.41,8,0.0,-45.76
ORD-1339,2023-07-29 05:59:27.583791,CUST-0210,Technology,South,422.8,2,0.2,68.25
ORD-1340,2024-06-18 15:03:19.899949,CUST-0115,Technology,West,36.31,3,0.3,109.47
ORD-1341,2023-03-12 11:31:32.746373,CUST-0225,Technology,East,61.82,4,0.0,8.5
ORD-1342,2023-11-05 22:40:02.401200,CUST-0134,Office Supplies,West,53.94,14,0.0,-81.68
ORD-1343,2023-09-18 17:46:07.983991,CUST-0251,Technology,East,448.08,11,0.3,51.63
ORD-1344,2024-05-31 17:36:02.881440,CUST-0219,furniture,West,109.59,5,,-21.72
ORD-1345,2024-01-19 01:50:12.906453,CUST-0091,Office Supplies,East,316.63,3,0.2,-12.64
ORD-1346,2024-06-16 10:28:09.244622,CUST-0046,furniture,East,127.73,5,0.0,48.69
ORD-1347,2023-03-04 19:28:25.452726,CUST-0038,Office Supplies,East,105.85,8,0.1,103.92
ORD-1348,2024-04-28 03:16:39.499749,CUST-0142,Furniture,North,334.73,8,0.1,74.37
ORD-1349,2024-09-01 02:59:22.181090,CUST-0100,Furniture,North,365.46,14,0.0,55.77
ORD-1350,2023-04-29 16:25:27.163581,CUST-0190,Office Supplies,West,288.84,2,0.0,20.56
ORD-1351,2024-06-07 07:21:34.847423,CUST-0035,Office Supplies,East,210.74,6,0.0,-49.23
ORD-1352,2024-02-21 16:09:36.288144,CUST-0147,furniture,East,51.53,4,0.1,50.88
ORD-1353,2023-11-01 22:15:32.866433,CUST-0030,Furniture,South,97.13,9,0.1,73.06
ORD-1354,2024-10-22 23:31:54.357178,CUST-0084,furniture,West,117.06,10,0.3,-5.7
ORD-1355,2023-09-22 00:38:53.966983,CUST-0281,furniture,West,120.56,2,0.2,8.02
ORD-1356,2023-03-23 19:13:17.798899,CUST-0270,Furniture,East,347.21,8,,96.6
ORD-1357,2023-07-13 21:53:12.996498,CUST-0154,furniture,North,320.68,1,0.3,6.45
ORD-1358,2023-02-10 21:36:38.899449,CUST-0102,TECH,West,282.16,11,0.0,13.77
ORD-1359,2023-02-20 18:14:56.848424,CUST-0215,Technology,East,148.79,6,0.0,24.7
ORD-1360,2023-07-23 18:31:30.945472,CUST-0150,Technology,East,105.74,11,0.1,69.93
ORD-1361,2023-01-01 00:00:00.000000,CUST-0083,TECH,West,432.53,11,0.0,47.6
ORD-1362,2023-02-02 12:01:48.054027,CUST-0110,Technology,South,647.58,14,,43.16
ORD-1363,2023-08-27 11:08:29.654827,CUST-0275,Office Supplies,South,261.6,12,0.0,121.07
ORD-1364,2023-04-27 11:50:16.508254,CUST-0201,furniture,North,128.49,10,0.0,5.43
ORD-1365,2024-07-28 10:22:23.471735,CUST-0284,Technology,North,339.12,13,0.1,-27.03
ORD-1366,2024-10-29 13:17:26.323161,CUST-0173,Office Supplies,East,164.68,1,0.1,91.33
ORD-1367,2024-12-01 01:19:14.377188,CUST-0206,Office Supplies,North,202.86,2,0.2,43.86
ORD-1368,2023-02-20 09:29:05.072536,CUST-0063,Technology,North,143.78,3,0.1,-5.35
ORD-1369,2024-07-14 04:33:44.212106,CUST-0073,Furniture,East,643.83,9,0.0,8.41
ORD-1370,2024-11-21 13:26:48.204102,CUST-0251,TECH,South,395.9,5,0.0,-46.44
ORD-1371,2023-11-05 05:08:18.849424,CUST-0124,Office Supplies,East,317.79,10,,43.9
ORD-1372,2023-04-05 05:12:38.179089,CUST-0121,Furniture,West,30.69,10,0.0,-57.69
ORD-1373,2024-09-11 08:23:31.905952,,Office Supplies,North,180.83,12,0.0,70.92
ORD-1374,2023-11-26 00:42:30.075037,CUST-0120,Furniture,North,289.61,2,0.1,-1.34
ORD-1375,2023-09-09 14:39:33.586793,CUST-0164,Technology,North,78.91,10,0.0,-53.64
ORD-1376,2023-01-04 06:52:45.982991,CUST-0286,TECH,East,309.6,5,0.1,95.83
ORD-1377,2023-04-05 22:44:21.730865,CUST-0265,furniture,South,76.22,5,0.2,165.38
ORD-1378,2024-12-10 04:25:48.774387,CUST-0161,Furniture,West,168.96,1,0.2,56.24
ORD-1379,2024-09-02 22:48:41.060530,CUST-0089,Furniture,West,339.03,3,0.2,12.87
ORD-1380,2023-03-04 10:42:33.676838,CUST-0142,furniture,,219.23,5,0.0,-27.6
ORD-1381,2023-11-24 13:39:02.971485,CUST-0203,TECH,North,161.33,9,0.1,45.71
ORD-1382,2023-01-05 09:10:21.310655,CUST-0227,Office Supplies,East,502.38,10,0.0,68.2
ORD-1383,2024-03-10 22:22:45.082541,CUST-0222,Office Supplies,North,304.43,1,0.0,30.41
ORD-1384,2024-08-31 00:41:46.853426,CUST-0041,Office Supplies,East,308.49,8,0.1,83.73
ORD-1385,2024-08-14 05:32:05.162581,CUST-0196,furniture,East,293.69,1,0.0,120.83
ORD-1386,2023-04-27 20:36:08.284142,CUST-0068,Technology,West,268.51,9,0.2,-45.58
ORD-1387,2024-05-05 01:48:03.241620,CUST-0264,Office Supplies,,314.37,6,0.2,47.64
ORD-1388,2024-08-20 10:31:45.352676,CUST-0002,Office Supplies,East,534.44,1,0.3,-84.2
ORD-1389,2023-04-30 18:43:02.491245,CUST-0125,furniture,North,347.41,8,0.2,-18.84
ORD-1390,2023-10-14 07:16:32.296148,CUST-0110,Furniture,East,319.39,5,0.0,73.19
ORD-1391,2023-10-11 09:09:38.089044,CUST-0086,Office Supplies,North,283.36,7,0.0,27.19
ORD-1392,2024-12-29 04:10:41.120560,CUST-0120,Office Supplies,West,556.97,7,0.0,-66.65
ORD-1393,2023-11-29 07:35:16.058029,CUST-0127,Furniture,North,48.54,7,0.0,92.99
ORD-1394,2024-12-10 13:11:40.550275,CUST-0255,Furniture,East,109.05,6,0.0,-2.59
ORD-1395,2024-07-28 10:22:23.471735,CUST-0183,furniture,North,667.99,11,0.0,81.05
ORD-1396,2024-06-10 14:14:20.830415,CUST-0016,furniture,,183.08,8,0.1,60.76
ORD-1397,2024-08-17 21:10:42.921460,CUST-0062,furniture,North,45.13,9,0.2,-19.99
ORD-1398,2024-02-13 06:34:45.442721,CUST-0158,furniture,West,224.63,12,0.2,82.13
ORD-1399,2024-11-02 22:27:47.633816,CUST-0268,Office Supplies,South,102.83,2,0.1,49.12
ORD-1400,2024-08-08 18:04:08.524262,CUST-0035,furniture,East,278.99,7,0.1,40.5
ORD-1401,2023-04-26 18:18:32.956478,CUST-0267,Office Supplies,North,102.88,2,0.1,1.91
ORD-1402,2024-12-23 16:42:44.482241,CUST-0064,Technology,South,425.71,6,0.2,-36.16
ORD-1403,2023-03-27 19:37:47.333666,CUST-0050,TECH,East,,2,0.0,4.88
ORD-1404,2024-12-20 01:04:06.723361,CUST-0255,Furniture,West,270.55,10,0.2,3.57
ORD-1405,2023-05-02 14:32:21.370685,CUST-0149,Office Supplies,East,174.68,6,0.1,81.1
ORD-1406,2024-11-27 18:26:28.394197,CUST-0276,Office Supplies,North,347.2,2,0.0,-68.94
ORD-1407,2023-05-17 22:38:35.957978,CUST-0172,Furniture,North,400.87,1,0.0,118.24
ORD-1408,2024-06-25 04:48:51.865932,CUST-0201,Furniture,West,214.66,7,0.0,121.54
ORD-1409,2024-02-28 14:41:00.030015,CUST-0035,furniture,West,150.92,3,0.1,-8.46
ORD-1410,2024-12-14 04:50:18.309154,CUST-0216,TECH,West,283.96,14,0.2,114.09
ORD-1411,2023-08-03 08:41:32.446223,CUST-0065,Office Supplies,West,188.93,12,0.0,-30.33
ORD-1412,2024-07-27 08:04:48.144072,CUST-0008,Furniture,East,222.33,14,0.0,97.63
ORD-1413,2023-07-06 23:21:49.254627,CUST-0076,Furniture,South,321.22,13,,-19.18
ORD-1414,2024-04-26 16:13:12.396198,CUST-0174,furniture,East,76.99,4,0.0,92.01
ORD-1415,2024-05-05 10:33:55.017508,CUST-0047,Office Supplies,South,390.28,13,0.0,-56.24
ORD-1416,2023-12-01 20:56:18.489244,CUST-0015,Office Supplies,North,205.57,6,0.0,94.97
ORD-1417,2024-08-05 11:11:22.541270,CUST-0147,Office Supplies,West,32.34,5,0.2,107.31
ORD-1418,2024-11-08 09:55:44.272136,CUST-0026,Office Supplies,North,114.73,4,0.1,-58.17
ORD-1419,2024-05-16 00:43:56.518259,CUST-0093,Office Supplies,West,80.58,9,0.1,135.44
ORD-1420,2024-11-11 08:02:38.479239,CUST-0232,furniture,West,237.24,6,,91.11
ORD-1421,2024-10-20 01:25:00.150075,CUST-0021,Office Supplies,East,201.37,6,0.2,-89.88
ORD-1422,2023-11-15 10:32:28.574287,CUST-0038,Technology,West,124.44,2,0.0,0.6
ORD-1423,2024-04-02 05:00:23.411705,CUST-0276,Office Supplies,East,798.9,6,0.2,92.26
ORD-1424,2023-04-09 05:37:07.713856,CUST-0157,Technology,East,208.55,7,0.0,73.39
ORD-1425,2024-11-06 22:52:17.168584,CUST-0179,Technology,West,173.26,8,0.2,36.71
ORD-1426,2023-10-19 01:12:45.382691,CUST-0132,Furniture,East,154.21,14,0.0,85.68
ORD-1427,2024-04-24 20:23:53.516758,CUST-0028,Office Supplies,East,653.55,8,0.2,-22.44
ORD-1428,2023-09-22 09:24:45.742871,CUST-0260,Office Supplies,East,76.41,9,0.0,32.84
ORD-1429,2024-03-09 20:05:09.754877,CUST-0076,furniture,East,127.35,10,0.3,-20.73
ORD-1430,2023-01-02 11:03:27.103551,CUST-0067,Office Supplies,East,607.54,11,0.0,38.09
ORD-1431,2023-11-07 09:43:29.504752,CUST-0194,TECH,,246.85,13,0.1,90.06
ORD-1432,2024-05-26 23:39:49.794897,CUST-0162,Furniture,East,141.17,12,0.0,76.89
ORD-1433,2023-01-29 02:51:26.743371,CUST-0257,Technology,North,636.25,3,,43.37
ORD-1434,2024-06-07 07:21:34.847423,,Technology,East,276.32,10,0.2,89.38
ORD-1435,2023-07-29 05:59:27.583791,CUST-0087,Technology,South,,7,0.0,95.29
ORD-1436,2023-02-17 20:08:02.641320,CUST-0262,Office Supplies,East,96.1,7,,137.84
ORD-1437,2023-08-08 02:37:45.532766,CUST-0214,Office Supplies,South,148.13,1,0.0,100.05
ORD-1438,2024-10-09 02:29:06.873436,CUST-0153,Technology,North,42.1,8,0.2,69.39
ORD-1439,2024-01-24 22:04:01.320660,CUST-0210,Furniture,East,289.91,4,0.2,86.05
ORD-1440,2023-02-02 03:15:56.278139,CUST-0061,Furniture,South,477.41,5,0.0,44.61
ORD-1441,2023-05-27 10:31:02.131065,CUST-0268,Office Supplies,West,90.06,14,,13.2
ORD-1442,2023-04-18 17:29:33.886943,CUST-0262,Office Supplies,East,205.46,6,0.0,82.06
ORD-1443,2024-11-11 08:02:38.479239,CUST-0218,Office Supplies,North,178.67,3,0.0,75.43
ORD-1444,2024-04-26 07:27:20.620310,CUST-0283,Office Supplies,South,56.21,5,0.3,47.52
ORD-1445,2023-08-13 14:05:42.171085,CUST-0136,Office Supplies,West,415.92,10,0.2,18.32
ORD-1446,2024-07-19 16:01:40.850425,CUST-0093,Technology,West,41.91,5,0.0,15.0
ORD-1447,2023-10-19 18:44:28.934467,CUST-0109,Technology,South,125.01,1,0.0,5.48
ORD-1448,2024-09-17 22:09:03.871935,CUST-0241,furniture,North,827.51,3,0.2,105.34
ORD-1449,2024-08-29 04:52:27.973986,CUST-0142,TECH,South,330.85,3,0.0,100.71
ORD-1450,2023-06-03 17:48:17.648824,CUST-0291,Office Supplies,North,186.45,1,,98.13
ORD-1451,2024-11-20 11:09:12.876438,CUST-0237,Furniture,East,47.36,13,0.2,-33.11
ORD-1452,2024-01-17 23:32:37.578789,CUST-0177,Furniture,South,,7,0.0,8.44
ORD-1453,2023-07-29 14:45:19.359679,CUST-0141,Office Supplies,East,516.75,1,0.0,14.56
ORD-1454,2023-02-21 20:32:32.176088,CUST-0189,TECH,East,53.93,7,0.1,-6.37
ORD-1455,2023-12-29 06:16:01.680840,CUST-0049,Office Supplies,West,327.64,4,0.0,141.76
ORD-1456,2023-08-31 11:32:59.189594,,Office Supplies,North,418.23,9,0.2,54.03
ORD-1457,2023-02-22 14:04:15.727863,CUST-0136,Office Supplies,East,498.11,7,,49.72
ORD-1458,2024-03-31 17:56:56.308154,CUST-0043,Office Supplies,South,233.0,5,0.1,2.04
ORD-1459,2024-01-03 08:58:06.543271,CUST-0090,Technology,West,168.85,7,0.1,81.73
ORD-1460,2023-07-03 07:43:11.495747,CUST-0295,Furniture,West,54.1,9,0.0,161.49
ORD-1461,2024-12-25 21:17:55.137568,CUST-0245,TECH,South,157.28,10,0.2,34.86
ORD-1462,2024-12-30 06:28:16.448224,CUST-0192,Office Supplies,West,194.14,6,0.2,15.99
ORD-1463,2023-10-27 10:47:36.228114,CUST-0106,Furniture,East,76.43,1,0.2,24.56
ORD-1464,2024-08-21 12:49:20.680340,CUST-0233,furniture,East,136.91,6,0.0,10.68
ORD-1465,2023-02-07 14:43:52.916458,CUST-0265,Furniture,South,230.7,1,0.3,29.83
ORD-1466,2024-12-20 09:49:58.499249,CUST-0037,TECH,East,117.0,13,0.0,-6.69
ORD-1467,2024-01-23 19:46:25.992996,CUST-0041,TECH,West,171.72,12,0.2,-23.19
ORD-1468,2024-12-20 09:49:58.499249,CUST-0017,Technology,West,,4,0.2,28.73
ORD-1469,2023-03-13 22:34:59.849924,CUST-0277,Technology,West,223.34,14,0.2,34.87
ORD-1470,2024-09-01 11:45:13.956978,CUST-0059,Office Supplies,East,98.15,8,0.0,13.61
ORD-1471,2023-07-31 01:48:46.463231,CUST-0183,TECH,West,105.55,5,0.1,117.42
ORD-1472,2023-05-23 10:06:32.596298,CUST-0041,Office Supplies,West,55.52,5,0.0,54.93
ORD-1473,2024-03-14 22:47:14.617308,CUST-0039,Technology,,491.02,13,0.2,74.55
ORD-1474,2024-12-28 01:53:05.792896,CUST-0192,TECH,East,171.38,10,0.0,76.14
ORD-1475,2023-07-21 22:42:12.066033,CUST-0267,TECH,West,129.26,11,0.0,36.28
ORD-1476,2024-06-21 04:24:22.331165,CUST-0147,furniture,West,203.29,8,0.0,43.12
ORD-1477,2024-07-10 04:09:14.677338,CUST-0127,Office Supplies,West,410.38,8,0.3,-21.61
ORD-1478,2024-01-15 01:25:43.371685,CUST-0046,TECH,North,177.22,1,0.1,69.36
ORD-1479,2024-08-24 02:10:23.111555,CUST-0045,Technology,East,179.32,13,0.2,10.0
ORD-1480,2024-09-09 21:20:04.802401,CUST-0001,TECH,East,43.33,13,0.2,-8.39
ORD-1481,2024-04-24 02:52:09.964982,CUST-0168,Technology,North,661.79,5,0.3,108.12
ORD-1482,2023-06-24 04:36:37.098549,CUST-0108,Office Supplies,West,272.72,12,0.0,-49.93
ORD-1483,2024-04-02 22:32:06.963481,CUST-0019,Office Supplies,West,17.73,5,0.2,133.14
ORD-1484,2023-12-03 16:45:37.368684,CUST-0072,Office Supplies,East,,8,0.1,128.4
ORD-1485,2023-06-03 00:16:34.097048,,Technology,East,154.92,1,0.0,16.67
ORD-1486,2023-02-26 23:14:37.038519,CUST-0268,Office Supplies,East,338.06,7,0.0,137.11
ORD-1487,2023-07-20 11:38:44.962481,CUST-0240,Office Supplies,East,194.16,7,0.0,-23.3
ORD-1488,2024-06-18 15:03:19.899949,CUST-0090,Office Supplies,North,165.03,13,0.0,89.65
ORD-1489,2024-02-14 00:06:28.994497,CUST-0103,furniture,South,698.52,9,0.0,31.01
ORD-1490,2024-01-08 11:40:11.405702,CUST-0250,Office Supplies,West,236.54,2,0.0,-78.38
ORD-1491,2023-12-30 17:19:28.784392,CUST-0008,Furniture,West,67.54,3,0.1,-7.86
ORD-1492,2024-06-07 16:07:26.623311,CUST-0153,Furniture,East,,4,0.0,19.53
ORD-1493,2023-12-13 22:09:47.093546,CUST-0174,Furniture,West,283.75,1,0.0,76.74
ORD-1494,2023-04-16 04:08:31.455727,CUST-0158,Office Supplies,East,145.07,7,,1.38
ORD-1495,2024-04-11 08:06:57.808904,CUST-0215,Furniture,South,366.25,14,0.1,13.61
ORD-1496,2023-03-13 05:03:16.298149,CUST-0177,Furniture,North,486.11,10,0.0,62.46
ORD-1497,2023-08-07 00:20:10.205102,CUST-0175,TECH,,446.36,3,0.1,59.29
ORD-1498,2024-11-09 03:27:27.823911,CUST-0146,furniture,South,202.75,3,0.0,24.5
ORD-1499,2024-07-18 04:58:13.746873,CUST-0161,Office Supplies,West,203.43,3,0.0,11.83
ORD-1500,2023-07-08 10:25:16.358179,CUST-0127,TECH,West,666.89,8,0.0,86.36
ORD-1501,2024-08-28 11:20:44.422211,CUST-0082,Furniture,East,79.28,9,,11.49
ORD-1502,2024-11-12 01:34:22.031015,CUST-0147,Technology,West,,10,0.2,-41.36
ORD-1503,2023-11-12 12:25:34.367183,CUST-0239,Technology,South,256.2,13,0.2,6.34
ORD-1504,2024-02-21 16:09:36.288144,CUST-0084,Office Supplies,East,382.97,14,,62.81
ORD-1505,2023-10-21 23:19:39.589794,CUST-0113,Office Supplies,South,51.53,2,,21.04
ORD-1506,2024-12-06 12:47:11.015507,CUST-0225,Office Supplies,West,626.01,10,0.2,-0.17
ORD-1507,2024-03-07 15:29:59.099549,CUST-0243,Office Supplies,South,617.45,10,0.2,-45.29
ORD-1508,2023-10-25 06:12:25.572786,CUST-0143,Technology,South,414.83,1,0.0,21.36
ORD-1509,2023-03-24 21:30:53.126563,CUST-0041,Furniture,North,165.18,14,0.0,43.67
ORD-1510,2024-11-24 20:19:34.187093,CUST-0258,Furniture,North,115.17,9,0.1,-30.44
ORD-1511,2023-03-20 12:20:31.815907,CUST-0285,Furniture,West,53.7,6,0.1,18.64
ORD-1512,2023-12-12 19:52:11.765882,CUST-0105,Office Supplies,South,97.94,14,,-35.63
ORD-1513,2024-09-19 17:58:22.751375,CUST-0202,Office Supplies,South,212.35,9,0.1,22.27
ORD-1514,2023-01-06 02:42:04.862431,CUST-0266,Furniture,South,621.42,6,0.2,133.53
ORD-1515,2024-03-06 21:58:15.547773,CUST-0210,furniture,North,170.54,2,0.1,40.3
ORD-1516,2024-09-02 05:16:57.508754,CUST-0051,Office Supplies,North,285.3,1,0.0,-64.89
ORD-1517,2024-04-13 21:28:00.240120,CUST-0118,Furniture,South,237.37,14,0.1,49.87
ORD-1518,2024-03-06 21:58:15.547773,CUST-0201,Technology,North,303.63,8,0.1,108.71
ORD-1519,2023-01-17 19:09:41.690845,CUST-0039,Furniture,South,127.95,3,0.1,-53.04
ORD-1520,2023-04-28 22:53:43.611805,CUST-0028,Technology,West,121.86,1,0.1,-32.73
ORD-1521,2023-11-04 20:22:27.073536,CUST-0259,Technology,East,641.4,8,0.0,45.5
ORD-1522,2024-09-15 17:33:53.216608,CUST-0084,Furniture,West,219.95,12,0.1,24.77
ORD-1523,2023-02-17 02:36:19.089544,CUST-0155,Furniture,West,,1,0.1,102.67
ORD-1524,2024-06-07 16:07:26.623311,CUST-0117,Office Supplies,East,132.59,8,0.1,19.16
ORD-1525,2023-02-04 07:51:06.933466,CUST-0002,Furniture,East,334.27,1,0.1,79.53
ORD-1526,2023-08-17 14:30:11.705852,CUST-0093,Furniture,West,379.44,9,0.0,121.69
ORD-1527,2023-10-03 08:20:39.019509,CUST-0166,Office Supplies,East,123.67,14,0.0,-22.06
ORD-1528,2024-12-14 22:22:01.860930,CUST-0296,Office Supplies,West,217.04,9,0.0,74.86
ORD-1529,2024-04-25 05:09:45.292646,,Office Supplies,North,572.68,12,0.1,5.95
ORD-1530,2023-10-17 14:09:18.279139,CUST-0081,Technology,South,,13,0.1,-102.91
ORD-1531,2024-10-31 17:52:36.978489,CUST-0268,Office Supplies,North,99.22,9,0.3,58.58
ORD-1532,2024-04-21 22:16:59.309654,CUST-0235,Furniture,,290.29,3,0.0,65.97
ORD-1533,2023-01-25 19:58:40.760380,,Furniture,North,228.05,4,0.0,-62.95
ORD-1534,2024-09-06 14:27:18.819409,CUST-0062,furniture,West,133.95,5,0.1,2.76
ORD-1535,2023-01-04 15:38:37.758879,CUST-0049,Office Supplies,North,417.32,6,0.1,-7.38
ORD-1536,2024-04-11 08:06:57.808904,CUST-0127,furniture,North,133.35,9,0.1,78.6
ORD-1537,2024-11-12 01:34:22.031015,CUST-0223,Office Supplies,West,135.92,13,0.3,-62.95
ORD-1538,2023-11-15 01:46:36.798399,CUST-0279,Technology,East,115.32,11,0.3,36.41
ORD-1539,2023-07-20 11:38:44.962481,CUST-0294,Office Supplies,North,96.34,12,0.0,-110.38
ORD-1540,2024-02-27 12:23:24.702351,CUST-0284,Office Supplies,East,52.1,4,,52.77
ORD-1541,2023-09-17 15:28:32.656328,CUST-0277,Office Supplies,North,36.11,14,0.0,37.51
ORD-1542,2023-01-09 00:48:59.069534,CUST-0107,Office Supplies,East,111.31,14,0.1,-0.66
ORD-1543,2023-10-25 06:12:25.572786,CUST-0146,Furniture,North,308.63,6,0.2,115.7
ORD-1544,2023-05-06 23:42:42.681340,CUST-0099,Office Supplies,West,177.45,13,0.2,-127.39
ORD-1545,2023-04-20 22:04:44.542271,CUST-0073,Technology,East,487.14,1,0.0,28.91
ORD-1546,2023-05-13 04:42:22.871435,CUST-0122,TECH,West,151.31,2,0.0,101.86
ORD-1547,2023-05-25 05:55:51.475737,CUST-0030,Office Supplies,North,281.05,8,0.1,37.73
ORD-1548,2023-03-21 05:52:15.367683,CUST-0188,Office Supplies,South,29.5,4,0.0,111.96
ORD-1549,2023-02-21 03:00:48.624312,CUST-0288,Furniture,South,54.91,10,0.0,2.97
ORD-1550,2024-08-21 12:49:20.680340,CUST-0195,Technology,West,66.4,7,0.1,19.97
ORD-1551,2023-12-16 11:30:49.524762,CUST-0156,Office Supplies,North,108.33,4,0.1,104.0
ORD-1552,2024-03-26 06:28:59.669834,CUST-0172,TECH,West,384.32,14,0.2,83.67
ORD-1553,2023-12-26 08:09:07.473736,CUST-0041,Office Supplies,West,192.87,9,0.0,173.96
ORD-1554,2023-12-29 06:16:01.680840,,Office Supplies,East,285.9,9,0.3,36.17
ORD-1555,2024-08-24 02:10:23.111555,CUST-0023,Technology,North,153.2,4,0.0,42.01
ORD-1556,2024-08-21 12:49:20.680340,CUST-0075,furniture,West,278.27,13,0.3,2.32
ORD-1557,2023-10-30 00:08:38.659329,CUST-0048,Office Supplies,East,50.82,8,0.1,17.76
ORD-1558,2023-09-07 01:18:31.155577,CUST-0160,Office Supplies,North,223.99,6,0.1,94.68
ORD-1559,2024-06-25 13:34:43.641820,CUST-0118,TECH,North,23.79,1,0.3,29.98
ORD-1560,2024-01-02 06:40:31.215607,CUST-0100,Furniture,West,154.47,7,0.0,-18.44
ORD-1561,2023-05-10 15:21:20.440220,CUST-0167,furniture,East,122.88,1,0.0,7.44
ORD-1562,2024-01-03 17:43:58.319159,CUST-0290,Furniture,West,279.19,3,0.1,24.58
ORD-1563,2024-05-06 21:37:22.121060,CUST-0156,Technology,West,,8,0.0,-14.55
ORD-1564,2024-02-27 03:37:32.926463,CUST-0007,Technology,North,75.91,9,0.1,2.52
ORD-1565,2023-11-20 22:00:25.212606,CUST-0196,Office Supplies,West,414.85,3,0.0,-29.99
ORD-1566,2024-10-29 13:17:26.323161,CUST-0056,furniture,North,125.22,1,0.3,4.64
ORD-1567,2024-11-11 08:02:38.479239,CUST-0193,Furniture,South,58.08,1,0.1,99.97
ORD-1568,2023-02-16 00:18:43.761880,CUST-0047,Furniture,East,237.21,7,0.0,32.9
ORD-1569,2024-02-17 06:59:14.977488,CUST-0148,Office Supplies,,131.4,5,0.3,177.68
ORD-1570,2024-01-04 02:29:50.095047,CUST-0275,Office Supplies,West,224.25,13,0.0,-15.83
ORD-1571,2023-08-09 04:55:20.860430,CUST-0157,Technology,East,100.59,14,0.0,59.13
ORD-1572,2024-10-27 08:42:15.667833,CUST-0202,Furniture,West,666.69,1,0.0,43.33
ORD-1573,2024-05-26 14:53:58.019009,CUST-0126,Furniture,East,160.48,6,0.1,69.03
ORD-1574,2024-12-05 01:43:43.911955,CUST-0294,Furniture,East,241.18,14,0.1,-6.36
ORD-1575,2024-01-05 22:19:08.974487,CUST-0064,Furniture,West,197.14,6,0.1,7.89
ORD-1576,2023-01-19 06:13:08.794397,CUST-0176,Office Supplies,North,38.04,14,0.0,54.44
ORD-1577,2024-01-20 04:07:48.234117,CUST-0116,Technology,South,81.77,4,,-0.28
ORD-1578,2024-06-26 07:06:27.193596,CUST-0204,TECH,North,36.99,7,0.2,-76.41
ORD-1579,2024-04-26 16:13:12.396198,CUST-0031,furniture,East,46.08,7,0.0,108.63
ORD-1580,2024-04-27 00:59:04.172086,CUST-0113,Furniture,North,570.28,12,0.2,83.29
ORD-1581,2024-09-30 16:54:16.028014,CUST-0067,Office Supplies,North,245.54,9,0.1,4.97
ORD-1582,2023-10-12 02:41:21.640820,CUST-0075,Furniture,South,472.14,12,0.0,43.1
ORD-1583,2024-06-06 05:03:59.519759,CUST-0045,Office Supplies,South,230.23,1,0.0,90.41
ORD-1584,2024-10-16 09:46:22.391195,CUST-0260,Office Supplies,South,418.23,5,0.0,110.65
ORD-1585,2023-10-24 21:26:33.796898,CUST-0154,Furniture,West,88.79,10,0.3,36.26
ORD-1586,2024-08-20 10:31:45.352676,CUST-0155,Furniture,North,,3,0.1,-5.12
ORD-1587,2024-06-05 11:32:15.967983,CUST-0234,TECH,East,272.3,7,0.0,117.86
ORD-1588,2024-05-14 22:26:21.190595,CUST-0051,Office Supplies,,81.02,4,0.0,35.68
ORD-1589,2024-08-23 17:24:31.335667,CUST-0262,Office Supplies,East,588.2,4,0.1,21.17
ORD-1590,2023-06-03 00:16:34.097048,CUST-0125,Furniture,East,179.38,13,0.1,45.79
ORD-1591,2024-03-16 01:04:49.944972,CUST-0245,Furniture,East,462.7,12,0.2,99.28
ORD-1592,2023-12-25 14:37:23.921960,CUST-0030,furniture,South,101.94,1,,27.67
ORD-1593,2023-10-28 21:51:03.331665,CUST-0122,Furniture,West,152.73,1,0.1,89.16
ORD-1594,2024-01-09 22:43:38.509254,CUST-0125,Office Supplies,West,110.08,10,0.1,17.49
ORD-1595,2024-11-08 01:09:52.496248,CUST-0037,Furniture,South,523.8,2,0.0,66.54
ORD-1596,2024-12-21 12:07:33.826913,CUST-0170,Office Supplies,South,45.66,2,0.3,-26.89
ORD-1597,2023-07-26 16:38:25.152576,CUST-0124,Furniture,West,446.5,1,0.0,94.18
ORD-1598,2023-05-16 02:49:17.078539,,furniture,East,321.01,8,0.0,-10.56
ORD-1599,2023-12-08 10:41:50.455227,CUST-0087,furniture,South,50.47,6,0.2,57.56
ORD-1600,2024-12-07 06:18:54.567283,CUST-0134,Technology,South,315.46,6,0.0,-59.19
ORD-1601,2023-08-30 00:29:32.086043,CUST-0196,Office Supplies,North,149.18,10,0.0,31.49
ORD-1602,2024-06-14 23:24:42.141070,CUST-0274,furniture,North,111.63,10,0.1,41.29
ORD-1603,2023-12-20 11:55:19.059529,CUST-0201,Office Supplies,East,138.79,9,0.0,-10.88
ORD-1604,2024-05-01 10:09:25.482741,CUST-0285,Office Supplies,South,63.94,5,0.0,23.41
ORD-1605,2024-02-28 14:41:00.030015,CUST-0077,Technology,North,11.8,4,0.1,45.73
ORD-1606,2023-03-15 09:38:26.953476,CUST-0059,Furniture,West,669.14,11,0.1,63.8
ORD-1607,2024-06-16 19:14:01.020510,CUST-0126,Furniture,East,232.26,6,0.0,36.01
ORD-1608,2023-04-24 22:29:14.077038,CUST-0109,Technology,South,700.77,8,,109.95
ORD-1609,2023-02-12 08:40:06.003001,CUST-0224,Furniture,North,77.97,14,0.0,99.5
ORD-1610,2024-09-08 19:02:29.474737,CUST-0278,Office Supplies,East,172.08,1,0.2,28.16
ORD-1611,2023-12-08 19:27:42.231115,CUST-0068,Office Supplies,North,49.31,7,0.0,-49.82
ORD-1612,2024-10-28 19:45:42.771385,CUST-0069,furniture,North,305.67,8,0.1,0.78
ORD-1613,2023-07-29 14:45:19.359679,CUST-0165,TECH,West,199.75,9,0.0,-103.75
ORD-1614,2023-03-30 17:44:41.540770,CUST-0162,furniture,North,129.35,11,0.0,19.01
ORD-1615,2023-07-15 17:42:31.875937,CUST-0042,Office Supplies,North,44.82,8,0.0,114.11
ORD-1616,2024-08-16 10:07:15.817908,CUST-0109,Furniture,South,223.11,7,0.1,77.46
ORD-1617,2023-01-28 00:33:51.415707,CUST-0051,Office Supplies,East,489.25,3,0.1,35.01
ORD-1618,2024-10-29 22:03:18.099049,CUST-0250,Furniture,East,275.72,2,0.0,-13.65
ORD-1619,2023-05-21 14:17:13.716858,CUST-0021,Furniture,East,475.52,3,,37.34
ORD-1620,2024-12-04 08:12:00.360180,CUST-0300,Office Supplies,North,588.4,4,0.0,157.87
ORD-1621,2024-03-26 06:28:59.669834,CUST-0139,Office Supplies,North,210.13,4,0.1,119.26
ORD-1622,2023-06-23 02:19:01.770885,CUST-0092,TECH,South,116.46,6,0.0,20.98
ORD-1623,2023-06-02 06:44:50.545272,CUST-0280,Furniture,North,318.53,12,0.1,-58.92
ORD-1624,2023-05-07 08:28:34.457228,CUST-0125,Office Supplies,West,312.06,7,0.2,162.49
ORD-1625,2024-07-20 18:19:16.178089,CUST-0111,Furniture,,260.29,12,0.1,-13.73
ORD-1626,2023-08-22 08:26:24.792396,CUST-0139,TECH,East,342.14,4,0.0,61.8
ORD-1627,2023-12-09 12:59:25.782891,CUST-0273,Technology,South,119.77,10,0.0,-63.52
ORD-1628,2023-12-15 09:13:14.197098,CUST-0099,furniture,West,112.72,6,0.2,10.61
ORD-1629,2023-11-16 12:50:03.901950,CUST-0252,TECH,North,426.36,9,0.0,-63.77
ORD-1630,2023-10-06 06:27:33.226613,CUST-0104,Office Supplies,North,147.45,14,0.0,-39.71
ORD-1631,2024-03-14 22:47:14.617308,CUST-0214,Office Supplies,North,285.86,6,0.0,-25.48
ORD-1632,2024-03-16 01:04:49.944972,CUST-0249,Office Supplies,East,218.51,14,0.0,58.62
ORD-1633,2023-08-31 02:47:07.413706,CUST-0152,Office Supplies,West,180.15,3,0.0,24.23
ORD-1634,2023-01-09 18:20:42.621310,CUST-0250,Office Supplies,North,328.13,1,0.3,192.74
ORD-1635,2024-12-27 17:07:14.017008,CUST-0275,Office Supplies,South,269.48,11,0.2,98.03
ORD-1636,2024-03-15 07:33:06.393196,CUST-0165,TECH,West,156.14,10,0.1,99.33
ORD-1637,2023-09-16 21:56:49.104552,CUST-0008,TECH,South,414.43,10,0.0,60.22
ORD-1638,2024-07-10 12:55:06.453226,CUST-0284,Technology,West,215.88,13,0.1,46.56
ORD-1639,2024-11-17 04:16:26.893446,CUST-0005,Technology,North,287.59,5,0.1,101.34
ORD-1640,2024-03-08 09:01:42.651325,CUST-0145,Technology,South,72.45,10,0.1,-112.87
ORD-1641,2023-03-06 06:31:52.556278,CUST-0101,Furniture,North,67.87,10,0.0,-7.33
ORD-1642,2023-04-14 17:05:04.352176,CUST-0164,Furniture,South,47.09,3,,-51.63
ORD-1643,2023-01-23 15:23:30.105052,CUST-0147,Technology,North,195.73,8,0.1,-83.06
ORD-1644,2024-01-01 21:54:39.439719,CUST-0064,Technology,West,75.54,10,,-16.12
ORD-1645,2023-08-30 09:15:23.861930,CUST-0091,Furniture,East,186.05,1,0.0,-38.87
ORD-1646,2023-08-31 20:18:50.965482,CUST-0117,TECH,West,525.25,11,0.0,101.65
ORD-1647,2023-02-26 14:28:45.262631,CUST-0267,Furniture,West,94.84,2,0.0,35.5
ORD-1648,2024-11-26 16:08:53.066533,CUST-0173,Office Supplies,North,,3,0.2,-90.6
ORD-1649,2024-06-28 20:27:29.624812,CUST-0047,Technology,East,200.9,3,0.0,48.84
ORD-1650,2024-01-27 11:25:03.751875,CUST-0140,Furniture,East,41.45,12,0.3,-30.73
ORD-1651,2023-12-19 18:23:35.507753,CUST-0246,Furniture,East,90.45,8,0.3,33.74
ORD-1652,2023-11-06 16:11:45.952976,CUST-0149,Office Supplies,East,54.09,5,0.2,53.62
ORD-1653,2024-02-09 06:10:15.907953,CUST-0246,Technology,West,173.62,8,0.2,-15.03
ORD-1654,2024-05-20 09:54:17.828914,CUST-0005,Office Supplies,South,704.7,11,0.2,43.04
ORD-1655,2023-09-09 05:53:41.810905,CUST-0184,Technology,South,113.03,14,0.2,54.12
ORD-1656,2023-02-23 16:21:51.055527,CUST-0020,Office Supplies,North,138.49,11,0.0,20.14
ORD-1657,2024-08-26 15:31:25.542771,CUST-0046,Furniture,South,68.31,6,0.2,-13.18
ORD-1658,2023-05-05 12:39:15.577788,CUST-0012,TECH,East,162.64,12,0.3,30.19
ORD-1659,2023-06-23 11:04:53.546773,CUST-0070,Furniture,South,700.5,2,0.0,21.63
ORD-1660,2024-02-01 14:07:08.614307,CUST-0017,TECH,East,272.42,11,,48.99
ORD-1661,2024-09-21 13:47:41.630815,CUST-0147,Office Supplies,West,156.25,4,0.0,14.17
ORD-1662,2024-05-20 01:08:26.053026,CUST-0154,TECH,North,606.76,9,0.0,-41.52
ORD-1663,2023-07-24 12:03:14.497248,CUST-0108,Furniture,East,439.79,4,0.0,19.86
ORD-1664,2023-04-30 01:11:18.939469,CUST-0236,Office Supplies,North,79.12,5,0.0,49.6
ORD-1665,2024-10-16 09:46:22.391195,CUST-0070,Furniture,West,,5,0.3,41.11
ORD-1666,2024-10-04 08:32:53.786893,CUST-0183,Furniture,South,51.27,10,,23.34
ORD-1667,2024-03-01 01:44:27.133566,CUST-0250,Technology,West,252.24,8,0.2,0.8
ORD-1668,2023-12-28 03:58:26.353176,CUST-0228,Furniture,East,297.33,6,,-2.3
ORD-1669,2023-03-20 03:34:40.040020,CUST-0102,Office Supplies,North,167.0,10,0.0,3.93
ORD-1670,2023-06-08 11:44:30.735367,CUST-0075,Furniture,East,338.7,7,0.0,94.57
ORD-1671,2024-11-29 23:01:39.049524,CUST-0216,Office Supplies,West,253.08,6,0.1,-26.87
ORD-1672,2023-12-14 06:55:38.869434,CUST-0203,Technology,East,475.4,14,0.3,35.46
ORD-1673,2023-09-21 15:53:02.191095,CUST-0192,Office Supplies,North,269.57,14,0.0,-45.48
ORD-1674,2024-05-04 17:02:11.465732,CUST-0249,Technology,North,166.64,14,,75.88
ORD-1675,2023-01-12 07:41:45.052526,CUST-0242,Technology,West,199.83,5,0.1,-2.17
ORD-1676,2023-09-02 07:22:18.069034,CUST-0179,furniture,South,189.65,5,,-19.54
ORD-1677,2023-04-14 17:05:04.352176,CUST-0219,Office Supplies,South,155.18,3,0.0,42.93
ORD-1678,2024-04-29 23:05:58.379189,CUST-0082,Technology,North,197.32,7,0.1,-117.64
ORD-1679,2023-06-06 07:09:20.080040,CUST-0092,TECH,North,111.5,13,0.2,-47.97
ORD-1680,2024-07-01 18:34:23.831915,CUST-0175,Technology,East,,10,0.2,51.65
ORD-1681,2023-04-15 01:50:56.128064,CUST-0239,Office Supplies,North,100.27,5,0.0,90.88
ORD-1682,2024-03-02 04:02:02.461230,CUST-0260,Technology,East,273.51,7,,57.06
ORD-1683,2024-06-12 10:03:39.709854,CUST-0163,Technology,East,231.05,2,0.3,38.37
ORD-1684,2024-01-16 12:29:10.475237,CUST-0048,Technology,,158.28,9,0.0,174.62
ORD-1685,2023-01-07 04:59:40.190095,CUST-0116,Furniture,North,65.8,8,0.0,59.48
ORD-1686,2023-10-08 11:02:43.881940,CUST-0225,Furniture,West,28.93,5,0.1,-32.67
ORD-1687,2023-08-04 02:13:15.997999,CUST-0147,furniture,West,241.46,2,0.1,91.48
ORD-1688,2024-05-24 01:32:55.587793,CUST-0063,Office Supplies,North,258.01,6,0.2,-8.46
ORD-1689,2024-03-13 11:43:47.513756,CUST-0294,Technology,East,195.51,8,0.0,-12.49
ORD-1690,2024-01-04 11:15:41.870935,CUST-0013,Office Supplies,East,325.21,7,0.1,-52.86
ORD-1691,2023-03-12 11:31:32.746373,CUST-0189,Office Supplies,East,155.31,8,0.1,5.32
ORD-1692,2023-07-02 22:57:19.719859,CUST-0287,Furniture,West,227.33,4,0.0,-43.77
ORD-1693,2023-12-27 10:26:42.801400,CUST-0208,Furniture,North,57.49,14,0.1,63.45
ORD-1694,2024-02-19 20:20:17.408704,CUST-0114,TECH,East,292.74,3,0.0,22.48
ORD-1695,2023-02-11 06:22:30.675337,CUST-0022,furniture,North,353.96,7,0.0,-51.66
ORD-1696,2024-03-30 15:39:20.980490,CUST-0214,Technology,East,119.52,2,0.1,25.14
ORD-1697,2024-09-13 04:12:50.785392,CUST-0171,Office Supplies,North,588.07,14,,89.63
ORD-1698,2023-12-12 11:06:19.989995,CUST-0054,Technology,,178.74,5,0.0,127.34
ORD-1699,2023-10-31 02:26:13.986993,CUST-0298,Technology,North,109.13,13,0.0,-77.38
ORD-1700,2024-08-31 18:13:30.405202,CUST-0126,Office Supplies,South,153.91,7,0.0,-16.7
ORD-1701,2024-12-02 03:36:49.704852,CUST-0277,Furniture,South,228.0,1,0.0,-47.36
ORD-1702,2024-04-14 23:45:35.567783,CUST-0204,Technology,West,614.76,4,0.1,51.21
ORD-1703,2023-12-04 10:17:20.920460,CUST-0194,Technology,North,127.63,2,0.2,-54.53
ORD-1704,2023-01-20 17:16:35.897948,CUST-0169,TECH,South,170.77,6,0.0,93.55
ORD-1705,2024-11-22 15:44:23.531765,CUST-0152,Furniture,West,206.27,12,,102.22
ORD-1706,2024-08-31 09:27:38.629314,CUST-0035,Technology,East,55.96,1,0.0,79.09
ORD-1707,2023-10-19 18:44:28.934467,CUST-0184,Office Supplies,South,126.4,7,0.3,-13.04
ORD-1708,2023-10-11 17:55:29.864932,CUST-0286,Office Supplies,North,152.86,3,0.3,-9.26
ORD-1709,2024-06-24 20:03:00.090045,CUST-0057,Furniture,East,138.3,12,0.1,2.6
ORD-1710,2024-11-25 05:05:25.962981,CUST-0222,Office Supplies,West,121.7,1,0.0,96.3
ORD-1711,2023-02-28 19:03:55.917958,CUST-0163,Office Supplies,South,267.5,8,0.1,-71.88
ORD-1712,2024-05-27 08:25:41.570785,CUST-0019,Office Supplies,North,173.58,7,0.1,53.17
ORD-1713,2023-02-01 09:44:12.726363,CUST-0264,Technology,North,121.52,2,0.3,-26.01
ORD-1714,2023-01-20 17:16:35.897948,CUST-0282,Technology,North,136.21,7,0.1,4.83
ORD-1715,2024-07-01 09:48:32.056028,CUST-0113,Office Supplies,North,243.24,3,0.1,74.17
ORD-1716,2024-10-27 17:28:07.443721,CUST-0030,TECH,North,122.6,13,0.3,-60.93
ORD-1717,2024-03-14 14:01:22.841420,CUST-0135,Office Supplies,North,268.64,9,,13.34
ORD-1718,2024-05-31 08:50:11.105552,CUST-0067,Furniture,North,276.86,8,0.1,22.27
ORD-1719,2024-05-16 00:43:56.518259,CUST-0065,Technology,North,178.42,5,0.3,27.76
ORD-1720,2024-01-12 12:04:40.940470,CUST-0292,Furniture,West,179.1,7,0.1,23.81
ORD-1721,2023-10-31 19:57:57.538769,CUST-0025,Office Supplies,West,262.6,3,0.2,63.4
ORD-1722,2023-04-24 22:29:14.077038,CUST-0037,Furniture,,327.44,1,0.2,2.88
ORD-1723,2023-10-04 19:24:06.123061,CUST-0001,Furniture,East,137.21,1,0.2,51.92
ORD-1724,2024-11-09 12:13:19.599799,,furniture,East,266.25,11,0.0,49.79
ORD-1725,2023-06-11 09:51:24.942471,CUST-0141,Office Supplies,West,203.07,2,0.1,47.16
ORD-1726,2024-10-15 16:14:38.839419,CUST-0232,Office Supplies,South,77.02,8,0.1,61.67
ORD-1727,2023-04-30 09:57:10.715357,CUST-0136,Furniture,East,251.8,1,0.0,46.92
ORD-1728,2024-01-29 07:14:22.631315,CUST-0188,Technology,West,534.65,11,0.0,24.62
ORD-1729,2023-10-05 12:55:49.674837,CUST-0128,Office Supplies,East,185.64,12,0.2,-46.14
ORD-1730,2024-04-05 20:39:01.170585,CUST-0201,Technology,North,555.9,5,0.1,111.43
ORD-1731,2024-04-02 05:00:23.411705,CUST-0127,Office Supplies,East,46.11,9,0.0,131.68
ORD-1732,2023-07-31 01:48:46.463231,CUST-0257,Furniture,West,237.54,12,0.3,8.44
ORD-1733,2024-01-28 04:56:47.303651,CUST-0164,Office Supplies,West,119.08,9,0.3,57.38
ORD-1734,2024-08-18 23:28:18.249124,CUST-0035,Furniture,South,209.81,2,0.1,-2.86
ORD-1735,2024-08-17 03:38:59.369684,CUST-0194,Office Supplies,West,58.09,7,0.0,-13.21
ORD-1736,2024-01-03 08:58:06.543271,CUST-0191,Office Supplies,East,440.54,11,,33.32
ORD-1737,2024-04-14 23:45:35.567783,CUST-0104,TECH,West,87.97,1,0.3,198.45
ORD-1738,2024-06-10 05:28:29.054527,CUST-0023,Furniture,South,119.1,3,0.0,125.72
ORD-1739,2024-10-28 19:45:42.771385,CUST-0265,Technology,North,199.71,6,0.0,116.73
ORD-1740,2023-02-04 16:36:58.709354,CUST-0290,Furniture,,95.3,9,0.1,61.13
ORD-1741,2024-02-10 17:13:43.011505,CUST-0260,Office Supplies,South,92.54,10,0.2,-25.05
ORD-1742,2024-02-07 01:35:05.252626,CUST-0075,Office Supplies,East,199.93,2,0.0,92.21
ORD-1743,2024-04-23 18:06:18.189094,CUST-0072,TECH,North,208.26,7,0.1,-140.53
ORD-1744,2024-02-22 09:41:19.839919,CUST-0259,Furniture,West,153.81,4,0.1,53.45
ORD-1745,2023-10-24 21:26:33.796898,CUST-0188,Furniture,North,297.62,2,0.3,95.87
ORD-1746,2023-06-28 22:32:50.185092,CUST-0173,Office Supplies,West,169.34,3,0.1,39.09
ORD-1747,2024-12-07 15:04:46.343171,CUST-0290,Furniture,West,64.23,6,0.1,129.56
ORD-1748,2023-06-14 16:44:10.925462,CUST-0045,Furniture,South,22.87,10,,-55.55
ORD-1749,2024-07-10 04:09:14.677338,CUST-0061,Office Supplies,East,170.69,9,0.0,126.04
ORD-1750,2023-03-01 21:21:31.245622,CUST-0083,Furniture,South,59.6,8,0.0,20.54
ORD-1751,2023-03-08 02:21:11.435717,CUST-0123,Furniture,East,315.79,10,0.2,117.05
ORD-1752,2023-06-20 21:43:51.115557,CUST-0016,Technology,East,4.18,14,0.0,91.21
ORD-1753,2023-11-28 22:49:24.282141,CUST-0066,Office Supplies,South,265.17,11,0.3,120.84
ORD-1754,2023-09-26 01:03:23.501750,CUST-0145,Furniture,North,77.92,9,0.0,88.53
ORD-1755,2023-10-28 04:19:19.779889,CUST-0162,Office Supplies,North,306.04,4,0.0,71.52
ORD-1756,2023-12-11 08:48:44.662331,CUST-0234,Technology,East,74.26,12,,111.97
ORD-1757,2023-01-03 04:35:10.655327,CUST-0144,Office Supplies,West,618.09,4,0.1,33.33
ORD-1758,2023-05-01 03:28:54.267133,CUST-0188,Office Supplies,North,599.33,9,0.2,66.14
ORD-1759,2023-10-10 15:37:54.537268,CUST-0013,Furniture,North,406.15,8,0.0,29.78
ORD-1760,2024-09-11 08:23:31.905952,CUST-0184,Office Supplies,West,262.71,12,0.0,-11.15
ORD-1761,2023-02-24 18:39:26.383191,CUST-0111,Office Supplies,South,27.95,2,0.3,61.62
ORD-1762,2024-02-09 14:56:07.683841,CUST-0290,Technology,North,58.63,8,0.0,41.8
ORD-1763,2023-02-23 07:35:59.279639,CUST-0295,furniture,South,103.28,1,0.1,105.42
ORD-1764,2024-08-24 10:56:14.887443,CUST-0215,Technology,North,79.77,9,0.0,18.46
ORD-1765,2024-05-27 17:11:33.346673,CUST-0120,Office Supplies,North,269.03,9,0.0,-15.64
ORD-1766,2023-11-30 18:38:43.161580,CUST-0055,Office Supplies,East,94.84,13,0.2,104.58
ORD-1767,2024-07-27 16:50:39.919959,CUST-0027,Office Supplies,West,266.46,8,0.3,33.8
ORD-1768,2024-04-22 15:48:42.861430,CUST-0118,Furniture,South,291.89,11,0.2,-17.47
ORD-1769,2023-09-13 06:18:11.345672,CUST-0221,Furniture,East,413.6,5,0.2,113.34
ORD-1770,2023-01-30 13:54:53.846923,CUST-0231,Technology,East,506.83,5,0.1,85.61
ORD-1771,2023-07-07 08:07:41.030515,CUST-0053,Office Supplies,West,238.18,13,0.1,140.93
ORD-1772,2024-12-02 03:36:49.704852,CUST-0295,Office Supplies,East,499.23,3,0.2,9.55
ORD-1773,2023-10-25 06:12:25.572786,CUST-0233,Office Supplies,South,130.15,5,0.0,1.15
ORD-1774,2023-09-16 13:10:57.328664,CUST-0158,Office Supplies,South,217.23,4,0.0,-35.19
ORD-1775,2024-12-09 02:08:13.446723,CUST-0269,Furniture,West,512.14,1,,-4.01
ORD-1776,2024-07-18 13:44:05.522761,CUST-0021,furniture,East,266.91,9,0.0,6.82
ORD-1777,2023-09-30 01:27:53.036518,CUST-0053,Furniture,North,98.7,10,0.0,70.98
ORD-1778,2024-01-09 05:11:54.957478,CUST-0275,Technology,North,191.0,14,0.1,-25.76
ORD-1779,2024-05-29 13:00:52.226113,CUST-0281,Technology,,645.75,4,0.2,-9.8
ORD-1780,2023-09-15 19:39:13.776888,CUST-0214,Technology,North,32.09,3,0.1,131.8
ORD-1781,2023-06-21 15:15:34.667333,CUST-0031,Office Supplies,West,141.59,6,0.0,-145.86
ORD-1782,2024-02-22 00:55:28.064032,CUST-0183,Furniture,West,1063.13,1,,58.82
ORD-1783,2023-05-25 05:55:51.475737,CUST-0023,Office Supplies,,297.61,5,0.2,-47.42
ORD-1784,2024-07-21 20:36:51.505752,CUST-0032,Technology,North,257.48,7,0.3,-18.32
ORD-1785,2023-04-05 22:44:21.730865,,Office Supplies,North,104.29,2,0.0,115.4
ORD-1786,2023-10-21 14:33:47.813906,CUST-0010,furniture,East,124.24,10,0.0,34.29
ORD-1787,2023-12-07 17:10:06.903451,CUST-0054,Office Supplies,North,122.34,9,0.0,189.42
ORD-1788,2024-04-12 01:38:41.360680,CUST-0052,Office Supplies,North,168.49,12,0.0,67.61
ORD-1789,2024-10-03 15:01:10.235117,CUST-0148,Office Supplies,West,365.53,6,0.0,-19.78
ORD-1790,2023-11-27 03:00:05.402701,CUST-0160,Office Supplies,West,369.51,2,0.0,63.46
ORD-1791,2024-04-01 02:42:48.084042,CUST-0014,Office Supplies,West,282.67,8,0.1,97.8
ORD-1792,2024-01-28 22:28:30.855427,CUST-0178,Technology,East,185.31,8,0.2,61.32
ORD-1793,2023-12-09 21:45:17.558779,CUST-0053,Technology,East,18.53,1,0.2,17.08
ORD-1794,2024-11-21 04:40:56.428214,CUST-0022,furniture,West,462.43,12,0.0,-71.46
ORD-1795,2024-07-10 04:09:14.677338,CUST-0030,furniture,North,333.06,1,0.1,10.65
ORD-1796,2024-07-12 08:44:25.332666,CUST-0191,furniture,East,467.81,1,0.0,130.06
ORD-1797,2023-11-08 12:01:04.832416,CUST-0260,Furniture,West,106.68,12,0.1,-17.8
ORD-1798,2024-05-21 12:11:53.156578,CUST-0205,Technology,South,126.56,4,0.1,5.29
ORD-1799,2024-04-20 19:59:23.981991,CUST-0059,Furniture,North,1018.49,4,0.1,89.6
ORD-1800,2023-08-05 04:30:51.325662,CUST-0264,Furniture,North,38.29,8,0.3,67.18
ORD-1801,2023-09-18 09:00:16.208104,CUST-0012,Technology,West,307.4,1,0.3,-48.59
ORD-1802,2024-03-07 06:44:07.323661,CUST-0119,Office Supplies,North,414.99,10,0.1,23.48
ORD-1803,2023-08-19 10:19:30.585292,CUST-0290,Furniture,East,25.91,3,0.3,114.42
ORD-1804,2023-01-22 04:20:03.001500,CUST-0248,Furniture,South,192.33,11,0.2,31.59
ORD-1805,2024-10-01 01:40:07.803901,,Furniture,East,161.69,1,0.3,115.87
ORD-1806,2023-02-16 09:04:35.537768,CUST-0075,TECH,North,60.22,9,0.1,119.27
ORD-1807,2023-09-26 09:49:15.277638,CUST-0204,Furniture,West,324.96,10,0.1,-25.66
ORD-1808,2023-09-20 22:21:18.639319,,Furniture,North,52.37,12,0.2,12.3
ORD-1809,2024-11-26 16:08:53.066533,CUST-0079,Office Supplies,North,237.19,9,0.0,69.46
ORD-1810,2024-02-20 13:52:00.960480,CUST-0241,Office Supplies,West,113.88,7,0.2,-62.26
ORD-1811,2024-03-25 21:43:07.893946,CUST-0154,TECH,East,7.5,13,,16.62
ORD-1812,2023-07-11 17:18:02.341170,CUST-0274,Furniture,North,123.87,12,0.2,62.77
ORD-1813,2023-07-09 21:28:43.461730,CUST-0096,Office Supplies,,120.68,8,0.0,-7.34
ORD-1814,2023-07-21 05:10:28.514257,CUST-0214,Technology,South,324.55,1,0.0,65.29
ORD-1815,2024-12-25 21:17:55.137568,CUST-0294,TECH,East,328.37,5,0.3,-6.01
ORD-1816,2023-03-28 04:23:39.109554,CUST-0209,Technology,West,220.23,14,,-6.68
ORD-1817,2024-04-21 04:45:15.757878,CUST-0088,furniture,South,119.18,2,0.0,74.65
ORD-1818,2024-05-19 16:22:34.277138,CUST-0264,Furniture,West,217.89,13,0.3,112.08
ORD-1819,2024-03-22 23:36:13.686843,CUST-0157,Office Supplies,North,193.5,1,0.3,-12.64
ORD-1820,2024-10-12 09:21:52.856428,CUST-0156,Office Supplies,South,134.57,3,0.0,-42.68
ORD-1821,2024-04-20 02:27:40.430215,CUST-0139,furniture,South,411.32,7,0.3,27.76
ORD-1822,2024-04-04 09:35:34.067033,CUST-0121,Furniture,West,59.96,1,0.0,58.01
ORD-1823,2023-06-30 00:50:25.512756,CUST-0065,Furniture,West,99.71,11,0.1,-13.24
ORD-1824,2023-01-02 02:17:35.327663,CUST-0107,Office Supplies,West,444.09,2,0.1,129.64
ORD-1825,2023-08-31 20:18:50.965482,CUST-0147,Furniture,North,153.27,2,0.2,21.19
ORD-1826,2023-06-11 01:05:33.166583,CUST-0137,Furniture,West,278.38,4,0.2,-13.76
ORD-1827,2023-01-11 05:24:09.724862,CUST-0162,TECH,East,,12,0.1,145.9
ORD-1828,2024-02-18 09:16:50.305152,CUST-0100,Office Supplies,West,243.37,3,0.3,105.99
ORD-1829,2023-08-11 09:30:31.515757,CUST-0141,Technology,East,134.32,3,0.3,-13.65
ORD-1830,2024-10-01 01:40:07.803901,CUST-0083,Technology,North,69.92,10,0.2,94.03
ORD-1831,2023-10-21 14:33:47.813906,CUST-0177,Office Supplies,North,157.47,5,0.1,-9.35
ORD-1832,2023-01-28 00:33:51.415707,CUST-0198,Furniture,West,437.39,3,0.0,76.05
ORD-1833,2023-11-02 15:47:16.418209,CUST-0112,Furniture,West,78.76,11,0.1,136.64
ORD-1834,2024-03-02 21:33:46.013006,CUST-0056,Office Supplies,South,31.27,7,0.3,-42.53
ORD-1835,2023-02-16 09:04:35.537768,CUST-0179,Technology,East,297.19,5,0.0,-2.27
ORD-1836,2024-11-16 01:58:51.565782,CUST-0186,Office Supplies,North,42.06,4,,-0.95
ORD-1837,2023-01-15 23:20:22.811405,CUST-0218,Furniture,South,279.08,12,0.3,45.94
ORD-1838,2024-05-18 14:04:58.949474,CUST-0217,Office Supplies,West,88.36,3,0.2,58.4
ORD-1839,2023-01-15 14:34:31.035517,CUST-0120,TECH,North,295.19,12,0.2,24.65
ORD-1840,2023-12-07 17:10:06.903451,CUST-0175,furniture,South,353.51,4,0.1,-70.91
ORD-1841,2023-01-13 01:13:28.604302,CUST-0023,furniture,East,,14,0.2,-43.86
ORD-1842,2024-01-15 18:57:26.923461,CUST-0213,Technology,West,346.6,12,0.1,-23.01
ORD-1843,2024-09-12 19:26:59.009504,CUST-0235,Office Supplies,West,226.57,2,0.3,63.59
ORD-1844,2024-03-05 10:54:48.444222,CUST-0013,Technology,East,239.81,1,0.2,-53.71
ORD-1845,2023-12-31 02:05:20.560280,CUST-0101,Furniture,South,46.13,3,0.2,-24.82
ORD-1846,2024-05-26 14:53:58.019009,CUST-0024,Technology,South,170.95,11,0.2,-38.02
ORD-1847,2023-08-03 08:41:32.446223,CUST-0011,Technology,South,155.65,2,0.0,50.48
ORD-1848,2024-08-15 07:49:40.490245,CUST-0273,Furniture,East,431.26,1,0.0,97.9
ORD-1849,2024-08-26 06:45:33.766883,CUST-0281,Technology,East,,1,0.3,39.25
ORD-1850,2024-11-23 18:01:58.859429,CUST-0094,TECH,North,127.08,2,0.0,149.61
ORD-1851,2023-05-05 12:39:15.577788,CUST-0201,Office Supplies,East,234.4,13,0.1,39.24
ORD-1852,2023-01-10 11:52:26.173086,CUST-0021,furniture,North,181.84,13,0.1,24.35
ORD-1853,2024-11-05 20:34:41.840920,,Furniture,West,453.81,9,0.0,-17.05
ORD-1854,2024-04-23 09:20:26.413206,CUST-0140,Office Supplies,North,52.99,13,0.0,42.18
ORD-1855,2023-08-24 13:01:35.447723,CUST-0293,Office Supplies,North,192.65,13,0.3,-19.61
ORD-1856,2023-09-24 13:59:56.398199,CUST-0298,Office Supplies,West,345.76,5,0.1,-28.74
ORD-1857,2023-03-02 23:39:06.573286,CUST-0101,TECH,East,53.16,9,0.1,-30.45
ORD-1858,2023-08-11 09:30:31.515757,CUST-0028,furniture,West,125.24,8,,16.55
ORD-1859,2023-04-08 12:05:24.162081,CUST-0041,Technology,West,149.67,13,0.0,-0.01
ORD-1860,2024-10-09 02:29:06.873436,CUST-0146,Office Supplies,North,184.82,11,0.0,189.28
ORD-1861,2023-10-27 10:47:36.228114,CUST-0256,TECH,South,23.74,6,0.2,42.56
ORD-1862,2023-06-15 19:01:46.253126,CUST-0227,Furniture,North,342.95,1,0.2,41.58
ORD-1863,2023-11-27 11:45:57.178589,CUST-0236,furniture,,355.34,10,0.1,-3.12
ORD-1864,2024-09-15 17:33:53.216608,,Office Supplies,West,243.6,5,,213.93
ORD-1865,2024-06-04 00:28:48.864432,CUST-0210,Furniture,East,80.46,12,,-25.44
ORD-1866,2023-12-03 07:59:45.592796,CUST-0229,Technology,West,109.78,1,0.0,1.58
ORD-1867,2023-12-24 21:05:40.370185,CUST-0100,Furniture,North,54.65,7,0.0,89.95
ORD-1868,2024-07-01 09:48:32.056028,,Furniture,West,383.31,10,0.3,42.14
ORD-1869,2023-09-13 23:49:54.897448,CUST-0016,Office Supplies,South,84.3,14,0.0,-46.38
ORD-1870,2023-08-20 03:51:14.137068,CUST-0137,Furniture,North,81.08,11,0.0,31.64
ORD-1871,2024-07-31 08:29:17.678839,CUST-0166,Furniture,South,107.12,8,0.2,70.78
ORD-1872,2024-08-06 22:14:49.644822,CUST-0100,Furniture,South,505.38,8,0.1,60.72
ORD-1873,2023-02-17 02:36:19.089544,CUST-0109,Office Supplies,East,161.36,7,0.1,69.67
ORD-1874,2024-01-08 02:54:19.629814,CUST-0173,Furniture,West,97.96,2,0.0,161.14
ORD-1875,2024-11-04 18:17:06.513256,CUST-0237,Technology,North,330.28,5,0.2,46.29
ORD-1876,2024-05-21 03:26:01.380690,CUST-0162,Furniture,East,253.61,4,0.1,77.74
ORD-1877,2024-09-23 00:51:08.734367,CUST-0216,TECH,West,550.69,5,0.0,-115.45
ORD-1878,2023-10-26 17:15:52.676338,CUST-0264,furniture,North,174.54,10,0.0,141.93
ORD-1879,2023-09-10 16:57:08.914457,CUST-0263,Office Supplies,East,424.08,9,0.1,33.9
ORD-1880,2024-04-25 05:09:45.292646,CUST-0292,Technology,North,365.17,4,,-22.08
ORD-1881,2024-05-24 01:32:55.587793,CUST-0274,furniture,North,230.1,12,,18.29
ORD-1882,2023-10-17 14:09:18.279139,CUST-0003,TECH,East,48.36,8,0.0,69.75
ORD-1883,2023-01-11 05:24:09.724862,CUST-0028,Office Supplies,West,180.06,8,0.2,92.08
ORD-1884,2023-02-24 01:07:42.831415,CUST-0149,Furniture,East,,2,0.2,24.29
ORD-1885,2024-10-20 01:25:00.150075,CUST-0028,Technology,North,616.76,14,0.3,66.09
ORD-1886,2024-04-26 16:13:12.396198,CUST-0065,Technology,East,66.8,6,0.1,14.21
ORD-1887,2023-01-04 15:38:37.758879,CUST-0021,Technology,South,570.29,5,0.0,59.5
ORD-1888,2024-07-14 13:19:35.987994,CUST-0252,Office Supplies,West,63.84,2,0.2,42.38
ORD-1889,2023-09-04 11:57:28.724362,CUST-0235,furniture,East,158.8,12,0.0,48.05
ORD-1890,2024-02-19 20:20:17.408704,CUST-0227,TECH,West,514.81,10,0.0,11.34
ORD-1891,2023-03-09 22:10:30.315157,CUST-0013,Furniture,West,59.16,4,0.1,54.22
ORD-1892,2023-10-22 08:05:31.365682,CUST-0049,Furniture,West,492.46,7,,-19.59
ORD-1893,2023-09-29 07:56:09.484742,CUST-0118,Furniture,North,487.25,13,0.0,41.68
ORD-1894,2024-04-01 11:28:39.859929,CUST-0054,furniture,West,406.47,1,0.1,-8.07
ORD-1895,2024-05-01 18:55:17.258629,CUST-0138,Technology,East,163.39,9,0.0,-29.62
ORD-1896,2023-02-05 10:08:42.261130,CUST-0053,Technology,East,176.57,10,0.3,-12.33
ORD-1897,2023-01-20 17:16:35.897948,CUST-0044,Office Supplies,North,305.9,12,0.1,17.52
ORD-1898,2023-08-16 03:26:44.602301,CUST-0053,Office Supplies,North,65.72,1,0.0,-1.71
ORD-1899,2023-08-31 02:47:07.413706,CUST-0074,Office Supplies,West,511.53,12,0.0,53.78
ORD-1900,2023-10-04 10:38:14.347173,CUST-0046,Office Supplies,South,168.04,5,0.1,34.78
ORD-1901,2023-05-28 21:34:29.234617,CUST-0013,Technology,West,159.22,7,0.0,90.87
ORD-1902,2023-01-25 19:58:40.760380,CUST-0165,TECH,South,170.8,8,0.0,24.93
ORD-1903,2024-05-02 12:27:00.810405,CUST-0102,TECH,West,169.78,2,0.2,40.84
ORD-1904,2024-04-24 02:52:09.964982,CUST-0280,TECH,East,141.34,4,0.1,141.96
ORD-1905,2024-10-13 20:25:19.959979,CUST-0258,Office Supplies,South,266.91,2,0.2,3.67
ORD-1906,2024-07-27 16:50:39.919959,CUST-0138,Office Supplies,West,314.12,4,0.0,12.89
ORD-1907,2023-10-01 21:17:11.915957,CUST-0163,Technology,South,55.33,6,0.1,102.21
ORD-1908,2024-03-03 15:05:29.564782,CUST-0111,TECH,West,221.77,6,0.1,-27.41
ORD-1909,2024-06-28 02:55:46.073036,CUST-0102,Furniture,North,106.76,12,0.0,108.92
ORD-1910,2024-10-05 10:50:29.114557,CUST-0017,Office Supplies,South,16.28,13,0.1,15.79
ORD-1911,2024-04-07 16:28:20.050025,CUST-0268,Furniture,East,196.65,2,0.0,-20.0
ORD-1912,2024-07-06 21:16:28.694347,CUST-0182,Technology,South,,11,0.3,84.31
ORD-1913,2024-11-14 14:55:24.462231,CUST-0024,Office Supplies,North,120.28,4,0.1,14.93
ORD-1914,2023-12-16 11:30:49.524762,CUST-0029,Office Supplies,North,118.03,4,0.1,139.46
ORD-1915,2024-07-12 17:30:17.108554,CUST-0171,Furniture,West,71.78,14,0.0,34.87
ORD-1916,2023-05-13 22:14:06.423211,CUST-0228,Office Supplies,South,50.68,1,0.0,34.43
ORD-1917,2023-06-25 15:40:04.202101,CUST-0188,furniture,East,97.43,14,0.1,-5.17
ORD-1918,2023-03-15 00:52:35.177588,CUST-0230,Furniture,East,78.05,2,0.1,21.19
ORD-1919,2023-02-25 20:57:01.710855,CUST-0119,Technology,South,120.07,14,0.0,13.64
ORD-1920,2024-06-21 21:56:05.882941,CUST-0156,Technology,North,43.47,3,0.0,109.88
ORD-1921,2024-07-10 12:55:06.453226,CUST-0272,furniture,East,78.18,13,0.0,47.38
ORD-1922,2023-01-27 07:02:07.863931,CUST-0175,Furniture,West,239.43,11,0.1,72.33
ORD-1923,2023-09-18 00:14:24.432216,CUST-0104,TECH,West,295.88,5,0.0,35.91
ORD-1924,2023-04-18 17:29:33.886943,CUST-0092,Office Supplies,West,128.01,11,0.1,5.34
ORD-1925,2024-01-15 18:57:26.923461,CUST-0186,TECH,West,173.16,8,0.0,52.26
ORD-1926,2024-08-30 15:55:55.077538,CUST-0283,TECH,North,565.41,6,0.1,125.44
ORD-1927,2024-03-28 19:50:02.101050,CUST-0181,Furniture,East,280.49,3,0.0,-32.9
ORD-1928,2023-01-22 21:51:46.553276,CUST-0170,Furniture,South,835.91,6,0.1,55.17
ORD-1929,2023-12-09 12:59:25.782891,CUST-0187,Office Supplies,South,240.08,7,0.0,119.79
ORD-1930,2024-08-21 12:49:20.680340,CUST-0175,Office Supplies,West,40.19,6,0.0,-18.89
ORD-1931,2023-01-15 23:20:22.811405,CUST-0222,Furniture,West,142.83,10,0.1,85.32
ORD-1932,2023-01-09 18:20:42.621310,CUST-0233,Furniture,West,130.49,6,0.0,85.39
ORD-1933,2024-01-23 19:46:25.992996,CUST-0162,Office Supplies,West,359.22,1,0.0,-47.66
ORD-1934,2024-10-28 19:45:42.771385,CUST-0134,Furniture,North,333.21,3,0.3,96.63
ORD-1935,2023-02-17 11:22:10.865432,CUST-0224,Furniture,West,181.87,7,0.3,-5.65
ORD-1936,2024-07-09 10:37:31.125562,CUST-0153,Office Supplies,North,197.62,4,0.0,51.53
ORD-1937,2024-04-02 05:00:23.411705,CUST-0033,Furniture,West,85.57,12,0.3,91.45
ORD-1938,2023-02-09 01:47:20.020010,CUST-0055,Office Supplies,West,356.26,4,0.1,102.0
ORD-1939,2023-03-04 10:42:33.676838,CUST-0007,Office Supplies,East,133.45,7,0.0,-62.15
ORD-1940,2024-06-16 10:28:09.244622,CUST-0244,Office Supplies,East,42.1,9,,137.32
ORD-1941,2024-07-02 03:20:15.607803,CUST-0126,furniture,East,97.41,14,0.3,115.08
ORD-1942,2023-02-06 21:12:09.364682,CUST-0012,Office Supplies,West,135.45,11,,93.12
ORD-1943,2023-11-12 21:11:26.143071,CUST-0016,Office Supplies,South,209.24,13,0.0,51.69
ORD-1944,2023-07-10 23:46:18.789394,CUST-0208,Office Supplies,South,689.26,13,0.0,3.86
ORD-1945,2023-04-11 01:26:26.593296,CUST-0043,furniture,East,289.18,2,0.1,-34.99
ORD-1946,2024-08-20 10:31:45.352676,CUST-0135,furniture,East,32.39,9,0.1,-67.43
ORD-1947,2024-01-25 15:35:44.872436,CUST-0228,furniture,East,396.7,3,0.0,68.67
ORD-1948,2024-12-23 07:56:52.706353,CUST-0111,Technology,West,221.15,6,0.3,93.09
ORD-1949,2023-10-25 23:44:09.124562,CUST-0160,Furniture,West,192.04,4,0.1,24.92
ORD-1950,2023-12-16 02:44:57.748874,CUST-0264,Office Supplies,West,266.69,1,0.1,2.34
ORD-1951,2024-01-15 18:57:26.923461,CUST-0225,Furniture,East,212.52,9,0.1,34.19
ORD-1952,2023-05-01 03:28:54.267133,CUST-0217,TECH,East,24.99,11,0.1,-8.42
ORD-1953,2024-08-04 08:53:47.213606,CUST-0045,Technology,East,402.09,6,0.0,31.3
ORD-1954,2024-11-05 03:02:58.289144,CUST-0214,Technology,East,,8,,-11.87
ORD-1955,2024-07-09 01:51:39.349674,CUST-0059,Office Supplies,North,301.74,2,0.0,66.72
ORD-1956,2024-11-02 04:56:04.082041,CUST-0132,furniture,East,116.41,7,0.0,104.63
ORD-1957,2023-01-05 00:24:29.534767,CUST-0104,Office Supplies,West,76.67,6,0.3,60.51
ORD-1958,2024-05-04 17:02:11.465732,CUST-0195,Furniture,North,564.02,2,,25.17
ORD-1959,2024-08-12 18:28:38.059029,CUST-0157,Office Supplies,South,233.12,2,0.3,89.35
ORD-1960,2023-03-20 12:20:31.815907,CUST-0098,Office Supplies,South,298.77,4,0.3,31.13
ORD-1961,2023-05-04 10:21:40.250125,CUST-0226,Office Supplies,North,146.19,4,0.1,87.44
ORD-1962,2024-10-18 23:07:24.822411,CUST-0205,furniture,East,,3,,-8.17
ORD-1963,2023-08-30 00:29:32.086043,CUST-0079,Furniture,North,103.24,8,0.0,-0.4
ORD-1964,2024-02-08 03:52:40.580290,CUST-0124,Office Supplies,South,319.0,14,0.2,-29.33
ORD-1965,2024-10-01 01:40:07.803901,CUST-0218,Office Supplies,East,254.26,7,0.2,2.07
ORD-1966,2024-07-04 16:41:18.039019,CUST-0004,Office Supplies,North,222.8,2,0.0,88.88
ORD-1967,2023-05-17 05:06:52.406203,CUST-0090,furniture,South,126.26,3,0.1,-22.3
ORD-1968,2023-12-23 01:16:21.490745,CUST-0104,Technology,West,240.88,10,0.1,-108.27
ORD-1969,2023-09-16 21:56:49.104552,CUST-0119,Technology,East,175.09,9,0.2,5.13
ORD-1970,2024-03-22 14:50:21.910955,CUST-0133,furniture,East,138.96,13,0.0,-40.42
ORD-1971,2024-07-23 16:26:10.385192,CUST-0096,Technology,West,315.51,5,0.3,-0.26
ORD-1972,2023-06-19 19:26:15.787893,CUST-0143,Furniture,East,100.94,2,0.0,156.41
ORD-1973,2024-02-11 01:59:34.787393,CUST-0288,Technology,North,36.3,3,0.1,-23.34
ORD-1974,2024-04-16 10:49:02.671335,CUST-0028,Office Supplies,North,56.0,8,0.3,68.01
ORD-1975,2024-09-04 18:37:59.939969,CUST-0278,Furniture,East,372.72,4,0.1,25.19
ORD-1976,2024-08-05 02:25:30.765382,CUST-0233,Furniture,South,197.43,14,0.0,52.35
ORD-1977,2024-12-11 06:43:24.102051,CUST-0017,Technology,West,251.26,2,0.0,-0.56
ORD-1978,2023-06-28 05:01:06.633316,CUST-0059,Technology,East,155.83,2,0.2,99.68
ORD-1979,2024-11-24 20:19:34.187093,CUST-0090,Furniture,North,178.81,6,,55.61
ORD-1980,2024-07-24 01:12:02.161080,CUST-0199,Technology,South,367.86,8,,57.28
ORD-1981,2023-01-17 19:09:41.690845,CUST-0026,TECH,North,456.75,7,0.2,35.93
ORD-1982,2024-04-23 18:06:18.189094,CUST-0025,Furniture,South,289.55,4,0.0,105.36
ORD-1983,2023-10-11 17:55:29.864932,CUST-0267,Furniture,North,265.53,2,0.0,63.61
ORD-1984,2024-01-15 10:11:35.147573,CUST-0181,Technology,South,82.32,9,0.0,52.25
ORD-1985,2023-09-17 06:42:40.880440,CUST-0068,Office Supplies,West,265.32,4,0.0,69.16
ORD-1986,2023-05-27 01:45:10.355177,CUST-0049,Technology,North,126.99,9,0.0,-75.6
ORD-1987,2024-12-10 04:25:48.774387,CUST-0175,Furniture,,339.28,5,0.0,41.27
ORD-1988,2024-10-25 12:52:56.788394,CUST-0052,Office Supplies,North,206.03,14,0.1,26.16
ORD-1989,2023-12-24 21:05:40.370185,CUST-0102,Technology,East,18.12,12,0.0,100.12
ORD-1990,2024-02-09 23:41:59.459729,CUST-0216,Technology,West,,12,0.2,-12.06
ORD-1991,2023-04-01 22:19:52.196098,CUST-0188,furniture,North,300.85,11,,42.07
ORD-1992,2023-05-23 10:06:32.596298,CUST-0057,furniture,East,633.21,11,0.1,145.43
ORD-1993,2024-10-21 03:42:35.477738,CUST-0047,Technology,South,213.13,14,0.2,28.46
ORD-1994,2023-05-02 23:18:13.146573,CUST-0159,Technology,East,176.33,7,0.2,-49.82
ORD-1995,2023-08-18 08:01:55.257628,CUST-0174,Furniture,East,82.8,12,0.0,160.44
ORD-1996,2024-07-17 02:40:38.419209,,Office Supplies,South,97.39,5,0.0,-12.93
ORD-1997,2023-02-19 15:57:21.520760,CUST-0282,Furniture,West,305.84,2,0.0,-32.39
ORD-1998,2023-11-19 02:11:06.333166,CUST-0241,furniture,East,252.61,6,0.0,-30.02
ORD-1999,2023-09-08 21:07:50.035017,,Office Supplies,North,142.44,7,0.2,73.66
ORD-674,2023-07-10 06:14:35.237618,CUST-0291,Office Supplies,West,385.27,3,0.0,-46.01
ORD-1699,2023-10-31 02:26:13.986993,CUST-0298,Technology,North,109.13,13,0.0,-77.38
ORD-1282,2023-09-30 18:59:36.588294,CUST-0154,Office Supplies,East,24.16,3,,102.51
ORD-1315,2023-10-28 04:19:19.779889,,Office Supplies,South,144.49,14,0.0,-29.26
ORD-1210,2024-01-19 01:50:12.906453,CUST-0116,Furniture,North,362.69,1,0.0,41.02
ORD-1636,2024-03-15 07:33:06.393196,CUST-0165,TECH,West,156.14,10,0.1,99.33
ORD-613,2023-10-16 11:51:42.951475,CUST-0226,furniture,West,69.61,4,0.2,35.62
ORD-447,2024-04-21 22:16:59.309654,CUST-0181,Furniture,South,329.78,8,0.0,-27.68
ORD-1131,2024-06-04 00:28:48.864432,CUST-0205,Technology,North,92.53,5,0.2,24.32
ORD-808,2024-05-22 14:29:28.484242,CUST-0191,Furniture,West,316.61,7,0.0,-6.53
ORD-1496,2023-03-13 05:03:16.298149,CUST-0177,Furniture,North,486.11,10,0.0,62.46
ORD-1468,2024-12-20 09:49:58.499249,CUST-0017,Technology,West,222.68,4,0.2,28.73
ORD-1682,2024-03-02 04:02:02.461230,CUST-0260,Technology,East,273.51,7,,57.06
ORD-1149,2023-02-10 04:04:55.347673,CUST-0143,Office Supplies,South,,14,0.1,-18.28
ORD-442,2023-03-25 15:02:36.678339,CUST-0161,Technology,West,219.37,5,0.1,68.04
ORD-1813,2023-07-09 21:28:43.461730,CUST-0096,Office Supplies,,120.68,8,0.0,-7.34
ORD-654,2024-01-04 02:29:50.095047,CUST-0049,Furniture,East,381.75,5,0.2,-0.42
ORD-1264,2024-07-19 07:15:49.074537,CUST-0129,Furniture,East,79.95,3,0.0,-35.06
ORD-858,2024-07-16 09:08:54.867433,CUST-0120,TECH,West,412.79,13,0.0,-8.45
ORD-1482,2023-06-24 04:36:37.098549,CUST-0108,Office Supplies,West,272.72,12,0.0,-49.93
ORD-231,2024-05-12 17:51:10.535267,CUST-0280,TECH,South,341.28,5,0.2,124.75
ORD-1821,2024-04-20 02:27:40.430215,CUST-0139,furniture,South,411.32,7,0.3,27.76
ORD-1926,2024-08-30 15:55:55.077538,CUST-0283,TECH,North,565.41,6,0.1,125.44
ORD-881,2023-11-16 12:50:03.901950,CUST-0008,Furniture,North,562.09,13,0.3,46.06
ORD-631,2024-11-27 18:26:28.394197,CUST-0042,Office Supplies,West,531.84,12,0.0,52.33
ORD-375,2024-01-23 02:14:42.441220,CUST-0131,Office Supplies,North,302.57,7,0.1,6.98
ORD-1960,2023-03-20 12:20:31.815907,CUST-0098,Office Supplies,South,298.77,4,0.3,31.13
ORD-367,2024-08-05 11:11:22.541270,CUST-0066,Office Supplies,East,90.07,7,0.0,140.66
ORD-558,2024-09-20 11:30:06.303151,CUST-0144,Furniture,West,293.6,2,,51.13
ORD-275,2023-07-25 14:20:49.824912,CUST-0267,TECH,South,236.26,14,0.0,74.02
ORD-1977,2024-12-11 06:43:24.102051,CUST-0017,Technology,West,251.26,2,0.0,-0.56
ORD-874,2024-02-26 18:51:41.150575,CUST-0214,Furniture,South,189.75,1,0.0,29.96
ORD-1678,2024-04-29 23:05:58.379189,CUST-0082,Technology,North,197.32,7,0.1,-117.64
ORD-730,2023-11-06 16:11:45.952976,CUST-0166,Technology,West,363.1,10,0.1,8.88
ORD-573,2023-06-11 18:37:16.718359,CUST-0298,Office Supplies,North,59.79,7,0.0,87.03
ORD-718,2024-07-30 14:57:34.127063,CUST-0180,furniture,East,5.49,11,0.0,24.39
ORD-577,2024-01-28 22:28:30.855427,CUST-0172,Office Supplies,South,227.98,9,0.3,14.73
ORD-56,2024-07-11 23:58:33.556778,CUST-0295,furniture,South,457.22,10,0.1,51.07
ORD-868,2023-07-02 05:25:36.168084,CUST-0277,Office Supplies,North,154.77,13,0.3,21.98
ORD-1728,2024-01-29 07:14:22.631315,CUST-0188,Technology,West,534.65,11,0.0,24.62
